variant,seed,step,state,mean_action_spread,pretanh_mean_variance,mean_variance_fraction,sigma_mean
baseline,0,5001,0,0.004581134766340256,2.098942786687985e-05,1.0200050382991321e-05,0.5071678757667542
baseline,0,5001,1,0.004548909142613411,2.0696083083748817e-05,1.0116440535057336e-05,0.5056883096694946
baseline,0,5001,2,0.004917350132018328,2.418274016235955e-05,1.1800658285210375e-05,0.5061182975769043
baseline,0,5001,3,0.0035632746294140816,1.2697513739112765e-05,6.295970706560183e-06,0.5020899772644043
baseline,0,5001,4,0.004675988107919693,2.186972960771527e-05,1.0507263141334988e-05,0.510069727897644
baseline,0,5001,5,0.004426519386470318,1.9600258383434266e-05,9.513618351775222e-06,0.5074706077575684
baseline,0,5001,6,0.004451289307326078,1.981572131626308e-05,9.646603757573757e-06,0.5067228078842163
baseline,0,5001,7,0.0034118210896849632,1.1640702723525465e-05,5.766114099969855e-06,0.5023444890975952
baseline,0,5001,8,0.004605671390891075,2.1217845642240718e-05,1.0212011147814337e-05,0.509621262550354
baseline,0,5001,9,0.004253602121025324,1.8094659026246518e-05,8.837497261993121e-06,0.5058987140655518
baseline,0,5001,10,0.0037595208268612623,1.4134930097498e-05,6.990682322793873e-06,0.5027366280555725
baseline,0,5001,11,0.0026900414377450943,7.2363545768894255e-06,3.6074250147066778e-06,0.5007436275482178
baseline,0,5001,12,0.0036037415266036987,1.2987962691113353e-05,6.407368800864788e-06,0.5033663511276245
baseline,0,5001,13,0.00324628921225667,1.053885443980107e-05,5.218012120167259e-06,0.5024559497833252
baseline,0,5001,14,0.004176251124590635,1.7444723198423162e-05,8.508843166055158e-06,0.5062323212623596
baseline,0,5001,15,0.00475385133177042,2.2603111574426293e-05,1.0999938240274787e-05,0.5068056583404541
baseline,0,5001,16,0.004478189162909985,2.005502574320417e-05,9.814269105845597e-06,0.5054001808166504
baseline,0,5001,17,0.0027638389728963375,7.638834176759701e-06,3.8090352063591126e-06,0.5006799697875977
baseline,0,5001,18,0.003674281993880868,1.3501307876140345e-05,6.628238679695642e-06,0.5045943260192871
baseline,0,5001,19,0.0030346177518367767,9.209517884301022e-06,4.546346190181794e-06,0.5032005310058594
baseline,0,5001,20,0.004084557294845581,1.668542063271161e-05,8.177988092938904e-06,0.505008339881897
baseline,0,5001,21,0.004209547303617001,1.7731927073327824e-05,8.56245696922997e-06,0.5087820887565613
baseline,0,5001,22,0.003729355288669467,1.3909897461417131e-05,6.855587344034575e-06,0.5036085247993469
baseline,0,5001,23,0.0037428438663482666,1.4011102393851615e-05,6.854974799352931e-06,0.5054598450660706
baseline,0,5001,24,0.004006694536656141,1.605485158506781e-05,7.880486919020768e-06,0.5046378374099731
baseline,0,5001,25,0.004031595308333635,1.625478944333736e-05,8.01555324869696e-06,0.5034741163253784
baseline,0,5001,26,0.004109610803425312,1.6891532141016796e-05,8.22450965642929e-06,0.5066787004470825
baseline,0,5001,27,0.004046001937240362,1.6375448467442766e-05,7.9802284744801e-06,0.5064563751220703
baseline,0,5001,28,0.004391246009618044,1.9287945178803056e-05,9.309613233199343e-06,0.5088971257209778
baseline,0,5001,29,0.004651243332773447,2.1637182726408355e-05,1.0584234587440733e-05,0.5055024027824402
baseline,0,5001,30,0.004319270607084036,1.8660910427570343e-05,9.01463681657333e-06,0.5086805820465088
baseline,0,5001,31,0.0044814120046794415,2.0087933080503717e-05,9.764487913344055e-06,0.5071023106575012
baseline,0,5001,32,0.004301733803004026,1.850710941653233e-05,9.112334737437777e-06,0.5038571357727051
baseline,0,5001,33,0.0038799960166215897,1.5055779840622563e-05,7.434423878294183e-06,0.5031312704086304
baseline,0,5001,34,0.00442426698282361,1.9578517822083086e-05,9.573746865498833e-06,0.5055937767028809
baseline,0,5001,35,0.0046831113286316395,2.193807995354291e-05,1.0664984984032344e-05,0.5070743560791016
baseline,0,5001,36,0.004338136408478022,1.8822709535015747e-05,9.17065790417837e-06,0.506516695022583
baseline,0,5001,37,0.004336540121585131,1.880871241155546e-05,9.228424460161477e-06,0.5047410726547241
baseline,0,5001,38,0.003396441927179694,1.1537629688973539e-05,5.6902695177996065e-06,0.5034373998641968
baseline,0,5001,39,0.003936290740966797,1.5495588741032407e-05,7.609386557305697e-06,0.5045247077941895
baseline,0,5001,40,0.0043600876815617085,1.9018254533875734e-05,9.197511644742917e-06,0.5083969235420227
baseline,0,5001,41,0.00447817612439394,2.0056633729836904e-05,9.77063064055983e-06,0.5065478086471558
baseline,0,5001,42,0.004342203494161367,1.8866909158532508e-05,9.009740097098984e-06,0.511619508266449
baseline,0,5001,43,0.0044718156568706036,2.0011029846500605e-05,9.661484000389464e-06,0.5088216662406921
baseline,0,5001,44,0.003781124483793974,1.4301473129307851e-05,6.946447228983743e-06,0.507297158241272
baseline,0,5001,45,0.0037186886183917522,1.3831849173584487e-05,6.780125204386422e-06,0.5049805641174316
baseline,0,5001,46,0.0031275968067348003,9.782072083908133e-06,4.855592578678625e-06,0.5018202662467957
baseline,0,5001,47,0.0046006422489881516,2.117207259288989e-05,1.0280352398694959e-05,0.5073765516281128
baseline,0,5001,48,0.00471105519682169,2.2203170374268666e-05,1.0661537999112625e-05,0.5102112293243408
baseline,0,5001,49,0.004124004393815994,1.7010868759825826e-05,8.342873115907423e-06,0.5048455595970154
baseline,0,5001,50,0.003998668398708105,1.5997080481611192e-05,7.766971975797787e-06,0.5073968172073364
baseline,0,5001,51,0.0042062122374773026,1.7694277630653232e-05,8.682493898959365e-06,0.504716157913208
baseline,0,5001,52,0.004263162612915039,1.818101736716926e-05,8.82795484358212e-06,0.5073783993721008
baseline,0,5001,53,0.003310894826427102,1.0962782653223258e-05,5.41707822776516e-06,0.5029578804969788
baseline,0,5001,54,0.005534252617508173,3.0649844120489433e-05,1.4673509213025682e-05,0.510974109172821
baseline,0,5001,55,0.004298085812479258,1.8478129277355038e-05,8.92278603714658e-06,0.5087819695472717
baseline,0,5001,56,0.004221139941364527,1.7820624634623528e-05,8.739439181226771e-06,0.5048620700836182
baseline,0,5001,57,0.003779026446864009,1.4282079973781947e-05,7.042755896691233e-06,0.5034748315811157
baseline,0,5001,58,0.0037340098060667515,1.394338505633641e-05,6.88584077579435e-06,0.5031055212020874
baseline,0,5001,59,0.004934592638164759,2.4362590920645744e-05,1.1653428373392671e-05,0.5111956596374512
baseline,0,5001,60,0.003066540462896228,9.404092452314217e-06,4.655025804822799e-06,0.5025176405906677
baseline,0,5001,61,0.003476440440863371,1.2086475180694833e-05,5.95781102674664e-06,0.5035703182220459
baseline,0,5001,62,0.004002493340522051,1.6023348507587798e-05,7.743836249574088e-06,0.5085711479187012
baseline,0,5001,63,0.003947951830923557,1.558963231218513e-05,7.640923286089674e-06,0.5050081014633179
baseline,0,5001,64,0.004304203670471907,1.8532042304286733e-05,8.999676538223866e-06,0.5073422789573669
baseline,0,5001,65,0.004267208278179169,1.822474951040931e-05,8.58023213368142e-06,0.5152692794799805
baseline,0,5001,66,0.003843102604150772,1.4769968402106315e-05,7.2757347879814915e-06,0.5037379264831543
baseline,0,5001,67,0.004323319997638464,1.869398147391621e-05,9.148241588263772e-06,0.5053998231887817
baseline,0,5001,68,0.004695964511483908,2.2059039110899903e-05,1.0639874744811095e-05,0.509070098400116
baseline,0,5001,69,0.00429737800732255,1.8480111975804903e-05,8.784343663137406e-06,0.5128030180931091
baseline,0,5001,70,0.0042629549279809,1.8173663193010725e-05,8.976368917501532e-06,0.503064751625061
baseline,0,5001,71,0.00415779510512948,1.728881943563465e-05,8.525468729203567e-06,0.5034734606742859
baseline,0,5001,72,0.004906229209154844,2.407882857369259e-05,1.1587326298467815e-05,0.5096572637557983
baseline,0,5001,73,0.004361651837825775,1.90266509889625e-05,9.324336133431643e-06,0.5050392150878906
baseline,0,5001,74,0.004011845216155052,1.6099311324069276e-05,7.82141160016181e-06,0.5072410106658936
baseline,0,5001,75,0.004004757851362228,1.6040603441069834e-05,7.84050553193083e-06,0.5056983232498169
baseline,0,5001,76,0.004530740901827812,2.053178468486294e-05,9.986574696085881e-06,0.5069414973258972
baseline,0,5001,77,0.003289018990471959,1.0819393537531141e-05,5.281163339532213e-06,0.50604647397995
baseline,0,5001,78,0.004101827275007963,1.682811853243038e-05,8.218528819270432e-06,0.5059107542037964
baseline,0,5001,79,0.0035311130341142416,1.2469607099774294e-05,6.1752534747938626e-06,0.5024033784866333
baseline,0,5001,80,0.004538574256002903,2.06016848096624e-05,1.0067737093777396e-05,0.5057525634765625
baseline,0,5001,81,0.004836743697524071,2.3426928237313405e-05,1.094812250812538e-05,0.5171780586242676
baseline,0,5001,82,0.0032704875338822603,1.069639347406337e-05,5.2673121899715625e-06,0.503822922706604
baseline,0,5001,83,0.0037552444264292717,1.4103010471444577e-05,6.959533493500203e-06,0.5032911896705627
baseline,0,5001,84,0.004191933665424585,1.7576267055119388e-05,8.542519935872406e-06,0.5071346759796143
baseline,0,5001,85,0.004468943923711777,1.9982437152066268e-05,9.651535947341472e-06,0.5087199211120605
baseline,0,5001,86,0.003448289353400469,1.1892084330611397e-05,5.8639402595872525e-06,0.5034865140914917
baseline,0,5001,87,0.004404543898999691,1.940702713909559e-05,9.446079275221564e-06,0.5067650079727173
baseline,0,5001,88,0.005056753754615784,2.5574046958354302e-05,1.2378469364193734e-05,0.5081810355186462
baseline,0,5001,89,0.004984081257134676,2.4861634301487356e-05,1.193110438180156e-05,0.5103601217269897
baseline,0,5001,90,0.004540964495390654,2.063115971395746e-05,9.995290383812971e-06,0.5079451203346252
baseline,0,5001,91,0.004171485081315041,1.7406608094461262e-05,8.482424163958058e-06,0.5064657926559448
baseline,0,5001,92,0.004509608261287212,2.033963392022997e-05,9.926122402248438e-06,0.5060978531837463
baseline,0,5001,93,0.0043056923896074295,1.854389120126143e-05,9.022317499329802e-06,0.5068674087524414
baseline,0,5001,94,0.004827545024454594,2.3311484255827963e-05,1.1323466424073558e-05,0.5072798728942871
baseline,0,5001,95,0.0030261706560850143,9.157987733487971e-06,4.528024419414578e-06,0.5028049945831299
baseline,0,5001,96,0.003943003714084625,1.5548119336017407e-05,7.676978384552058e-06,0.5031495094299316
baseline,0,5001,97,0.004525173455476761,2.0482260879362002e-05,1.00000243037357e-05,0.5059890747070312
baseline,0,5001,98,0.005582544952630997,3.117786400252953e-05,1.4850563275103923e-05,0.512275218963623
baseline,0,5001,99,0.004601937718689442,2.1193052816670388e-05,1.0148181900149211e-05,0.5109227895736694
baseline,0,5001,100,0.0038299430161714554,1.4674593330710195e-05,7.090274266374763e-06,0.5086333751678467
baseline,0,5001,101,0.004801650531589985,2.306880196556449e-05,1.112651534640463e-05,0.5090792179107666
baseline,0,5001,102,0.0038574449717998505,1.4881763490848243e-05,7.335164355026791e-06,0.5035883188247681
baseline,0,5001,103,0.004656692501157522,2.1728628780692816e-05,1.017611884890357e-05,0.5166277885437012
baseline,0,5001,104,0.004175631329417229,1.744198198139202e-05,8.393986718147062e-06,0.5096438527107239
baseline,0,5001,105,0.004747921135276556,2.254975333926268e-05,1.0840178219950758e-05,0.5099237561225891
baseline,0,5001,106,0.0039309668354690075,1.545759369037114e-05,7.4576282713678665e-06,0.5090070962905884
baseline,0,5001,107,0.00491144647821784,2.41556281252997e-05,1.1314045877952594e-05,0.5165979862213135
baseline,0,5001,108,0.003207023488357663,1.028521637636004e-05,5.1111046559526585e-06,0.5015372037887573
baseline,0,5001,109,0.003891872940585017,1.5149471437325701e-05,7.433769496856257e-06,0.5047164559364319
baseline,0,5001,110,0.0052613383159041405,2.769435741356574e-05,1.3358802789298352e-05,0.5090540647506714
baseline,0,5001,111,0.0045578256249427795,2.0776067685801536e-05,1.01502791949315e-05,0.5058192014694214
baseline,0,5001,112,0.004445893224328756,1.979492481041234e-05,9.353065252071247e-06,0.5143429040908813
baseline,0,5001,113,0.004430687986314297,1.9638089725049213e-05,9.509335541224573e-06,0.5080745220184326
baseline,0,5001,114,0.004026477690786123,1.6220339603023604e-05,7.874555194575805e-06,0.5074231028556824
baseline,0,5001,115,0.0044662016443908215,1.9948920453316532e-05,9.680856237537228e-06,0.507522702217102
baseline,0,5001,116,0.003687402931973338,1.3599696103483438e-05,6.661809948127484e-06,0.5051518678665161
baseline,0,5001,117,0.0040090386755764484,1.6074329323600978e-05,7.847791493986733e-06,0.5059946775436401
baseline,0,5001,118,0.004827285651117563,2.3312430130317807e-05,1.1327356332913041e-05,0.5072029829025269
baseline,0,5001,119,0.004640991799533367,2.1542298782151192e-05,1.051941126206657e-05,0.5059446096420288
baseline,0,5001,120,0.0038927667774260044,1.5155722394410986e-05,7.432912298099836e-06,0.5048497319221497
baseline,0,5001,121,0.0033746352419257164,1.139034611696843e-05,5.583191068581073e-06,0.5049878358840942
baseline,0,5001,122,0.003634130582213402,1.3208248674345668e-05,6.5164790612470824e-06,0.5033495426177979
baseline,0,5001,123,0.003906597848981619,1.5262556189554743e-05,7.538157660746947e-06,0.5030767917633057
baseline,0,5001,124,0.003991076722741127,1.5929865185171366e-05,7.846182597859297e-06,0.5037674307823181
baseline,0,5001,125,0.0038459175266325474,1.4792914953432046e-05,7.2656252996239346e-06,0.5044797658920288
baseline,0,5001,126,0.003941741306334734,1.5540594176854938e-05,7.510619980166666e-06,0.5085680484771729
baseline,0,5001,127,0.003785027889534831,1.432879435014911e-05,6.982802460697712e-06,0.5064578056335449
baseline,0,50000,0,0.020144613459706306,0.000674710376188159,0.00016231604968197644,0.7174670100212097
baseline,0,50000,1,0.02340785041451454,0.0006815952365286648,0.00018548806838225573,0.6761924028396606
baseline,0,50000,2,0.018217546865344048,0.0004607490554917604,0.00011479754175525159,0.705909252166748
baseline,0,50000,3,0.021389342844486237,0.0005009468295611441,0.00022367444762494415,0.5283043384552002
baseline,0,50000,4,0.01812797226011753,0.00043068791273981333,9.48764500208199e-05,0.7460575103759766
baseline,0,50000,5,0.019939376041293144,0.0005289744585752487,0.0001517400232842192,0.6572246551513672
baseline,0,50000,6,0.02011338248848915,0.000642170081846416,0.00015156222798395902,0.7256166338920593
baseline,0,50000,7,0.022188285365700722,0.0006164040532894433,0.00021133420523256063,0.602075457572937
baseline,0,50000,8,0.01930985227227211,0.00047866307431831956,0.00010653616482159123,0.7455503940582275
baseline,0,50000,9,0.02218376286327839,0.0006135787698440254,0.0001592522457940504,0.6929097771644592
baseline,0,50000,10,0.02362229861319065,0.0006056504789739847,0.00023952782794367522,0.5610579252243042
baseline,0,50000,11,0.02474270388484001,0.0008557171677239239,0.00045299934572540224,0.48031720519065857
baseline,0,50000,12,0.023934967815876007,0.000719615607522428,0.0002516882086638361,0.5959018468856812
baseline,0,50000,13,0.019162245094776154,0.0004353932454250753,0.0001887404068838805,0.5350750684738159
baseline,0,50000,14,0.017878305166959763,0.0004924614331685007,0.00015260792861226946,0.6309975385665894
baseline,0,50000,15,0.019323525950312614,0.00046950875548645854,0.00016035244334489107,0.6038538217544556
baseline,0,50000,16,0.019280362874269485,0.00043056526919826865,0.00013454121653921902,0.6309075355529785
baseline,0,50000,17,0.021908070892095566,0.0007040478521957994,0.0003654500760603696,0.48552367091178894
baseline,0,50000,18,0.022121960297226906,0.0005759107298217714,0.00020940553804393858,0.5851104259490967
baseline,0,50000,19,0.016918227076530457,0.0003960781032219529,0.000168810278410092,0.5402036309242249
baseline,0,50000,20,0.01922166720032692,0.0004922908265143633,0.0001677561376709491,0.6046490669250488
baseline,0,50000,21,0.015943618491292,0.00032668912899680436,7.481996726710349e-05,0.7364763021469116
baseline,0,50000,22,0.025450604036450386,0.000688315718434751,0.00023399083875119686,0.6040843725204468
baseline,0,50000,23,0.016269497573375702,0.0003809989430010319,0.00013121387746650726,0.6006695032119751
baseline,0,50000,24,0.016383767127990723,0.00030608734232373536,7.929366256576031e-05,0.6937704086303711
baseline,0,50000,25,0.019391337409615517,0.0004469433333724737,0.00021998090960551053,0.5022927522659302
baseline,0,50000,26,0.018564175814390182,0.000507422024384141,0.00011222933972021565,0.7479212284088135
baseline,0,50000,27,0.018315309658646584,0.00044098737998865545,0.00010999753430951387,0.7064822912216187
baseline,0,50000,28,0.016618063673377037,0.00032902503153309226,6.304771522991359e-05,0.806599497795105
baseline,0,50000,29,0.02040942758321762,0.0005779369967058301,0.00016678233805578202,0.6567188501358032
baseline,0,50000,30,0.022084997966885567,0.0005626650527119637,0.00013735052198171616,0.7112425565719604
baseline,0,50000,31,0.018840055912733078,0.0007536428747698665,0.00018789323803503066,0.7063107490539551
baseline,0,50000,32,0.0204829853028059,0.0004604365676641464,0.0001613895146874711,0.5963406562805176
baseline,0,50000,33,0.017236780375242233,0.00037277565570548177,0.0001365481730317697,0.5824301242828369
baseline,0,50000,34,0.02257918007671833,0.0006090505048632622,0.00015642803919035941,0.6964303255081177
baseline,0,50000,35,0.021971721202135086,0.000664069433696568,0.00016256140952464193,0.7086221575737
baseline,0,50000,36,0.02029276080429554,0.0005722300847992301,0.00016836942813824862,0.6495939493179321
baseline,0,50000,37,0.021681901067495346,0.0005018573720008135,0.0001441386848455295,0.6583204865455627
baseline,0,50000,38,0.02423013560473919,0.0007434670114889741,0.00021773285698145628,0.6527327299118042
baseline,0,50000,39,0.02829628251492977,0.0009346496080979705,0.00027575920103117824,0.6494919657707214
baseline,0,50000,40,0.01484945323318243,0.00042763169039972126,0.00010676660895114765,0.7070679068565369
baseline,0,50000,41,0.017085129395127296,0.0003488101065158844,9.288526052841917e-05,0.682181715965271
baseline,0,50000,42,0.021188445389270782,0.000492278893943876,0.00012734346091747284,0.6922696828842163
baseline,0,50000,43,0.017435500398278236,0.0003964230418205261,0.00010169197048526257,0.6967583894729614
baseline,0,50000,44,0.021186193451285362,0.0005188925424590707,0.00015556845755781978,0.6435226202011108
baseline,0,50000,45,0.019295061007142067,0.00044884197995997965,0.00017314244178123772,0.5673807263374329
baseline,0,50000,46,0.01585153490304947,0.0003072208201047033,0.0001378888264298439,0.5264356136322021
baseline,0,50000,47,0.021218447014689445,0.0004873319994658232,0.00013020665210206062,0.6826490163803101
baseline,0,50000,48,0.01858336105942726,0.00048142712330445647,0.00011729836842278019,0.7153912782669067
baseline,0,50000,49,0.01930033229291439,0.00048736005555838346,0.0001384935312671587,0.6618551015853882
baseline,0,50000,50,0.019775135442614555,0.0005305305821821094,0.0001472291478421539,0.6695883274078369
baseline,0,50000,51,0.01942470856010914,0.0004444268997758627,0.00014494004426524043,0.6166043877601624
baseline,0,50000,52,0.013818216510117054,0.0002950827474705875,6.515043060062453e-05,0.7504374980926514
baseline,0,50000,53,0.01933947391808033,0.0004529939324129373,0.000234182458370924,0.4895896911621094
baseline,0,50000,54,0.018758511170744896,0.0004010394331999123,9.778037929208949e-05,0.7152544260025024
baseline,0,50000,55,0.017215868458151817,0.0004384269705042243,0.00012933136895298958,0.6496298313140869
baseline,0,50000,56,0.017014935612678528,0.00035884720273315907,0.0001137474100687541,0.6263824701309204
baseline,0,50000,57,0.022794323042035103,0.0006336774677038193,0.0001652051432756707,0.6913598775863647
baseline,0,50000,58,0.024998581036925316,0.000668531225528568,0.0002369412686675787,0.5918368101119995
baseline,0,50000,59,0.016176635399460793,0.0003867934283334762,8.990656351670623e-05,0.7316785454750061
baseline,0,50000,60,0.020583070814609528,0.0005455504870042205,0.00016424608475062996,0.6431811451911926
baseline,0,50000,61,0.022381458431482315,0.0005955826491117477,0.00019416341092437506,0.6181792616844177
baseline,0,50000,62,0.02044481225311756,0.0006104288622736931,0.00015090047963894904,0.7068432569503784
baseline,0,50000,63,0.02075113169848919,0.0005291122361086309,0.00013084878446534276,0.7095081806182861
baseline,0,50000,64,0.013901294209063053,0.0002885845024138689,7.95814412413165e-05,0.672355055809021
baseline,0,50000,65,0.015346486121416092,0.0004732443776447326,9.205265814671293e-05,0.7987641096115112
baseline,0,50000,66,0.025774989277124405,0.0007621255936101079,0.0002728619729168713,0.5891245603561401
baseline,0,50000,67,0.022736435756087303,0.0005765127716585994,0.000168688697158359,0.6532418727874756
baseline,0,50000,68,0.019718827679753304,0.0004545901610981673,0.00010467047832207754,0.7349674701690674
baseline,0,50000,69,0.017895199358463287,0.0005532233044505119,0.00011867185094160959,0.7600946426391602
baseline,0,50000,70,0.026680124923586845,0.0009551631519570947,0.0003022014570888132,0.6261177062988281
baseline,0,50000,71,0.01880037598311901,0.0006662577507086098,0.0002297236060258001,0.599358856678009
baseline,0,50000,72,0.020034678280353546,0.0005203053005971014,0.00011581961734918877,0.7454986572265625
baseline,0,50000,73,0.017336104065179825,0.000431294203735888,0.00011332155554555357,0.6885608434677124
baseline,0,50000,74,0.02083642967045307,0.0005999010754749179,0.0001492580195190385,0.7074168920516968
baseline,0,50000,75,0.024856233969330788,0.0007388413650915027,0.0002105829189531505,0.659747838973999
baseline,0,50000,76,0.022359037771821022,0.000632703653536737,0.0001675676612649113,0.6856938004493713
baseline,0,50000,77,0.02357160486280918,0.0006359117687679827,0.00018494468531571329,0.6542630195617676
baseline,0,50000,78,0.016721459105610847,0.0004128771251998842,0.0001337710564257577,0.617329478263855
baseline,0,50000,79,0.020264973863959312,0.00045627696090377867,0.00019807502394542098,0.5355331897735596
baseline,0,50000,80,0.014843391254544258,0.00043933754204772413,0.00011821372754639015,0.6798464059829712
baseline,0,50000,81,0.01794702745974064,0.0005061328411102295,9.506745846010745e-05,0.8061107397079468
baseline,0,50000,82,0.018394282087683678,0.00037080305628478527,0.00011157702829223126,0.6431592702865601
baseline,0,50000,83,0.01733502745628357,0.00037272932240739465,0.0001223084982484579,0.6162203550338745
baseline,0,50000,84,0.016242848709225655,0.00034682656405493617,9.051065717358142e-05,0.6910242438316345
baseline,0,50000,85,0.01944102719426155,0.0005222099716775119,0.00011591755173867568,0.749221682548523
baseline,0,50000,86,0.023410458117723465,0.0007889713160693645,0.0002533735241740942,0.6207648515701294
baseline,0,50000,87,0.021969448775053024,0.0005660984897986054,0.0001369966339552775,0.7174031734466553
baseline,0,50000,88,0.016462311148643494,0.0004776586138177663,9.665482502896339e-05,0.7838742136955261
baseline,0,50000,89,0.012412848882377148,0.00037252798210829496,7.84852818469517e-05,0.7693347930908203
baseline,0,50000,90,0.022958679124712944,0.0006460323347710073,0.00023908411094453186,0.5788018703460693
baseline,0,50000,91,0.019034018740057945,0.00046959673636592925,0.00011716165317920968,0.7063988447189331
baseline,0,50000,92,0.01908787712454796,0.00046283824485726655,0.00013697794929612428,0.6465460658073425
baseline,0,50000,93,0.020509030669927597,0.000514719751663506,0.00013250450138002634,0.6932967305183411
baseline,0,50000,94,0.018634958192706108,0.00046479731099680066,0.00014953871141187847,0.6220061779022217
baseline,0,50000,95,0.018904168158769608,0.000641402555629611,0.0002499615657143295,0.5653907060623169
baseline,0,50000,96,0.02310771308839321,0.0007995010819286108,0.00027420814149081707,0.6013644337654114
baseline,0,50000,97,0.017799004912376404,0.00036846176953986287,0.00012007531040580943,0.6166002750396729
baseline,0,50000,98,0.01703610271215439,0.00039446743903681636,9.394359221914783e-05,0.7210092544555664
baseline,0,50000,99,0.020186088979244232,0.0005364125827327371,0.00012515881098806858,0.7305781245231628
baseline,0,50000,100,0.020273640751838684,0.0004543548566289246,0.00011348939733579755,0.704749584197998
baseline,0,50000,101,0.021180082112550735,0.0005629377556033432,0.00014619760622736067,0.6913617253303528
baseline,0,50000,102,0.022226452827453613,0.0009341815020889044,0.0003171289572492242,0.6055920124053955
baseline,0,50000,103,0.014001866802573204,0.0003673347528092563,6.395501259248704e-05,0.8442426919937134
baseline,0,50000,104,0.019064901396632195,0.0004768726648762822,0.00011129071208415553,0.7298023700714111
baseline,0,50000,105,0.01753201149404049,0.0005215083947405219,0.00012372179480735213,0.7238932251930237
baseline,0,50000,106,0.017878219485282898,0.00041894317837432027,0.00010083992674481124,0.7201297879219055
baseline,0,50000,107,0.013371740467846394,0.00041073589818552136,7.426228694384918e-05,0.8285840153694153
baseline,0,50000,108,0.01742422766983509,0.0003352396306581795,0.00014007731806486845,0.5458447337150574
baseline,0,50000,109,0.01828833483159542,0.0004648779286071658,0.00014730621478520334,0.6271296739578247
baseline,0,50000,110,0.02105933055281639,0.0006676213815808296,0.00015347589214798063,0.7349790930747986
baseline,0,50000,111,0.01862570270895958,0.000617259880527854,0.00017336370365228504,0.6658675670623779
baseline,0,50000,112,0.013231219723820686,0.0005207655485719442,0.00011368731793481857,0.7511857748031616
baseline,0,50000,113,0.02031833864748478,0.0004710028297267854,0.00011577015538932756,0.7112293243408203
baseline,0,50000,114,0.020450862124562263,0.0005695191794075072,0.00015808372700121254,0.6695122122764587
baseline,0,50000,115,0.02323501743376255,0.0006311595207080245,0.00015078176511451602,0.7226382493972778
baseline,0,50000,116,0.02052348665893078,0.000544356822501868,0.0002199247246608138,0.5527848601341248
baseline,0,50000,117,0.019216714426875114,0.000495276297442615,0.0001436521124560386,0.6559470295906067
baseline,0,50000,118,0.019144313409924507,0.00044878735207021236,0.00012888053606729954,0.6582431197166443
baseline,0,50000,119,0.017219247296452522,0.0005686762742698193,0.00017075675714295357,0.6434366106987
baseline,0,50000,120,0.01660815440118313,0.00034542003413662314,0.00010950568685075268,0.6263448596000671
baseline,0,50000,121,0.022221708670258522,0.0006356390076689422,0.00020591467909980565,0.618746280670166
baseline,0,50000,122,0.0217380840331316,0.0005408570868894458,0.00019106622494291514,0.5931967496871948
baseline,0,50000,123,0.01913171261548996,0.0005381914670579135,0.00015085976338014007,0.6651489734649658
baseline,0,50000,124,0.016924146562814713,0.00033760874066501856,9.63945931289345e-05,0.6598684787750244
baseline,0,50000,125,0.022123439237475395,0.0005283576902002096,0.00014169400674290955,0.6823896169662476
baseline,0,50000,126,0.019399374723434448,0.0005573119269683957,0.0001377799198962748,0.7068179249763489
baseline,0,50000,127,0.022455258294939995,0.0007805917412042618,0.00019364917534403503,0.7075737714767456
baseline,0,100000,0,0.02430126629769802,0.000803497969172895,0.00021426241437438875,0.6812089681625366
baseline,0,100000,1,0.025652270764112473,0.0007926130783744156,0.0002240188478026539,0.660505473613739
baseline,0,100000,2,0.02207357808947563,0.0006372700445353985,0.00015011022333055735,0.727422833442688
baseline,0,100000,3,0.018824826925992966,0.0003812905342783779,0.00012489716755226254,0.6153191328048706
baseline,0,100000,4,0.02407480962574482,0.0006347649032250047,0.00013109385326970369,0.7746173143386841
baseline,0,100000,5,0.018674444407224655,0.0004529686120804399,0.00014100135012995452,0.6296238899230957
baseline,0,100000,6,0.020573925226926804,0.0006612129509449005,0.00018134122365154326,0.6744104623794556
baseline,0,100000,7,0.020792562514543533,0.000677110452670604,0.00017673995171207935,0.6899370551109314
baseline,0,100000,8,0.02169807069003582,0.0006470219232141972,0.00013497075997292995,0.7723909616470337
baseline,0,100000,9,0.017300717532634735,0.0004256389511283487,9.437589324079454e-05,0.7485445141792297
baseline,0,100000,10,0.021918710321187973,0.0005197009304538369,0.00023361228522844613,0.5256557464599609
baseline,0,100000,11,0.03323220834136009,0.001534675364382565,0.0006819850532338023,0.5175715088844299
baseline,0,100000,12,0.01950194500386715,0.00046460243174806237,0.00018277803610544652,0.5621805191040039
baseline,0,100000,13,0.017566882073879242,0.0004423129721544683,0.00015515844279434532,0.5956275463104248
baseline,0,100000,14,0.023264555260539055,0.0006791438208892941,0.00015084302867762744,0.7491495609283447
baseline,0,100000,15,0.02130928821861744,0.0008497632807120681,0.00034993712324649096,0.5494941473007202
baseline,0,100000,16,0.02372279018163681,0.0007146850693970919,0.00021302537061274052,0.6464419960975647
baseline,0,100000,17,0.03139480575919151,0.0013521621003746986,0.0005750741111114621,0.5299544334411621
baseline,0,100000,18,0.021103572100400925,0.0004662846331484616,0.00021220085909590125,0.5221886038780212
baseline,0,100000,19,0.019117770716547966,0.0007512468146160245,0.0002304412191733718,0.6373275518417358
baseline,0,100000,20,0.018147040158510208,0.0004352341638877988,0.00016531565051991493,0.5710688233375549
baseline,0,100000,21,0.021761467680335045,0.000628404610324651,0.00013059665798209608,0.7718558311462402
baseline,0,100000,22,0.01922798901796341,0.00048315880121663213,0.00014276693400461227,0.647000789642334
baseline,0,100000,23,0.01921212300658226,0.0005012480542063713,0.00011803134111687541,0.7265188694000244
baseline,0,100000,24,0.018830135464668274,0.0004194451030343771,0.00010486384417163208,0.7047306299209595
baseline,0,100000,25,0.02052212692797184,0.0004738544230349362,0.0001686391478870064,0.592016339302063
baseline,0,100000,26,0.01991833560168743,0.0005065255681984127,0.00013709597988054156,0.678048312664032
baseline,0,100000,27,0.02055433765053749,0.0007164143025875092,0.00017609677161090076,0.7079979181289673
baseline,0,100000,28,0.017720213159918785,0.0004426946979947388,8.228759543271735e-05,0.8183443546295166
baseline,0,100000,29,0.019019760191440582,0.00040203897515311837,0.00012719880032818764,0.6276872754096985
baseline,0,100000,30,0.021590203046798706,0.0006463648751378059,0.00013688448234461248,0.7668139338493347
baseline,0,100000,31,0.018834849819540977,0.00047125358833000064,0.00012657490151468664,0.6810738444328308
baseline,0,100000,32,0.02330087497830391,0.0006446781917475164,0.00020393826707731932,0.6275806427001953
baseline,0,100000,33,0.023589570075273514,0.0005763815715909004,0.0001841150369727984,0.6239807605743408
baseline,0,100000,34,0.02402961440384388,0.0006591698620468378,0.00022809555230196565,0.6002302169799805
baseline,0,100000,35,0.02360067516565323,0.0005805910914205015,0.00016697144019417465,0.6572753190994263
baseline,0,100000,36,0.02190878987312317,0.000621139770373702,0.0002124389138771221,0.6031305193901062
baseline,0,100000,37,0.01674717664718628,0.0004489957354962826,0.00017087406013160944,0.5704073905944824
baseline,0,100000,38,0.028085485100746155,0.0008137891418300569,0.0002395861956756562,0.6507660746574402
baseline,0,100000,39,0.021921735256910324,0.0005099516129121184,0.00013285579916555434,0.6904996633529663
baseline,0,100000,40,0.018382299691438675,0.0004407665110193193,0.00011590937356231734,0.6882441639900208
baseline,0,100000,41,0.020413614809513092,0.0006200731149874628,0.0001642469287617132,0.6845787763595581
baseline,0,100000,42,0.022095534950494766,0.000618386606220156,0.00012661013170145452,0.779589831829071
baseline,0,100000,43,0.01894466020166874,0.00043244881089776754,0.00012175294250482693,0.6636601686477661
baseline,0,100000,44,0.0209890678524971,0.0006069843657314777,0.00018156405712943524,0.6430885195732117
baseline,0,100000,45,0.01932118833065033,0.0004514486063271761,0.00015393225476145744,0.6039620637893677
baseline,0,100000,46,0.020627493038773537,0.0004477248003240675,0.00013843170017935336,0.6337201595306396
baseline,0,100000,47,0.02313832752406597,0.0006809241604059935,0.00014788492990192026,0.7571207284927368
baseline,0,100000,48,0.018776560202240944,0.0004987596184946597,0.00012660340871661901,0.7007243633270264
baseline,0,100000,49,0.024744821712374687,0.0008486242149956524,0.00022656716464553028,0.6827771663665771
baseline,0,100000,50,0.022454073652625084,0.0006641929503530264,0.00016122922534123063,0.7120888233184814
baseline,0,100000,51,0.021717863157391548,0.0007974724867381155,0.0002547648618929088,0.6233905553817749
baseline,0,100000,52,0.01934615708887577,0.0004521258524619043,0.00011219106818316504,0.7074880599975586
baseline,0,100000,53,0.0222543403506279,0.000672721303999424,0.00022908093524165452,0.6042366027832031
baseline,0,100000,54,0.019954968243837357,0.00042068882612511516,9.28804074646905e-05,0.7514490485191345
baseline,0,100000,55,0.025774074718356133,0.000857404142152518,0.00022729640477336943,0.684639573097229
baseline,0,100000,56,0.024202551692724228,0.000680146215017885,0.00020470379968173802,0.6426047086715698
baseline,0,100000,57,0.01938554458320141,0.00043729026219807565,0.00011832734890049323,0.6782748699188232
baseline,0,100000,58,0.027632901445031166,0.0008998444536700845,0.0003630112041719258,0.5547420978546143
baseline,0,100000,59,0.020702514797449112,0.0007591090397909284,0.00016688254254404455,0.7525603771209717
baseline,0,100000,60,0.020785024389624596,0.0005703415954485536,0.00014125728921499103,0.7082242965698242
baseline,0,100000,61,0.02956792339682579,0.0010768487118184566,0.00037442147731781006,0.5978492498397827
baseline,0,100000,62,0.02552967146039009,0.0007690893253311515,0.00021205998200457543,0.669845461845398
baseline,0,100000,63,0.02198362909257412,0.0005163137684576213,0.00014554285735357553,0.6646521091461182
baseline,0,100000,64,0.023632045835256577,0.0006663959939032793,0.0001875376474345103,0.6647398471832275
baseline,0,100000,65,0.016843833029270172,0.00040414847899228334,0.00010802970791701227,0.6825567483901978
baseline,0,100000,66,0.01993260160088539,0.0005463428096845746,0.0001945170370163396,0.5904183983802795
baseline,0,100000,67,0.02591942995786667,0.0006996559677645564,0.00017963431309908628,0.6959502100944519
baseline,0,100000,68,0.022891990840435028,0.0006676932680420578,0.00017200691218022257,0.6945571899414062
baseline,0,100000,69,0.014678611420094967,0.0004904236411675811,0.00011587007611524314,0.7264572381973267
baseline,0,100000,70,0.027003923431038857,0.0014374953461810946,0.00045796658378094435,0.6213633418083191
baseline,0,100000,71,0.025053448975086212,0.0012416333192959428,0.0004392214759718627,0.5894577503204346
baseline,0,100000,72,0.023014282807707787,0.0007215589284896851,0.00015051462105475366,0.7723984122276306
baseline,0,100000,73,0.019059401005506516,0.0006881825975142419,0.00018817016098182648,0.6740729808807373
baseline,0,100000,74,0.020376795902848244,0.0005338704213500023,0.00012888578930869699,0.7190353870391846
baseline,0,100000,75,0.023273859173059464,0.0007563860854133964,0.000232217091252096,0.6335495710372925
baseline,0,100000,76,0.02215549349784851,0.0006301964749582112,0.00014518025272991508,0.7354648113250732
baseline,0,100000,77,0.019192827865481377,0.0004782946198247373,0.00013170229794923216,0.6718722581863403
baseline,0,100000,78,0.021791178733110428,0.0005776099860668182,0.00013279728591442108,0.7363358736038208
baseline,0,100000,79,0.027533914893865585,0.0008980618440546095,0.0002749794803094119,0.6378614902496338
baseline,0,100000,80,0.01929185539484024,0.0005009202286601067,0.0001400476467097178,0.6661223769187927
baseline,0,100000,81,0.016620062291622162,0.00046351324999704957,8.472680201521143e-05,0.8232153654098511
baseline,0,100000,82,0.017946915701031685,0.0003950845857616514,9.736119682202116e-05,0.7104200124740601
baseline,0,100000,83,0.022661278024315834,0.0006187329418025911,0.00018548729713074863,0.6436902284622192
baseline,0,100000,84,0.02142339199781418,0.0006110132671892643,0.00012228287232574075,0.7889090776443481
baseline,0,100000,85,0.02509622648358345,0.0011213166872039437,0.0002762663352768868,0.7112144231796265
baseline,0,100000,86,0.022574758157134056,0.0005813812604174018,0.0001346246717730537,0.7331104278564453
baseline,0,100000,87,0.02067091129720211,0.0005413851467892528,0.00012349650205578655,0.7378604412078857
baseline,0,100000,88,0.021287279203534126,0.000582238775677979,0.0001344108022749424,0.733386754989624
baseline,0,100000,89,0.01608607918024063,0.0004160254029557109,8.57731283758767e-05,0.7747424840927124
baseline,0,100000,90,0.019892806187272072,0.0004903041990473866,0.00012397849059198052,0.7007683515548706
baseline,0,100000,91,0.022255510091781616,0.0008410447626374662,0.00020672597747761756,0.7080090045928955
baseline,0,100000,92,0.031197108328342438,0.0011034818599000573,0.0003513754054438323,0.6243479251861572
baseline,0,100000,93,0.018442261964082718,0.0004127483698539436,0.00010597010259516537,0.6955534815788269
baseline,0,100000,94,0.025494646281003952,0.0008226495701819658,0.00017206170014105737,0.7722972631454468
baseline,0,100000,95,0.01812560297548771,0.0007245892775245011,0.0002403112011961639,0.6124526262283325
baseline,0,100000,96,0.02033371850848198,0.0013526512775570154,0.00046991248382255435,0.5952391028404236
baseline,0,100000,97,0.022365471348166466,0.0005826824344694614,0.0001843145291786641,0.6256514191627502
baseline,0,100000,98,0.027194203808903694,0.0010922035435214639,0.0002519349509384483,0.7348698377609253
baseline,0,100000,99,0.020831970497965813,0.0006932091200724244,0.00014043862756807357,0.7843737006187439
baseline,0,100000,100,0.014267893508076668,0.0005142198060639203,0.0001234077353728935,0.7195321917533875
baseline,0,100000,101,0.01929846592247486,0.0006635058089159429,0.0001818430464481935,0.6723862290382385
baseline,0,100000,102,0.022113444283604622,0.0008412214228883386,0.00029076982173137367,0.5992371439933777
baseline,0,100000,103,0.01927494816482067,0.0006416601245291531,9.466669143876061e-05,0.9142324328422546
baseline,0,100000,104,0.020794188603758812,0.0006331100594252348,0.00014855811605229974,0.7263604402542114
baseline,0,100000,105,0.01991257257759571,0.0005384063115343451,0.0001379117020405829,0.6954773664474487
baseline,0,100000,106,0.01720963604748249,0.0005214654374867678,0.00013235044025350362,0.7003694772720337
baseline,0,100000,107,0.017044352367520332,0.0006403384613804519,0.0001318781723966822,0.7771138548851013
baseline,0,100000,108,0.020666759461164474,0.000643997685983777,0.00027442650753073394,0.5398445129394531
baseline,0,100000,109,0.019059918820858,0.0005293932044878602,0.00017102560377679765,0.6215220093727112
baseline,0,100000,110,0.01506673265248537,0.0005365465767681599,0.0001316338893957436,0.712333083152771
baseline,0,100000,111,0.02322932332754135,0.0007235531811602414,0.00019294809317216277,0.681689441204071
baseline,0,100000,112,0.011538427323102951,0.0005243533523753285,0.00011581732542254031,0.7491865754127502
baseline,0,100000,113,0.018456729128956795,0.0004380876780487597,9.479641448706388e-05,0.7587757706642151
baseline,0,100000,114,0.023546312004327774,0.0007362397154793143,0.00017881844541989267,0.7118896842002869
baseline,0,100000,115,0.024567214772105217,0.0007814108394086361,0.0001631678460398689,0.7710257768630981
baseline,0,100000,116,0.016212427988648415,0.00036524771712720394,0.00018037157133221626,0.5026158690452576
baseline,0,100000,117,0.02245422452688217,0.0007329831132665277,0.00024187118106056005,0.614861249923706
baseline,0,100000,118,0.02552873082458973,0.0007392772822640836,0.00020110601326450706,0.6726080179214478
baseline,0,100000,119,0.0240634772926569,0.0008109046029858291,0.0002654335112310946,0.6156966090202332
baseline,0,100000,120,0.023253457620739937,0.0006209807470440865,0.00018690922297537327,0.6425912380218506
baseline,0,100000,121,0.019804799929261208,0.0006405311287380755,0.00021910069335717708,0.6016120314598083
baseline,0,100000,122,0.023085329681634903,0.0006561281625181437,0.00022092313156463206,0.6082310676574707
baseline,0,100000,123,0.02424550987780094,0.0010176323121413589,0.00032745333737693727,0.6206710338592529
baseline,0,100000,124,0.019294075667858124,0.0004882288340013474,0.0001268863707082346,0.693082332611084
baseline,0,100000,125,0.019413627684116364,0.0004476014873944223,0.00013187536387704313,0.650644838809967
baseline,0,100000,126,0.02637546882033348,0.0008148335618898273,0.0002246430522063747,0.6698794364929199
baseline,0,100000,127,0.01875038631260395,0.0006772785563953221,0.00016710923227947205,0.7102071046829224
baseline,0,250000,0,0.01688196510076523,0.0009303959086537361,0.0001537948992336169,0.8631445169448853
baseline,0,250000,1,0.020805563777685165,0.0006148932152427733,0.0002564223250374198,0.5462460517883301
baseline,0,250000,2,0.01900763250887394,0.0004288448835723102,0.00012995720317121595,0.640744686126709
baseline,0,250000,3,0.016311265528202057,0.0002788352139759809,9.334341302746907e-05,0.6103936433792114
baseline,0,250000,4,0.016561156138777733,0.00032877366174943745,7.990440644789487e-05,0.7153230905532837
baseline,0,250000,5,0.02391095831990242,0.0007470599957741797,0.00021890502830501646,0.6514556407928467
baseline,0,250000,6,0.022708749398589134,0.0007745881448499858,0.0001357567380182445,0.8423432111740112
baseline,0,250000,7,0.019971350207924843,0.00043655376066453755,0.00013020668120589107,0.645763099193573
baseline,0,250000,8,0.01625901274383068,0.0003395027597434819,8.138889097608626e-05,0.7212271690368652
baseline,0,250000,9,0.02020932175219059,0.0005668508820235729,0.0002567783812992275,0.5226126313209534
baseline,0,250000,10,0.027297867462038994,0.0009106586221605539,0.00035145628498867154,0.5659812092781067
baseline,0,250000,11,0.04920243099331856,0.002942307386547327,0.0009582234197296202,0.6050703525543213
baseline,0,250000,12,0.02762102708220482,0.0009210235439240932,0.0003274613991379738,0.587598443031311
baseline,0,250000,13,0.01930893212556839,0.0005085343145765364,0.00010860619659069926,0.7618677020072937
baseline,0,250000,14,0.021339720115065575,0.0004891110584139824,0.00013393553672358394,0.6744825839996338
baseline,0,250000,15,0.020748648792505264,0.0008926210575737059,0.00046560613554902375,0.48673343658447266
baseline,0,250000,16,0.018350470811128616,0.0004081683000549674,0.00010781357559608296,0.6830463409423828
baseline,0,250000,17,0.03148818016052246,0.0019141031662002206,0.0005885932478122413,0.6228113174438477
baseline,0,250000,18,0.03264661878347397,0.001216681208461523,0.00039470623596571386,0.6145031452178955
baseline,0,250000,19,0.02515234425663948,0.0009750263998284936,0.00014861274394206703,0.9016506671905518
baseline,0,250000,20,0.02014039270579815,0.0006155926967039704,0.0002443112898617983,0.5580158829689026
baseline,0,250000,21,0.02300691232085228,0.0005838864017277956,0.00013882541679777205,0.723107635974884
baseline,0,250000,22,0.013676691800355911,0.00022386292403098196,6.736898649251089e-05,0.6442383527755737
baseline,0,250000,23,0.021658089011907578,0.0005268340464681387,0.00014689500676468015,0.6677131652832031
baseline,0,250000,24,0.01905876211822033,0.0004360130405984819,0.00013296469114720821,0.639304518699646
baseline,0,250000,25,0.016870496794581413,0.00033865103614516556,0.0001123681795434095,0.6124856472015381
baseline,0,250000,26,0.027135325595736504,0.0008823078242130578,0.00013052040594629943,0.9125152826309204
baseline,0,250000,27,0.021703476086258888,0.0007404241478070617,0.00015959577285684645,0.7566652297973633
baseline,0,250000,28,0.01861000992357731,0.0003655511245597154,7.697149703744799e-05,0.7680054903030396
baseline,0,250000,29,0.019566960632801056,0.0006520915776491165,0.00014851301966700703,0.7399458289146423
baseline,0,250000,30,0.021876074373722076,0.0005281355697661638,0.00012545677600428462,0.7212027311325073
baseline,0,250000,31,0.01926235295832157,0.0007340044248849154,0.00015835314115975052,0.7577258944511414
baseline,0,250000,32,0.016434339806437492,0.0002940939157269895,9.235362085746601e-05,0.6302430033683777
baseline,0,250000,33,0.015799280256032944,0.000295576814096421,9.315024362877011e-05,0.6291011571884155
baseline,0,250000,34,0.020527657121419907,0.0004390273825265467,0.0001314649562118575,0.6448438167572021
baseline,0,250000,35,0.01740158349275589,0.00032811303390190005,8.0014047853183e-05,0.7149501442909241
baseline,0,250000,36,0.029868511483073235,0.0011845264816656709,0.00044112210161983967,0.574648916721344
baseline,0,250000,37,0.019885065034031868,0.000943680526688695,0.0003027919738087803,0.6164128184318542
baseline,0,250000,38,0.017205193638801575,0.0003427954507060349,0.00010086819384014234,0.6502487659454346
baseline,0,250000,39,0.017884045839309692,0.0003956526634283364,0.00012053159298375249,0.6393325328826904
baseline,0,250000,40,0.02599537931382656,0.0008822795934975147,0.0002563536399975419,0.6516402959823608
baseline,0,250000,41,0.02078610472381115,0.0005204197950661182,0.000210214129765518,0.5549927949905396
baseline,0,250000,42,0.019874602556228638,0.00046146419481374323,0.00012008976773358881,0.6916972398757935
baseline,0,250000,43,0.016246039420366287,0.0002913188363891095,7.858041499275714e-05,0.6797969341278076
baseline,0,250000,44,0.028619907796382904,0.0011067199520766735,0.0002200053568230942,0.7915526628494263
baseline,0,250000,45,0.016438255086541176,0.0003198541235178709,9.139968460658565e-05,0.6601523160934448
baseline,0,250000,46,0.019464945420622826,0.0004009170806966722,0.00012505598715506494,0.632296085357666
baseline,0,250000,47,0.018026264384388924,0.00038726459024474025,0.00010145596752408892,0.6890521049499512
baseline,0,250000,48,0.025515930727124214,0.001159399515017867,0.00033828351297415793,0.6507603526115417
baseline,0,250000,49,0.02887635864317417,0.0011223701294511557,0.0002901997650042176,0.6940209865570068
baseline,0,250000,50,0.025193478912115097,0.0007395214634016156,0.00011194300168426707,0.907193660736084
baseline,0,250000,51,0.01837926171720028,0.0004479648487176746,0.00019289730698801577,0.5337153673171997
baseline,0,250000,52,0.019932102411985397,0.000622099672909826,0.00012973378761671484,0.771199107170105
baseline,0,250000,53,0.017294762656092644,0.0003193571465089917,8.642465400043875e-05,0.6781420111656189
baseline,0,250000,54,0.023031670600175858,0.0005413415492512286,0.00015007088950369507,0.6704506874084473
baseline,0,250000,55,0.027620142325758934,0.0009379676776006818,0.0002574663085397333,0.6669175624847412
baseline,0,250000,56,0.01667233556509018,0.0003269293811172247,9.947933722287416e-05,0.6405258178710938
baseline,0,250000,57,0.015829063951969147,0.00027753086760640144,7.639569957973436e-05,0.6726208329200745
baseline,0,250000,58,0.023958280682563782,0.0008764642989262938,0.00035469463909976184,0.5505728721618652
baseline,0,250000,59,0.019303904846310616,0.0007677161484025419,0.00014258234295994043,0.8192752599716187
baseline,0,250000,60,0.023607876151800156,0.0006357589736580849,0.00016542286903131753,0.6910297870635986
baseline,0,250000,61,0.015378277748823166,0.0005063873250037432,0.00020746963855344802,0.5480757355690002
baseline,0,250000,62,0.02178196795284748,0.0008545040618628263,0.0002699416654650122,0.6272801756858826
baseline,0,250000,63,0.016925791278481483,0.0003181479114573449,9.206822869600728e-05,0.6560913920402527
baseline,0,250000,64,0.015729958191514015,0.00027204735670238733,6.217062036739662e-05,0.7360002994537354
baseline,0,250000,65,0.02320890873670578,0.0008155811810865998,0.0002926356974057853,0.5878810882568359
baseline,0,250000,66,0.027610374614596367,0.0011628845240920782,0.0004573504556901753,0.5587161183357239
baseline,0,250000,67,0.019809426739811897,0.00047557501238770783,0.00014131797070149332,0.6471570730209351
baseline,0,250000,68,0.017167214304208755,0.000328544236253947,8.35335667943582e-05,0.700342059135437
baseline,0,250000,69,0.018669959157705307,0.000611607450991869,0.0001962535025086254,0.6150233149528503
baseline,0,250000,70,0.02917732670903206,0.0009519802988506854,0.00046656557242386043,0.49767807126045227
baseline,0,250000,71,0.016386644914746284,0.0003968444652855396,0.0001988275325857103,0.4955592155456543
baseline,0,250000,72,0.018425090238451958,0.000425380130764097,0.00010197491792496294,0.7212263345718384
baseline,0,250000,73,0.019953899085521698,0.0007053157314658165,0.00025066224043257535,0.5876651406288147
baseline,0,250000,74,0.020277362316846848,0.00044887271360494196,0.00011020229430869222,0.7124538421630859
baseline,0,250000,75,0.01787610724568367,0.00048614083789289,0.0002222184994025156,0.516878604888916
baseline,0,250000,76,0.017830420285463333,0.00036649114917963743,9.49659661273472e-05,0.6936678886413574
baseline,0,250000,77,0.0219307579100132,0.000687630963511765,0.00019296676327940077,0.6631072163581848
baseline,0,250000,78,0.02158057503402233,0.0005016385111957788,0.00014136896061245352,0.6648475527763367
baseline,0,250000,79,0.01593191735446453,0.00028328647022135556,7.482687215087935e-05,0.6866742372512817
baseline,0,250000,80,0.023220475763082504,0.0006693964824080467,0.00034649326698854566,0.48763754963874817
baseline,0,250000,81,0.01896144449710846,0.0007132439059205353,0.00011653356341412291,0.857968807220459
baseline,0,250000,82,0.024203050881624222,0.0009981683688238263,0.0002834515762515366,0.6569764018058777
baseline,0,250000,83,0.01917095296084881,0.0004084813117515296,0.00012253352906554937,0.6440306305885315
baseline,0,250000,84,0.019129198044538498,0.0004014410369563848,0.00010254271182930097,0.698199987411499
baseline,0,250000,85,0.02374870516359806,0.0010132873430848122,0.0001643996365601197,0.8704701662063599
baseline,0,250000,86,0.020578742027282715,0.0005380838410928845,0.00017403948004357517,0.6200577020645142
baseline,0,250000,87,0.016476400196552277,0.0003138109459541738,8.4557497757487e-05,0.6798758506774902
baseline,0,250000,88,0.020363589748740196,0.0007448469987139106,0.0002739121555350721,0.5815194845199585
baseline,0,250000,89,0.02038007415831089,0.0007434833678416908,0.00013200196553952992,0.8353074789047241
baseline,0,250000,90,0.020325982943177223,0.00047517643542960286,0.00012603994400706142,0.6858227252960205
baseline,0,250000,91,0.022736355662345886,0.0008142981678247452,0.00017553970974404365,0.7566170692443848
baseline,0,250000,92,0.025305459275841713,0.0009121638722717762,0.0002681032638065517,0.6485902070999146
baseline,0,250000,93,0.027578165754675865,0.0009401242714375257,0.00037228246219456196,0.5577754974365234
baseline,0,250000,94,0.020862124860286713,0.0004718200070783496,0.00012023025919916108,0.6990212202072144
baseline,0,250000,95,0.0175273846834898,0.00045490136835724115,0.0002127204352291301,0.5129878520965576
baseline,0,250000,96,0.020796125754714012,0.0007966170669533312,0.0004096479678992182,0.4913284182548523
baseline,0,250000,97,0.01759161613881588,0.00034109439002349973,8.267803059425205e-05,0.7163610458374023
baseline,0,250000,98,0.0261393990367651,0.0009104179916903377,0.0002742866345215589,0.6409798860549927
baseline,0,250000,99,0.020098291337490082,0.00048735630116425455,0.00010968442802550271,0.7438926696777344
baseline,0,250000,100,0.018549513071775436,0.0005772855947725475,0.00011653322872007266,0.7845874428749084
baseline,0,250000,101,0.017961489036679268,0.00046031325473450124,0.00014206729247234762,0.6335010528564453
baseline,0,250000,102,0.028791271150112152,0.0009778918465599418,0.00015103787882253528,0.8948367834091187
baseline,0,250000,103,0.02596942149102688,0.0010086533147841692,0.00011070749314967543,1.061495065689087
baseline,0,250000,104,0.022747375071048737,0.0007554244948551059,0.00021017860854044557,0.6619951725006104
baseline,0,250000,105,0.01845436915755272,0.0004551426391117275,0.00023824485833756626,0.4855745732784271
baseline,0,250000,106,0.02091832086443901,0.001041234820149839,0.00030546964262612164,0.64804607629776
baseline,0,250000,107,0.018598420545458794,0.00048213242553174496,0.00014045480929780751,0.6479429602622986
baseline,0,250000,108,0.02347293309867382,0.000760261551477015,0.0002777980698738247,0.5823442935943604
baseline,0,250000,109,0.02066190354526043,0.0007463053916580975,0.00022428932425100356,0.6416420340538025
baseline,0,250000,110,0.021792275831103325,0.000647435721475631,0.0002417162322672084,0.5724103450775146
baseline,0,250000,111,0.016573604196310043,0.0004053653101436794,0.0001774070697138086,0.5272870063781738
baseline,0,250000,112,0.018232161179184914,0.0008626418421044946,0.0002444899582769722,0.6609182357788086
baseline,0,250000,113,0.016835931688547134,0.00033584251650609076,9.012201917357743e-05,0.6797139644622803
baseline,0,250000,114,0.026078253984451294,0.000797994202002883,0.0001207866589538753,0.9072176814079285
baseline,0,250000,115,0.025270400568842888,0.0006958695012144744,0.0001902829244500026,0.6739031076431274
baseline,0,250000,116,0.015145571902394295,0.0003229503345210105,0.00013763898459728807,0.5380930304527283
baseline,0,250000,117,0.02012467198073864,0.0006350693292915821,0.0002886257425416261,0.5224208831787109
baseline,0,250000,118,0.01473221555352211,0.00024793940247036517,7.206306327134371e-05,0.6549608111381531
baseline,0,250000,119,0.022923434153199196,0.0006973359850235283,0.0003059955779463053,0.5316723585128784
baseline,0,250000,120,0.016737131401896477,0.000328359252307564,9.989864338422194e-05,0.6405762434005737
baseline,0,250000,121,0.018375596031546593,0.00041610473999753594,0.00019715471717063338,0.5113019347190857
baseline,0,250000,122,0.019345683977007866,0.0004019574262201786,0.00011803815141320229,0.6512977480888367
baseline,0,250000,123,0.028333477675914764,0.0014551475178450346,0.000674086157232523,0.5173152685165405
baseline,0,250000,124,0.017707012593746185,0.0003329137689433992,9.154066356131807e-05,0.6731735467910767
baseline,0,250000,125,0.013498514890670776,0.00020970376499462873,5.700017209164798e-05,0.6776828765869141
baseline,0,250000,126,0.021503303200006485,0.0008204088662751019,0.0002594472316559404,0.6269497871398926
baseline,0,250000,127,0.01816806197166443,0.0006158269825391471,0.00020284627680666745,0.6115647554397583
baseline,0,1000000,0,0.02531293034553528,0.003429710865020752,0.0001262719015358016,1.7281891107559204
baseline,0,1000000,1,0.024099163711071014,0.0010640487307682633,0.0001014717054204084,1.0993967056274414
baseline,0,1000000,2,0.022951940074563026,0.0007102834060788155,8.358903141925111e-05,1.0175244808197021
baseline,0,1000000,3,0.020586028695106506,0.0006762326811440289,0.0001197641686303541,0.8385069370269775
baseline,0,1000000,4,0.019867731258273125,0.0007977006607688963,8.269926183857024e-05,1.0809587240219116
baseline,0,1000000,5,0.023123322054743767,0.0013235812075436115,0.0001727855997160077,0.9367067217826843
baseline,0,1000000,6,0.01796657405793667,0.0009658901253715158,7.325206388486549e-05,1.2409262657165527
baseline,0,1000000,7,0.01870247907936573,0.00047037453623488545,8.311892452184111e-05,0.830276608467102
baseline,0,1000000,8,0.02321617119014263,0.0010065909009426832,0.00014115459634922445,0.9246491193771362
baseline,0,1000000,9,0.022044692188501358,0.0010262998985126615,0.00015801523113623261,0.8745655417442322
baseline,0,1000000,10,0.03393298387527466,0.0017978037940338254,0.0003134027065243572,0.838092565536499
baseline,0,1000000,11,0.024967854842543602,0.0019344647880643606,0.00035702696186490357,0.7439749836921692
baseline,0,1000000,12,0.020465971902012825,0.0011513011995702982,0.00024141134053934366,0.7563894987106323
baseline,0,1000000,13,0.020983798429369926,0.0006873192032799125,5.981498907203786e-05,1.1803841590881348
baseline,0,1000000,14,0.0313837006688118,0.0016138546634465456,0.0001260879507753998,1.246917486190796
baseline,0,1000000,15,0.019555896520614624,0.0007396493456326425,0.00021324306726455688,0.6473566293716431
baseline,0,1000000,16,0.019118398427963257,0.0005028406158089638,7.093045132933185e-05,0.9343265295028687
baseline,0,1000000,17,0.02936839498579502,0.0016376000130549073,0.0004398451710585505,0.6371415853500366
baseline,0,1000000,18,0.028660833835601807,0.0015266216360032558,0.0001634347136132419,1.0554999113082886
baseline,0,1000000,19,0.029607372358441353,0.001173794036731124,4.473085209610872e-05,1.7559421062469482
baseline,0,1000000,20,0.04854385927319527,0.004230015445500612,0.0004375006537884474,1.083730936050415
baseline,0,1000000,21,0.021828684955835342,0.0007000876357778907,0.00011337328760419041,0.8771234750747681
baseline,0,1000000,22,0.015836670994758606,0.0003574120346456766,6.435208342736587e-05,0.8302261829376221
baseline,0,1000000,23,0.026527591049671173,0.0024774717167019844,0.00017047063738573343,1.3204128742218018
baseline,0,1000000,24,0.01789843663573265,0.0007715496467426419,0.00010156749340239912,0.9660606384277344
baseline,0,1000000,25,0.017467806115746498,0.0006028077332302928,0.00011785715469159186,0.7962738275527954
baseline,0,1000000,26,0.0222790390253067,0.0008581466972827911,0.0001127116265706718,0.9474071264266968
baseline,0,1000000,27,0.02710787206888199,0.0015519174048677087,0.0001970302837435156,0.9865170121192932
baseline,0,1000000,28,0.02069331519305706,0.0008935942896641791,9.729232988320291e-05,1.069811463356018
baseline,0,1000000,29,0.020728062838315964,0.0009400138515047729,0.0001206364540848881,0.9483650326728821
baseline,0,1000000,30,0.022704677656292915,0.0007112367311492562,0.00012451679504010826,0.8402493596076965
baseline,0,1000000,31,0.022393155843019485,0.0013229744508862495,0.00011759667540900409,1.1243478059768677
baseline,0,1000000,32,0.017597315832972527,0.0004635181394405663,8.97311037988402e-05,0.7995738983154297
baseline,0,1000000,33,0.018918665125966072,0.0004457340110093355,9.299615339841694e-05,0.7668003439903259
baseline,0,1000000,34,0.015851328149437904,0.0003750101022887975,4.4169439206598327e-05,1.0125877857208252
baseline,0,1000000,35,0.014648562297224998,0.000910996284801513,0.00013690484047401696,0.9007961750030518
baseline,0,1000000,36,0.026144661009311676,0.002757465001195669,0.0002353779855184257,1.1610920429229736
baseline,0,1000000,37,0.020591530948877335,0.00123309763148427,0.00037288686144165695,0.6353816986083984
baseline,0,1000000,38,0.013591518625617027,0.0004327602218836546,9.196895553031936e-05,0.7657995223999023
baseline,0,1000000,39,0.015426058322191238,0.0005596247501671314,8.557125693187118e-05,0.8909468054771423
baseline,0,1000000,40,0.019011616706848145,0.0016549151623621583,0.0002001465909415856,0.9576593041419983
baseline,0,1000000,41,0.020136544480919838,0.0009836925892159343,0.00023035732738208026,0.7090250253677368
baseline,0,1000000,42,0.01256424281746149,0.0011856158962473273,0.00010691159695852548,1.1619846820831299
baseline,0,1000000,43,0.025779422372579575,0.0009884405881166458,0.0001438189938198775,0.9051589965820312
baseline,0,1000000,44,0.029238315299153328,0.0026993686333298683,0.0002836161002051085,1.0513211488723755
baseline,0,1000000,45,0.019652139395475388,0.0006009119097143412,8.32884106785059e-05,0.9325498342514038
baseline,0,1000000,46,0.019785325974225998,0.0006634052842855453,0.00010851104889297858,0.8708546757698059
baseline,0,1000000,47,0.02541917935013771,0.0011642888421192765,0.00015828355390112847,0.952142059803009
baseline,0,1000000,48,0.026649612933397293,0.0012593527790158987,0.00020710710668936372,0.8431028127670288
baseline,0,1000000,49,0.02155751734972,0.0009102224721573293,8.18722546682693e-05,1.152766227722168
baseline,0,1000000,50,0.04624791070818901,0.003525101114064455,0.0001306101039517671,1.7511379718780518
baseline,0,1000000,51,0.016645921394228935,0.00048090494237840176,0.00011111495405202731,0.7267518043518066
baseline,0,1000000,52,0.022815492004156113,0.001103570917621255,8.883589180186391e-05,1.2025599479675293
baseline,0,1000000,53,0.02176832966506481,0.0007638583774678409,0.00013190235767979175,0.8470005393028259
baseline,0,1000000,54,0.02143203280866146,0.0009777549421414733,0.00012617220636457205,0.9690839648246765
baseline,0,1000000,55,0.021042849868535995,0.0017094858922064304,0.0001919351052492857,1.0359423160552979
baseline,0,1000000,56,0.02751811034977436,0.0009455075487494469,0.00013803489855490625,0.9182230234146118
baseline,0,1000000,57,0.021352261304855347,0.0005377772613428533,0.00011053327762056142,0.7746878862380981
baseline,0,1000000,58,0.03091980703175068,0.001169524621218443,0.00033699211780913174,0.6481095552444458
baseline,0,1000000,59,0.023091360926628113,0.0015441087307408452,6.12110088695772e-05,1.7201511859893799
baseline,0,1000000,60,0.016979480162262917,0.0004932521842420101,7.674015068914741e-05,0.8949431777000427
baseline,0,1000000,61,0.028582334518432617,0.0011404682882130146,0.0003477996797300875,0.6338745355606079
baseline,0,1000000,62,0.021998614072799683,0.0030983579345047474,9.370285988552496e-05,1.9216266870498657
baseline,0,1000000,63,0.018303709104657173,0.0004078605561517179,9.082788892555982e-05,0.7444146275520325
baseline,0,1000000,64,0.016574056819081306,0.0006594962324015796,8.840091322781518e-05,0.9397135972976685
baseline,0,1000000,65,0.028397785499691963,0.001612959080375731,0.0001777842699084431,1.0147767066955566
baseline,0,1000000,66,0.0230563934892416,0.0024647447280585766,0.00025344316964037716,1.059866189956665
baseline,0,1000000,67,0.020544052124023438,0.0005454430356621742,8.011986938072369e-05,0.9202698469161987
baseline,0,1000000,68,0.020127873867750168,0.0006179975462146103,0.00011041449033655226,0.8303254246711731
baseline,0,1000000,69,0.019739415496587753,0.0014126161113381386,0.00020134146325290203,0.8886237144470215
baseline,0,1000000,70,0.02283812128007412,0.0011567433830350637,0.00029952789191156626,0.6750043034553528
baseline,0,1000000,71,0.011448071338236332,0.0006860431749373674,0.00015985235222615302,0.7130393981933594
baseline,0,1000000,72,0.023937076330184937,0.0010961791267618537,0.00015377800446003675,0.9244967699050903
baseline,0,1000000,73,0.018922001123428345,0.0008112153154797852,0.0001920977811096236,0.7022823095321655
baseline,0,1000000,74,0.02357501909136772,0.0008395901531912386,0.00010545105033088475,0.9887498617172241
baseline,0,1000000,75,0.014308067038655281,0.0008528989274054766,0.00014864650438539684,0.8371542692184448
baseline,0,1000000,76,0.0238840002566576,0.0007453967118635774,0.00012114160927012563,0.8693724274635315
baseline,0,1000000,77,0.01435847021639347,0.0007060751086100936,0.0001122961039072834,0.8509466648101807
baseline,0,1000000,78,0.03254903107881546,0.0017112724017351866,0.00014227318752091378,1.2100743055343628
baseline,0,1000000,79,0.02948206476867199,0.000996799673885107,0.00016846843936946243,0.8560564517974854
baseline,0,1000000,80,0.02197095938026905,0.0010795462876558304,0.00037834991235286,0.5877719521522522
baseline,0,1000000,81,0.034092698246240616,0.003232455812394619,0.00020599983690772206,1.3400630950927734
baseline,0,1000000,82,0.037246525287628174,0.002271090168505907,0.00013208894233684987,1.362792730331421
baseline,0,1000000,83,0.028773147612810135,0.0011546536115929484,0.00012493935355450958,1.0470821857452393
baseline,0,1000000,84,0.022073496133089066,0.0017157839611172676,0.0001849089312599972,1.0549681186676025
baseline,0,1000000,85,0.028027305379509926,0.0019496221793815494,0.00014753192954231054,1.2573707103729248
baseline,0,1000000,86,0.023878032341599464,0.0008717349264770746,8.524108125129715e-05,1.1148380041122437
baseline,0,1000000,87,0.017876144498586655,0.0006175091257318854,0.00010898306936724111,0.8316676616668701
baseline,0,1000000,88,0.03209337592124939,0.0015236777253448963,0.00027593824779614806,0.8086591958999634
baseline,0,1000000,89,0.024069545790553093,0.002604847075417638,9.737261279951781e-05,1.78764009475708
baseline,0,1000000,90,0.018896371126174927,0.0006081871106289327,0.00011612039088504389,0.8073634505271912
baseline,0,1000000,91,0.029129143804311752,0.0017272382974624634,0.00021932199888397008,0.986413836479187
baseline,0,1000000,92,0.029579972848296165,0.0016512179281562567,0.000195284781511873,0.9604427218437195
baseline,0,1000000,93,0.021547887474298477,0.001983161084353924,0.00024254176241811365,0.9609000086784363
baseline,0,1000000,94,0.017186466604471207,0.0004665883316192776,7.494091551052406e-05,0.8803212642669678
baseline,0,1000000,95,0.019717341288924217,0.0007066974067129195,0.00024662507348693907,0.5737241506576538
baseline,0,1000000,96,0.01962663047015667,0.0011735947337001562,0.0002252634585602209,0.7491388320922852
baseline,0,1000000,97,0.016464579850435257,0.0006724530830979347,0.00010173345799557865,0.9025157690048218
baseline,0,1000000,98,0.025648728013038635,0.0008858433575369418,0.00012196954776300117,0.9189550876617432
baseline,0,1000000,99,0.017699481919407845,0.0004996199277229607,7.360512972809374e-05,0.90177321434021
baseline,0,1000000,100,0.018138090148568153,0.0007130735903047025,0.0001029633785947226,0.9093214273452759
baseline,0,1000000,101,0.02648996189236641,0.0010642856359481812,0.00019056026940234005,0.8189792633056641
baseline,0,1000000,102,0.04673437401652336,0.003543941304087639,0.0001464588422095403,1.6742570400238037
baseline,0,1000000,103,0.023595008999109268,0.0033475165255367756,7.186584116425365e-05,2.3559179306030273
baseline,0,1000000,104,0.019885366782546043,0.0016812265384942293,6.515168206533417e-05,1.584446668624878
baseline,0,1000000,105,0.028341541066765785,0.0010299516143277287,0.0004079303762409836,0.5393487215042114
baseline,0,1000000,106,0.025626251474022865,0.0017604447202757,0.00011712926789186895,1.2192933559417725
baseline,0,1000000,107,0.022844860330224037,0.0013949128333479166,0.000127297782455571,1.143932819366455
baseline,0,1000000,108,0.021823501214385033,0.0012081394670531154,0.00020088402379769832,0.8447303771972656
baseline,0,1000000,109,0.02239888720214367,0.001392558915540576,0.00017559246043674648,0.9809879064559937
baseline,0,1000000,110,0.021516893059015274,0.0006650745635852218,0.00016220803081523627,0.7009079456329346
baseline,0,1000000,111,0.03142363205552101,0.0015686658443883061,0.00019958788470830768,0.9242103099822998
baseline,0,1000000,112,0.033925991505384445,0.0022183076944202185,0.0001465240929974243,1.292235255241394
baseline,0,1000000,113,0.018880562856793404,0.0010190377943217754,0.00013657349336426705,0.9571356773376465
baseline,0,1000000,114,0.050557080656290054,0.004080560989677906,0.0001512442104285583,1.7508063316345215
baseline,0,1000000,115,0.021980727091431618,0.0007630402687937021,9.533931006444618e-05,0.9900710582733154
baseline,0,1000000,116,0.015252380631864071,0.0004977684584446251,0.00012141717888880521,0.7088533639907837
baseline,0,1000000,117,0.02068376913666725,0.0012935101985931396,0.0001080577785614878,1.1829791069030762
baseline,0,1000000,118,0.019825998693704605,0.0005947897443547845,9.330374450655654e-05,0.8880385756492615
baseline,0,1000000,119,0.021450472995638847,0.0010148651199415326,0.0001914443273562938,0.794164776802063
baseline,0,1000000,120,0.027272066101431847,0.0009067669161595404,0.00013236615632195026,0.9182528853416443
baseline,0,1000000,121,0.024605819955468178,0.0016329983482137322,0.00025322637520730495,0.880943775177002
baseline,0,1000000,122,0.02355787344276905,0.0007294846582226455,8.913171768654138e-05,0.9949870109558105
baseline,0,1000000,123,0.027490394189953804,0.0012590681435540318,0.00036707802792079747,0.6407566666603088
baseline,0,1000000,124,0.026414545252919197,0.001051451312378049,8.641758176963776e-05,1.203690528869629
baseline,0,1000000,125,0.017714817076921463,0.0004038393672090024,6.44644460408017e-05,0.8825522661209106
baseline,0,1000000,126,0.018632981926202774,0.002492853906005621,7.539530633948743e-05,1.9218133687973022
baseline,0,1000000,127,0.01863345503807068,0.00080941675696522,0.00015006070316303521,0.7915262579917908
baseline,1,5001,0,0.0033946179319173098,1.1525013178470545e-05,5.670027348969597e-06,0.504059374332428
baseline,1,5001,1,0.004044907633215189,1.6363967006327584e-05,7.994369298103265e-06,0.5058307647705078
baseline,1,5001,2,0.0032296450808644295,1.0432208000565879e-05,5.109996891405899e-06,0.5051630735397339
baseline,1,5001,3,0.00330660049803555,1.0933905286947265e-05,5.430490546132205e-06,0.5016742944717407
baseline,1,5001,4,0.004055577330291271,1.645402517169714e-05,8.00798625277821e-06,0.5067893266677856
baseline,1,5001,5,0.004674864932894707,2.1864587324671447e-05,1.063944091583835e-05,0.5068315267562866
baseline,1,5001,6,0.004244618117809296,1.802232873160392e-05,8.751977475185413e-06,0.5073473453521729
baseline,1,5001,7,0.003537281882017851,1.251273715752177e-05,6.214661425474333e-06,0.5016733407974243
baseline,1,5001,8,0.0039764088578522205,1.5817018720554188e-05,7.677295798202977e-06,0.5074711441993713
baseline,1,5001,9,0.00444469228386879,1.9760891518671997e-05,9.572273484081961e-06,0.5079821944236755
baseline,1,5001,10,0.004270180128514767,1.8235698007629253e-05,8.982360668596812e-06,0.5037543773651123
baseline,1,5001,11,0.0027979209553450346,7.828395609976724e-06,3.906474830728257e-06,0.5004929304122925
baseline,1,5001,12,0.003443031571805477,1.185497603728436e-05,5.851774858456338e-06,0.5032225847244263
baseline,1,5001,13,0.0029380202759057283,8.632342542114202e-06,4.273546892363811e-06,0.5024861097335815
baseline,1,5001,14,0.005070055369287729,2.571435834397562e-05,1.2484166290960275e-05,0.5074113607406616
baseline,1,5001,15,0.004533041268587112,2.0554231014102697e-05,1.0062994988402352e-05,0.5052886605262756
baseline,1,5001,16,0.0035063368268311024,1.2296016393520404e-05,6.062577540433267e-06,0.5035088062286377
baseline,1,5001,17,0.002679872326552868,7.1817503339843825e-06,3.5829887110594427e-06,0.5005490183830261
baseline,1,5001,18,0.004413710441440344,1.948425233422313e-05,9.54809547693003e-06,0.5050520896911621
baseline,1,5001,19,0.003826830768957734,1.4645514966105111e-05,7.25253130440251e-06,0.5024129152297974
baseline,1,5001,20,0.0042685759253799915,1.8224855011794716e-05,8.911441000236664e-06,0.5056045651435852
baseline,1,5001,21,0.004200644791126251,1.765329398040194e-05,8.497391718265135e-06,0.5095925331115723
baseline,1,5001,22,0.003306969068944454,1.0936752005363815e-05,5.3963676691637374e-06,0.5033234357833862
baseline,1,5001,23,0.004072167444974184,1.6585065168328583e-05,8.159378921845928e-06,0.5040608644485474
baseline,1,5001,24,0.003218976082280278,1.0362223292759154e-05,5.100720500195166e-06,0.5039234161376953
baseline,1,5001,25,0.0037102135829627514,1.376649015583098e-05,6.817602297815029e-06,0.5023994445800781
baseline,1,5001,26,0.004526457283645868,2.0494455384323373e-05,9.942329597834032e-06,0.5076061487197876
baseline,1,5001,27,0.004674192517995834,2.1852007193956524e-05,1.0579346962913405e-05,0.5081228017807007
baseline,1,5001,28,0.00496090529486537,2.4620363547001034e-05,1.1815331163234077e-05,0.5103600025177002
baseline,1,5001,29,0.00475133815780282,2.2578769858228043e-05,1.1039883247576654e-05,0.5056154727935791
baseline,1,5001,30,0.004616415128111839,2.1322612155927345e-05,1.0292966180713847e-05,0.5088648796081543
baseline,1,5001,31,0.005262817721813917,2.7707435947377235e-05,1.3478619621309917e-05,0.5069059133529663
baseline,1,5001,32,0.003203555941581726,1.0263092917739414e-05,5.076708930573659e-06,0.5026918053627014
baseline,1,5001,33,0.0029572858475148678,8.745735613047145e-06,4.329802777647274e-06,0.5024791955947876
baseline,1,5001,34,0.003334523644298315,1.1119842383777723e-05,5.472955763252685e-06,0.5039553642272949
baseline,1,5001,35,0.003910805098712444,1.5298734069801867e-05,7.4853614933090284e-06,0.5054458379745483
baseline,1,5001,36,0.004882490262389183,2.384459185122978e-05,1.1652971807052381e-05,0.5057418346405029
baseline,1,5001,37,0.004523386713117361,2.046496229013428e-05,1.0009445759351365e-05,0.5055371522903442
baseline,1,5001,38,0.004109588917344809,1.689106284175068e-05,8.317502761201467e-06,0.5038312077522278
baseline,1,5001,39,0.0035861677024513483,1.2861287359555718e-05,6.329753887257539e-06,0.5039671063423157
baseline,1,5001,40,0.004469288978725672,1.9980045181000605e-05,9.684263204690069e-06,0.5078292489051819
baseline,1,5001,41,0.004059136379510164,1.647861245146487e-05,8.071570846368559e-06,0.5051662921905518
baseline,1,5001,42,0.004728598985821009,2.2377078494173475e-05,1.079050161933992e-05,0.5091354846954346
baseline,1,5001,43,0.0038650333881378174,1.4943607311579399e-05,7.202235792647116e-06,0.5092689394950867
baseline,1,5001,44,0.004018756560981274,1.6155077901203185e-05,7.871442903706338e-06,0.5065010786056519
baseline,1,5001,45,0.004260372370481491,1.8154914869228378e-05,8.921402695705183e-06,0.5043516159057617
baseline,1,5001,46,0.003469309536740184,1.2036457519570831e-05,5.975549356662668e-06,0.5017808675765991
baseline,1,5001,47,0.004468637518584728,1.997521030716598e-05,9.743230293679517e-06,0.5062288045883179
baseline,1,5001,48,0.006608868483453989,4.373111005406827e-05,2.0962856069672853e-05,0.5106459856033325
baseline,1,5001,49,0.003954329062253237,1.563835576234851e-05,7.67923120292835e-06,0.5045334100723267
baseline,1,5001,50,0.00371452234685421,1.3800430679111741e-05,6.721624231431633e-06,0.5065970420837402
baseline,1,5001,51,0.0036452850326895714,1.3289011803863104e-05,6.563979241036577e-06,0.5030558109283447
baseline,1,5001,52,0.004703188315033913,2.2127591364551336e-05,1.0779349395306781e-05,0.506551206111908
baseline,1,5001,53,0.003162109525874257,9.999790563597344e-06,4.9409627536078915e-06,0.5029716491699219
baseline,1,5001,54,0.0038525753188878298,1.4844612451270223e-05,7.225475201266818e-06,0.5067626237869263
baseline,1,5001,55,0.00423075444996357,1.7906968423631042e-05,8.722803613636643e-06,0.5065657496452332
baseline,1,5001,56,0.0035395491868257523,1.2529962987173349e-05,6.17993555351859e-06,0.5034269094467163
baseline,1,5001,57,0.0038573353085666895,1.4880642993375659e-05,7.332597306231037e-06,0.5036574006080627
baseline,1,5001,58,0.0036481155548244715,1.3309643691172823e-05,6.568414391949773e-06,0.5032761693000793
baseline,1,5001,59,0.004800730850547552,2.305914313183166e-05,1.1131854080304038e-05,0.5088505744934082
baseline,1,5001,60,0.003356728469952941,1.126823372032959e-05,5.5865198191895615e-06,0.5021239519119263
baseline,1,5001,61,0.003916655667126179,1.5341387552325614e-05,7.563519375253236e-06,0.5035279989242554
baseline,1,5001,62,0.005378881003707647,2.894313365686685e-05,1.3960561773274094e-05,0.5090648531913757
baseline,1,5001,63,0.004245254676789045,1.8026046745944768e-05,8.783769771980587e-06,0.5064804553985596
baseline,1,5001,64,0.004335986450314522,1.8806786101777107e-05,9.171597412205301e-06,0.5062763690948486
baseline,1,5001,65,0.0046126157976686954,2.128796768374741e-05,1.0212220331595745e-05,0.5104575753211975
baseline,1,5001,66,0.0035396963357925415,1.2531054380815476e-05,6.161931651149644e-06,0.504183828830719
baseline,1,5001,67,0.0032126230653375387,1.0321559784642886e-05,5.097491794003872e-06,0.5030930042266846
baseline,1,5001,68,0.0035041472874581814,1.2281893759791274e-05,5.981637968943687e-06,0.5066127777099609
baseline,1,5001,69,0.004607038572430611,2.124096681654919e-05,1.016256010188954e-05,0.5111379623413086
baseline,1,5001,70,0.0038750977255403996,1.501704264228465e-05,7.4414606388018e-06,0.5022459030151367
baseline,1,5001,71,0.0030216395389288664,9.130584658123553e-06,4.5089013838151e-06,0.5031156539916992
baseline,1,5001,72,0.004493343643844128,2.0196994228172116e-05,9.800884981814306e-06,0.507532000541687
baseline,1,5001,73,0.004030163865536451,1.6243582649622113e-05,7.95963205746375e-06,0.5050654411315918
baseline,1,5001,74,0.004489438608288765,2.016512371483259e-05,9.782662345969584e-06,0.5076035261154175
baseline,1,5001,75,0.00458898488432169,2.1063311578473076e-05,1.0254691915179137e-05,0.5067043304443359
baseline,1,5001,76,0.0038140504620969296,1.4549234037986025e-05,7.130694939405657e-06,0.5050187110900879
baseline,1,5001,77,0.004331322852522135,1.8763723346637562e-05,9.163577487925068e-06,0.5059176683425903
baseline,1,5001,78,0.005184408742934465,2.688675704121124e-05,1.3075445167487487e-05,0.5069824457168579
baseline,1,5001,79,0.003318820148706436,1.1015234122169204e-05,5.442544079414802e-06,0.5029786825180054
baseline,1,5001,80,0.0033993793185800314,1.1556629033293575e-05,5.667127879860345e-06,0.5048794746398926
baseline,1,5001,81,0.004672751296311617,2.1867739633307792e-05,1.0243455108138733e-05,0.5165724754333496
baseline,1,5001,82,0.004088647197932005,1.6719377526897006e-05,8.19660272100009e-06,0.5049474239349365
baseline,1,5001,83,0.0038854556623846292,1.50986334119807e-05,7.41841176932212e-06,0.5043901801109314
baseline,1,5001,84,0.004460232798010111,1.9902265194104984e-05,9.668279744801112e-06,0.5072585940361023
baseline,1,5001,85,0.0041883825324475765,1.754631011863239e-05,8.536724635632709e-06,0.5068742036819458
baseline,1,5001,86,0.0033241095952689648,1.1050560715375468e-05,5.446490376925794e-06,0.5036020278930664
baseline,1,5001,87,0.004457063041627407,1.987134965020232e-05,9.623455298424233e-06,0.5080435276031494
baseline,1,5001,88,0.0032915666233748198,1.083552160707768e-05,5.287908152240561e-06,0.5061004757881165
baseline,1,5001,89,0.005445694085210562,2.9688850190723315e-05,1.4070988072489854e-05,0.5135539174079895
baseline,1,5001,90,0.004455480724573135,1.9856015569530427e-05,9.669770406617317e-06,0.5066297650337219
baseline,1,5001,91,0.0044706156477332115,1.9990315195173025e-05,9.677545676822774e-06,0.5081359148025513
baseline,1,5001,92,0.0044451141729950905,1.9762475858442485e-05,9.648912055126857e-06,0.5059810876846313
baseline,1,5001,93,0.005173779558390379,2.677917291293852e-05,1.2934372534800787e-05,0.5087189674377441
baseline,1,5001,94,0.004020810127258301,1.6169651644304395e-05,7.947950507514179e-06,0.5042847990989685
baseline,1,5001,95,0.004039733670651913,1.6321522707585245e-05,8.033935955609195e-06,0.5039288997650146
baseline,1,5001,96,0.0037010922096669674,1.3698768270842265e-05,6.774384473828832e-06,0.5027583837509155
baseline,1,5001,97,0.003550587920472026,1.2607901226147078e-05,6.184292942634784e-06,0.5048122406005859
baseline,1,5001,98,0.004196811933070421,1.7620837752474472e-05,8.50827473186655e-06,0.5087981820106506
baseline,1,5001,99,0.0053386809304356575,2.852709440048784e-05,1.3780248082184698e-05,0.5086886882781982
baseline,1,5001,100,0.003995845559984446,1.5973262634361163e-05,7.783785804349463e-06,0.5064707398414612
baseline,1,5001,101,0.00442868284881115,1.9618848455138505e-05,9.481683264311869e-06,0.508565366268158
baseline,1,5001,102,0.0036985580809414387,1.3681105883733835e-05,6.7298860813025385e-06,0.5040923357009888
baseline,1,5001,103,0.00453126011416316,2.0557343304972164e-05,9.707039680506568e-06,0.5145085453987122
baseline,1,5001,104,0.0039896066300570965,1.5918667486403137e-05,7.700306014157832e-06,0.5083380341529846
baseline,1,5001,105,0.003560527926310897,1.2679744941124227e-05,6.182991455716547e-06,0.506301760673523
baseline,1,5001,106,0.004647540394216776,2.1607607777696103e-05,1.0486737664905377e-05,0.5074995756149292
baseline,1,5001,107,0.004075036384165287,1.6613466868875548e-05,7.968484169396106e-06,0.5104995965957642
baseline,1,5001,108,0.0033024391159415245,1.0906378520303406e-05,5.402666374720866e-06,0.5023308992385864
baseline,1,5001,109,0.004732931964099407,2.240730100311339e-05,1.099372730095638e-05,0.5047481060028076
baseline,1,5001,110,0.004142823629081249,1.7164744349429384e-05,8.380572580790613e-06,0.5059816837310791
baseline,1,5001,111,0.004189426079392433,1.755358425725717e-05,8.518757567799184e-06,0.5075137615203857
baseline,1,5001,112,0.00445813313126564,1.9902799976989627e-05,9.442772352485918e-06,0.5132867693901062
baseline,1,5001,113,0.004987167194485664,2.488001700839959e-05,1.2025167052343022e-05,0.5085480213165283
baseline,1,5001,114,0.004084920976310968,1.6689838957972825e-05,8.126288776111323e-06,0.506679117679596
baseline,1,5001,115,0.004242050461471081,1.800182872102596e-05,8.741923011257313e-06,0.5073500871658325
baseline,1,5001,116,0.003672103863209486,1.3486713214660995e-05,6.622309228987433e-06,0.504547119140625
baseline,1,5001,117,0.0034862866159528494,1.2155734111729544e-05,5.982902621326502e-06,0.5039507746696472
baseline,1,5001,118,0.0034255757927894592,1.1735624866560102e-05,5.7574952734285034e-06,0.5047658681869507
baseline,1,5001,119,0.0038187378086149693,1.4584646123694256e-05,7.1430827119911555e-06,0.505194365978241
baseline,1,5001,120,0.0035129522439092398,1.2342334230197594e-05,6.087288056733087e-06,0.5034313201904297
baseline,1,5001,121,0.004032209049910307,1.6262127246591263e-05,7.953118256409653e-06,0.5055603981018066
baseline,1,5001,122,0.0036245372612029314,1.3138618669472635e-05,6.475082500401186e-06,0.5036231279373169
baseline,1,5001,123,0.0034770644269883633,1.2090431482647546e-05,5.9819049056386575e-06,0.5026372671127319
baseline,1,5001,124,0.0043252394534647465,1.8709097275859676e-05,9.171764759230427e-06,0.5049551725387573
baseline,1,5001,125,0.004598860163241625,2.115347160724923e-05,1.035109471558826e-05,0.5054174661636353
baseline,1,5001,126,0.005273628514260054,2.7821684852824546e-05,1.3417273294180632e-05,0.5091098546981812
baseline,1,5001,127,0.005231047980487347,2.7381642212276347e-05,1.3300928003445733e-05,0.5072717070579529
baseline,1,50000,0,0.019148847088217735,0.00044196733506396413,0.00013992373715154827,0.6281170845031738
baseline,1,50000,1,0.0202323067933321,0.0004632907221093774,0.00015401955170091242,0.612601637840271
baseline,1,50000,2,0.020211150869727135,0.0005502256099134684,0.00016353500541299582,0.6470558643341064
baseline,1,50000,3,0.02276453748345375,0.0005407279822975397,0.0002813578466884792,0.48875582218170166
baseline,1,50000,4,0.01682957075536251,0.0003701947280205786,9.790345939109102e-05,0.686196506023407
baseline,1,50000,5,0.020922169089317322,0.0005370773142203689,0.00013250749907456338,0.7100903391838074
baseline,1,50000,6,0.019521165639162064,0.00047127067227847874,0.0001348703954135999,0.6591570377349854
baseline,1,50000,7,0.021540017798542976,0.0006115696742199361,0.00023517583031207323,0.5686323046684265
baseline,1,50000,8,0.017533479258418083,0.00035496786586008966,9.608529944671318e-05,0.6735903024673462
baseline,1,50000,9,0.016004029661417007,0.00043166763498447835,0.000113247187982779,0.6885063648223877
baseline,1,50000,10,0.016006480902433395,0.0003359164693392813,0.0001415801962139085,0.543053388595581
baseline,1,50000,11,0.02941139042377472,0.0009362689452245831,0.0006516819121316075,0.4203217327594757
baseline,1,50000,12,0.027432866394519806,0.0009011663496494293,0.0003858646668959409,0.5394774675369263
baseline,1,50000,13,0.01992003247141838,0.0004793546977452934,0.0001429572730557993,0.6446868181228638
baseline,1,50000,14,0.018636783584952354,0.0004097752389498055,0.00013754842802882195,0.6086463928222656
baseline,1,50000,15,0.019470594823360443,0.000490431732032448,0.0001850594417192042,0.5734776258468628
baseline,1,50000,16,0.019524570554494858,0.00041481046355329454,0.0001462881627958268,0.5929155945777893
baseline,1,50000,17,0.029970666393637657,0.0009368639439344406,0.0006669060094282031,0.41570377349853516
baseline,1,50000,18,0.019226476550102234,0.00046592153375968337,0.00020155509992036968,0.5367233753204346
baseline,1,50000,19,0.017368663102388382,0.00044896797044202685,0.00015360958059318364,0.6032165884971619
baseline,1,50000,20,0.019057607278227806,0.0004296783299650997,0.00012987405352760106,0.6403157114982605
baseline,1,50000,21,0.019650215283036232,0.00047011676360853016,0.0001254496310139075,0.6808339357376099
baseline,1,50000,22,0.01761731132864952,0.000359118334017694,0.00014654746337328106,0.5524302124977112
baseline,1,50000,23,0.01651857979595661,0.00035044708056375384,0.00010340857261326164,0.6485425233840942
baseline,1,50000,24,0.017686260864138603,0.00037571677239611745,0.00015201627684291452,0.5549094676971436
baseline,1,50000,25,0.0208912156522274,0.00046931166434660554,0.00019504646479617804,0.547316312789917
baseline,1,50000,26,0.01570098288357258,0.00025613472098484635,7.017288589850068e-05,0.6720781922340393
baseline,1,50000,27,0.023067347705364227,0.0008146279724314809,0.00021272349113132805,0.6902424097061157
baseline,1,50000,28,0.01596715673804283,0.00031018583104014397,8.79930448718369e-05,0.6631186008453369
baseline,1,50000,29,0.020793849602341652,0.0005084499716758728,0.00017442599346395582,0.6026616096496582
baseline,1,50000,30,0.01714213564991951,0.00039943147567100823,0.00010747544001787901,0.6793423891067505
baseline,1,50000,31,0.017912408336997032,0.00043749454198405147,0.00014691012620460242,0.6087497472763062
baseline,1,50000,32,0.020968779921531677,0.000500568188726902,0.0001831826230045408,0.5832654237747192
baseline,1,50000,33,0.018053827807307243,0.0003664356772787869,0.00015694084868300706,0.5388064980506897
baseline,1,50000,34,0.0171517301350832,0.00038456637412309647,0.00014434874174185097,0.5764415264129639
baseline,1,50000,35,0.019598647952079773,0.00042986610787920654,0.00012514226546045393,0.6531083583831787
baseline,1,50000,36,0.018248919397592545,0.00044575711945071816,0.00016950770805124193,0.5706766843795776
baseline,1,50000,37,0.018060943111777306,0.00037265135324560106,0.0001347894431091845,0.5864343047142029
baseline,1,50000,38,0.01911717839539051,0.0004569749580696225,0.00015332076873164624,0.6097695827484131
baseline,1,50000,39,0.019207710400223732,0.0004368542577140033,0.0001408355892635882,0.6216229796409607
baseline,1,50000,40,0.01551677193492651,0.0003674086183309555,8.726864325581118e-05,0.7240616083145142
baseline,1,50000,41,0.016086077317595482,0.0004428345710039139,0.00014998317055869848,0.6069328188896179
baseline,1,50000,42,0.01802745647728443,0.0003975230210926384,0.00010825633944477886,0.6750340461730957
baseline,1,50000,43,0.016377344727516174,0.0003195359604433179,8.769977284828201e-05,0.673938512802124
baseline,1,50000,44,0.021794036030769348,0.0005596381961368024,0.00018503578030504286,0.6141487956047058
baseline,1,50000,45,0.0165819451212883,0.00029769307002425194,9.405834134668112e-05,0.6277046799659729
baseline,1,50000,46,0.021216068416833878,0.0004729052307084203,0.00023223250173032284,0.5039071440696716
baseline,1,50000,47,0.014588397927582264,0.0003096616128459573,9.627876715967432e-05,0.6338549852371216
baseline,1,50000,48,0.02097517065703869,0.0006585060618817806,0.0001861207274487242,0.6641653776168823
baseline,1,50000,49,0.017219336703419685,0.00045298802433535457,0.00012144137144787237,0.6818127036094666
baseline,1,50000,50,0.022507319226861,0.0006874534301459789,0.00020191064686514437,0.6506524085998535
baseline,1,50000,51,0.01821369118988514,0.0005598212592303753,0.00017371302237734199,0.6330668330192566
baseline,1,50000,52,0.020562538877129555,0.0005908887833356857,0.00014189488138072193,0.7205696702003479
baseline,1,50000,53,0.01831026002764702,0.00037117485771887004,0.0001642744755372405,0.5304060578346252
baseline,1,50000,54,0.015360143035650253,0.00030410930048674345,7.696887041674927e-05,0.7021338939666748
baseline,1,50000,55,0.019146718084812164,0.000493349158205092,0.0001485995016992092,0.6412822008132935
baseline,1,50000,56,0.01859034225344658,0.00042573592509143054,0.0001455299207009375,0.6037678718566895
baseline,1,50000,57,0.01676885038614273,0.00033570450614206493,9.925914491759613e-05,0.6489769220352173
baseline,1,50000,58,0.022262345999479294,0.000623616564553231,0.00018736704078037292,0.6438080072402954
baseline,1,50000,59,0.01948239654302597,0.00045860192039981484,0.00011459694360382855,0.7063187956809998
baseline,1,50000,60,0.019464271143078804,0.00040759737021289766,0.00013768227654509246,0.608063280582428
baseline,1,50000,61,0.01961522363126278,0.0005320778000168502,0.00021042829030193388,0.5616470575332642
baseline,1,50000,62,0.021738404408097267,0.0005419631488621235,0.00012714443437289447,0.7277278900146484
baseline,1,50000,63,0.023583652451634407,0.0006314685451798141,0.00020924532145727426,0.6132775545120239
baseline,1,50000,64,0.01643087901175022,0.00037846050690859556,0.00010190267494181171,0.6787287592887878
baseline,1,50000,65,0.015338974073529243,0.0002859818923752755,6.642544758506119e-05,0.728725790977478
baseline,1,50000,66,0.02199632301926613,0.0005879739765077829,0.00022620226081926376,0.5690335631370544
baseline,1,50000,67,0.020471783354878426,0.0004900994244962931,0.00019201326358597726,0.5643419623374939
baseline,1,50000,68,0.017006175592541695,0.00031454264535568655,0.00010722382285166532,0.6044478416442871
baseline,1,50000,69,0.017734257504343987,0.0004400726465974003,0.00010224989091511816,0.7295702695846558
baseline,1,50000,70,0.021560179069638252,0.0005229973467066884,0.0002585104666650295,0.501294732093811
baseline,1,50000,71,0.021107302978634834,0.0006463195895776153,0.00025179365184158087,0.5654945373535156
baseline,1,50000,72,0.018429512158036232,0.0003944662748835981,0.00010676633974071592,0.6736174821853638
baseline,1,50000,73,0.020233286544680595,0.0005526543827727437,0.00022040895419195294,0.5584074258804321
baseline,1,50000,74,0.01670255698263645,0.0003407264011912048,0.00010364133777329698,0.639376163482666
baseline,1,50000,75,0.02389763668179512,0.0006937967264093459,0.00025656959041953087,0.5807622671127319
baseline,1,50000,76,0.018056455999612808,0.0003592755238059908,8.289309334941208e-05,0.7336322069168091
baseline,1,50000,77,0.020791254937648773,0.0005592610104940832,0.00017936876974999905,0.6227611303329468
baseline,1,50000,78,0.018751060590147972,0.00041703644092194736,0.0001425250811735168,0.6034591794013977
baseline,1,50000,79,0.02190457284450531,0.0005431993631646037,0.00021893442317377776,0.556377649307251
baseline,1,50000,80,0.017891205847263336,0.0004790161328855902,0.00015795014041941613,0.6153275966644287
baseline,1,50000,81,0.02052430436015129,0.0005259988247416914,0.00012115193385398015,0.7346202731132507
baseline,1,50000,82,0.023506680503487587,0.000729306077118963,0.00020947580924257636,0.6578694581985474
baseline,1,50000,83,0.019153660163283348,0.0004370413371361792,0.0001674171071499586,0.570060133934021
baseline,1,50000,84,0.016455624252557755,0.0003646152326837182,0.00010023176582762972,0.672961950302124
baseline,1,50000,85,0.02032404951751232,0.0005133228842169046,0.00014224721235223114,0.6698614954948425
baseline,1,50000,86,0.018290165811777115,0.0003632662701420486,0.0001291576772928238,0.5910552144050598
baseline,1,50000,87,0.02236863784492016,0.0005477396189235151,0.0001887384132714942,0.6013243198394775
baseline,1,50000,88,0.018441936001181602,0.00046847303747199476,0.0001355052663711831,0.6550927758216858
baseline,1,50000,89,0.01552491169422865,0.0003255985211580992,7.292561349458992e-05,0.7441236972808838
baseline,1,50000,90,0.018987825140357018,0.00046438383287750185,0.00013581161329057068,0.652489423751831
baseline,1,50000,91,0.02313718944787979,0.0008341635693795979,0.00021782086696475744,0.6902478933334351
baseline,1,50000,92,0.018872985616326332,0.0004377712612040341,0.00014030039892531931,0.6232457756996155
baseline,1,50000,93,0.013449057005345821,0.00033155782148241997,8.643518958706409e-05,0.6906775236129761
baseline,1,50000,94,0.018530916422605515,0.00045426402357406914,0.0001331746025243774,0.6514575481414795
baseline,1,50000,95,0.022440260276198387,0.0007032224675640464,0.00024413644860032946,0.5996167659759521
baseline,1,50000,96,0.01914847455918789,0.0005229300586506724,0.00021933541574981064,0.5425727963447571
baseline,1,50000,97,0.017765920609235764,0.0003784748259931803,0.00012792251072824,0.6060310006141663
baseline,1,50000,98,0.01467890851199627,0.00030211551347747445,6.0426922573242337e-05,0.7888354659080505
baseline,1,50000,99,0.021836847066879272,0.0005214069387875497,0.0001369883248116821,0.6891387701034546
baseline,1,50000,100,0.021427670493721962,0.0006119876052252948,0.00017685310740489513,0.6564122438430786
baseline,1,50000,101,0.021120566874742508,0.0007233156356960535,0.0002427821309538558,0.6071635484695435
baseline,1,50000,102,0.02147260680794716,0.0006599446060135961,0.00024513975949957967,0.579430103302002
baseline,1,50000,103,0.01512234378606081,0.0003270094166509807,6.023823516443372e-05,0.8208196759223938
baseline,1,50000,104,0.0176968015730381,0.0004633372591342777,0.00011587521294131875,0.7043018937110901
baseline,1,50000,105,0.01703691855072975,0.00039437582017853856,0.0001195414224639535,0.6413125395774841
baseline,1,50000,106,0.014895051717758179,0.0004474242450669408,0.00011094337241956964,0.7062475085258484
baseline,1,50000,107,0.018471090123057365,0.0005522578721866012,0.00013363426842261106,0.7147815823554993
baseline,1,50000,108,0.022263893857598305,0.0005663502961397171,0.00024265887623187155,0.5395028591156006
baseline,1,50000,109,0.017193784937262535,0.00038765667704865336,0.00011885993444593623,0.637757420539856
baseline,1,50000,110,0.016651539131999016,0.0003774054639507085,0.00010359910083934665,0.6742875576019287
baseline,1,50000,111,0.023539556190371513,0.0006787340389564633,0.00022290335618890822,0.6160222291946411
baseline,1,50000,112,0.013967555947601795,0.0003446483751758933,7.371618266915902e-05,0.760744571685791
baseline,1,50000,113,0.021986668929457664,0.000529646291397512,0.00012984743807464838,0.7113783955574036
baseline,1,50000,114,0.02184438705444336,0.0006584271905012429,0.00019336672266945243,0.6506823301315308
baseline,1,50000,115,0.016767945140600204,0.0004349816881585866,0.0001172060874523595,0.67976313829422
baseline,1,50000,116,0.02239846996963024,0.0005863714613951743,0.00021316588390618563,0.5853478312492371
baseline,1,50000,117,0.017655769363045692,0.0005074273212812841,0.00015703462122473866,0.6346498727798462
baseline,1,50000,118,0.019509796053171158,0.0005118462722748518,0.0001720808504614979,0.6076206564903259
baseline,1,50000,119,0.018645580857992172,0.0005346726393327117,0.0001976922940229997,0.5810900926589966
baseline,1,50000,120,0.01712615042924881,0.00035851250868290663,0.0001225537998834625,0.6037670969963074
baseline,1,50000,121,0.020207872614264488,0.0005258506862446666,0.00020562188001349568,0.5647428631782532
baseline,1,50000,122,0.0185152068734169,0.00045247506932355464,0.000154590088641271,0.6035321950912476
baseline,1,50000,123,0.024425113573670387,0.0008950996561907232,0.0003102260234300047,0.5997108221054077
baseline,1,50000,124,0.017684953287243843,0.00045287341345101595,0.0001635215594433248,0.5870438814163208
baseline,1,50000,125,0.015943510457873344,0.00031636652420274913,9.353322093375027e-05,0.6487618684768677
baseline,1,50000,126,0.019025472924113274,0.0004135823401156813,9.701540693640709e-05,0.7277801632881165
baseline,1,50000,127,0.018684007227420807,0.0004124795086681843,0.00012809000327251852,0.6322358846664429
baseline,1,100000,0,0.019944319501519203,0.0005918866954743862,0.00016526579565834254,0.6671352982521057
baseline,1,100000,1,0.018540652468800545,0.00042359399958513677,0.00012686701666098088,0.6449975967407227
baseline,1,100000,2,0.024880172684788704,0.0007401573820970953,0.0001896965695777908,0.6961786150932312
baseline,1,100000,3,0.018185490742325783,0.0003516143769957125,0.00015534421254415065,0.530945897102356
baseline,1,100000,4,0.01977202296257019,0.0004902384243905544,0.00013039191253483295,0.6835638284683228
baseline,1,100000,5,0.024670453742146492,0.0007370146922767162,0.0002086673048324883,0.6636186838150024
baseline,1,100000,6,0.014840607531368732,0.0003545421059243381,0.0001112144163926132,0.6295179128646851
baseline,1,100000,7,0.020220082253217697,0.0004824681091122329,0.00012529805826488882,0.6910158395767212
baseline,1,100000,8,0.019711269065737724,0.000480873160995543,0.00012009155034320429,0.7059121131896973
baseline,1,100000,9,0.01658589206635952,0.0003529294626787305,0.0001059206115314737,0.6424593329429626
baseline,1,100000,10,0.019639141857624054,0.00044419881305657327,0.00021936460689175874,0.5007894039154053
baseline,1,100000,11,0.027769990265369415,0.0008360428619198501,0.0005683174822479486,0.42462971806526184
baseline,1,100000,12,0.0209832601249218,0.0005614762776531279,0.00021824617579113692,0.5653160214424133
baseline,1,100000,13,0.01737518608570099,0.0004045721725560725,0.00014390387514140457,0.5921152830123901
baseline,1,100000,14,0.01751851662993431,0.0004039875348098576,0.000108967004052829,0.6782270073890686
baseline,1,100000,15,0.01938653364777565,0.000514434592332691,0.0002281519991811365,0.5294797420501709
baseline,1,100000,16,0.022577065974473953,0.0005599006544798613,0.00017303273489233106,0.6350616216659546
baseline,1,100000,17,0.026405788958072662,0.000729370687622577,0.000526780029758811,0.41224029660224915
baseline,1,100000,18,0.018513813614845276,0.00040093244751915336,0.0002133205416612327,0.4834441840648651
baseline,1,100000,19,0.015338344499468803,0.0003547162632457912,0.00012539015733636916,0.5936011075973511
baseline,1,100000,20,0.018278228119015694,0.0005281099583953619,0.00021382769045885652,0.5536627769470215
baseline,1,100000,21,0.015005163848400116,0.00028949862462468445,8.105113374767825e-05,0.6659886837005615
baseline,1,100000,22,0.018642371520400047,0.0003646192199084908,0.00010671732161426917,0.6520411968231201
baseline,1,100000,23,0.02363693341612816,0.0006390397320501506,0.0001513158349553123,0.7252323031425476
baseline,1,100000,24,0.014943198300898075,0.0002633567783050239,8.315184823004529e-05,0.6274781227111816
baseline,1,100000,25,0.02022966556251049,0.0004836535081267357,0.00015506344789173454,0.6224280595779419
baseline,1,100000,26,0.020062245428562164,0.00048255128785967827,0.0001205181615659967,0.7056810855865479
baseline,1,100000,27,0.017463432624936104,0.0004345480992924422,0.00011472566984593868,0.6872448921203613
baseline,1,100000,28,0.014906490221619606,0.00026398885529488325,7.152625039452687e-05,0.6777830123901367
baseline,1,100000,29,0.019103286787867546,0.0008074330980889499,0.00022471012198366225,0.6648473739624023
baseline,1,100000,30,0.019188212230801582,0.0004214189830236137,0.00010840591858141124,0.694922685623169
baseline,1,100000,31,0.018271952867507935,0.0004074137541465461,0.00012534086999949068,0.6365048289299011
baseline,1,100000,32,0.017224304378032684,0.00035449620918370783,0.00011258813174208626,0.6259020566940308
baseline,1,100000,33,0.017286615446209908,0.0004305551410652697,0.0001268599007744342,0.6477187871932983
baseline,1,100000,34,0.01752321422100067,0.00038205369492061436,9.749702439876273e-05,0.6974770426750183
baseline,1,100000,35,0.01937722973525524,0.00041424616938456893,0.00011382083903299645,0.6718164086341858
baseline,1,100000,36,0.020887993276119232,0.0004883865476585925,0.0002457329537719488,0.49622395634651184
baseline,1,100000,37,0.02524181455373764,0.000897105666808784,0.0003968217351939529,0.5291597247123718
baseline,1,100000,38,0.015958506613969803,0.0003567994572222233,0.00010090474097523838,0.6621699333190918
baseline,1,100000,39,0.019066156819462776,0.0003809373592957854,0.00010807367652887478,0.6623194217681885
baseline,1,100000,40,0.019128134474158287,0.0005873918998986483,0.00017388834385201335,0.6473789811134338
baseline,1,100000,41,0.019649507477879524,0.0003960078174713999,0.00012625257659237832,0.6245540976524353
baseline,1,100000,42,0.014246752485632896,0.000269040756393224,6.280248635448515e-05,0.7283504009246826
baseline,1,100000,43,0.018470093607902527,0.0004998070653527975,0.0001304938632529229,0.690903902053833
baseline,1,100000,44,0.01792272739112377,0.0004349512164480984,0.00016078354383353144,0.5793817639350891
baseline,1,100000,45,0.02045459672808647,0.0005023080157116055,0.00012579304166138172,0.70526123046875
baseline,1,100000,46,0.019440235570073128,0.00044656035606749356,0.0001595514186192304,0.5902861952781677
baseline,1,100000,47,0.019687490537762642,0.00043495389400050044,0.000128134575788863,0.6493679285049438
baseline,1,100000,48,0.020072612911462784,0.0006404806626960635,0.00016323312593158334,0.6959817409515381
baseline,1,100000,49,0.022298991680145264,0.0006069292430765927,0.00014634517719969153,0.7179754376411438
baseline,1,100000,50,0.01680867001414299,0.0004232754581607878,0.00010879903129534796,0.6935907602310181
baseline,1,100000,51,0.025645220652222633,0.0009568781824782491,0.00038427882827818394,0.5549543499946594
baseline,1,100000,52,0.020112166181206703,0.0005324056837707758,0.00014443043619394302,0.6752700805664062
baseline,1,100000,53,0.019943082705140114,0.00044906215043738484,0.0001702637382550165,0.5734480023384094
baseline,1,100000,54,0.02034929022192955,0.0005670204409398139,0.00012210378190502524,0.760195255279541
baseline,1,100000,55,0.01726243458688259,0.000401737866923213,0.00013507227413356304,0.6083486080169678
baseline,1,100000,56,0.01767231523990631,0.0004033599398098886,0.00011084914149250835,0.6733552813529968
baseline,1,100000,57,0.015149063430726528,0.0002946212189272046,7.904534868430346e-05,0.6802933812141418
baseline,1,100000,58,0.018560180440545082,0.0003877113340422511,0.0001116524581448175,0.654700517654419
baseline,1,100000,59,0.018225107342004776,0.0004591733159031719,0.0001162196058430709,0.7001515626907349
baseline,1,100000,60,0.02083481103181839,0.000506344367749989,0.00015701733354944736,0.6332776546478271
baseline,1,100000,61,0.019401928409934044,0.0006365336594171822,0.0002288490504724905,0.5878354907035828
baseline,1,100000,62,0.02005780301988125,0.0005682125920429826,0.00015117041766643524,0.6813609600067139
baseline,1,100000,63,0.018343821167945862,0.0003631978761404753,0.00010238260438200086,0.6641645431518555
baseline,1,100000,64,0.019934823736548424,0.0004557195061352104,0.00011398685455787927,0.7049225568771362
baseline,1,100000,65,0.013645441271364689,0.00025334948441013694,6.983081402722746e-05,0.6711897253990173
baseline,1,100000,66,0.021095609292387962,0.00046856177505105734,0.00025181000819429755,0.4816460609436035
baseline,1,100000,67,0.019746197387576103,0.0004359547747299075,0.0001368791126878932,0.6302031874656677
baseline,1,100000,68,0.023606250062584877,0.0006797047099098563,0.0001797987351892516,0.6853716373443604
baseline,1,100000,69,0.020662838593125343,0.0005594414542429149,0.0001301156880799681,0.731194257736206
baseline,1,100000,70,0.02453436702489853,0.0007648931932635605,0.00036368885776028037,0.5089671015739441
baseline,1,100000,71,0.017097922042012215,0.0004145390121266246,0.00022806164633948356,0.47485512495040894
baseline,1,100000,72,0.02154041826725006,0.0005588149651885033,0.00013955519534647465,0.7059086561203003
baseline,1,100000,73,0.01982174813747406,0.0005317298928275704,0.00021542272588703781,0.5516687631607056
baseline,1,100000,74,0.023572782054543495,0.000658443896099925,0.00017296551959589124,0.6887027025222778
baseline,1,100000,75,0.01898990198969841,0.0005232005496509373,0.00018748559523373842,0.5898725986480713
baseline,1,100000,76,0.018294647336006165,0.0003695727209560573,7.995631312951446e-05,0.7588708400726318
baseline,1,100000,77,0.01715047098696232,0.000376964861061424,0.0001205399603350088,0.6213038563728333
baseline,1,100000,78,0.01741517335176468,0.00039710744749754667,0.00011050840839743614,0.6676746606826782
baseline,1,100000,79,0.02377055026590824,0.0006441890145651996,0.00020426597620826215,0.6264110207557678
baseline,1,100000,80,0.0175821203738451,0.0004275753744877875,0.00017957536329049617,0.544456422328949
baseline,1,100000,81,0.01991734467446804,0.0005245375214144588,9.802823478821665e-05,0.8173218965530396
baseline,1,100000,82,0.019175400957465172,0.0006129838875494897,0.0001208269241033122,0.7931395769119263
baseline,1,100000,83,0.021569671109318733,0.00049088045489043,0.00015636453463230282,0.6246086955070496
baseline,1,100000,84,0.021928148344159126,0.0006041773594915867,0.00012604212679434568,0.7692055106163025
baseline,1,100000,85,0.017403794452548027,0.00034138152841478586,9.978126036003232e-05,0.6517730355262756
baseline,1,100000,86,0.020413901656866074,0.0005061961710453033,0.00014050345635041595,0.6700013279914856
baseline,1,100000,87,0.017841896042227745,0.00039841094985604286,0.00014175649266690016,0.5918241143226624
baseline,1,100000,88,0.02059575542807579,0.00048002434778027236,0.00016028661048039794,0.6112642288208008
baseline,1,100000,89,0.016638197004795074,0.0004502770316321403,0.00010329336510039866,0.7356430292129517
baseline,1,100000,90,0.028030624613165855,0.0011837717611342669,0.00033532234374433756,0.6604099273681641
baseline,1,100000,91,0.01825050450861454,0.0004778559668920934,0.00012617571337614208,0.6871970891952515
baseline,1,100000,92,0.018661102280020714,0.00038877647602930665,0.00017360119090881199,0.5274863243103027
baseline,1,100000,93,0.019252317026257515,0.0004209968028590083,0.00011139579146401957,0.684045672416687
baseline,1,100000,94,0.017806505784392357,0.00047530708252452314,0.000141828233608976,0.6445986032485962
baseline,1,100000,95,0.01507236622273922,0.000350406626239419,0.00011115336383227259,0.624164879322052
baseline,1,100000,96,0.016267552971839905,0.00039360145456157625,0.00017017510253936052,0.533837080001831
baseline,1,100000,97,0.018162298947572708,0.00039308692794293165,0.00011867603461723775,0.6418816447257996
baseline,1,100000,98,0.01713567040860653,0.00045138178393244743,9.475282422499731e-05,0.769318163394928
baseline,1,100000,99,0.01955006644129753,0.00041868328116834164,0.00010149153968086466,0.7156088352203369
baseline,1,100000,100,0.019352208822965622,0.00047668683691881597,0.0001331347884843126,0.6669435501098633
baseline,1,100000,101,0.02022111602127552,0.0005566248437389731,0.0001612470077816397,0.6542528867721558
baseline,1,100000,102,0.024053608998656273,0.0006598917534574866,0.0002564482856541872,0.565082311630249
baseline,1,100000,103,0.02204781211912632,0.0006064171902835369,0.00011498953244881704,0.8090646266937256
baseline,1,100000,104,0.012494646944105625,0.0002196600689785555,5.9905411035288125e-05,0.6747910976409912
baseline,1,100000,105,0.01483897864818573,0.0004175165086053312,0.00015509889635723084,0.5791434645652771
baseline,1,100000,106,0.01851414144039154,0.0003892045351676643,0.00011574826203286648,0.6469792127609253
baseline,1,100000,107,0.01923154480755329,0.0007685256423428655,0.00019743895973078907,0.6960650682449341
baseline,1,100000,108,0.018638595938682556,0.0004845500225201249,0.00014701360487379134,0.640177309513092
baseline,1,100000,109,0.022751672193408012,0.0007232587086036801,0.00018818578973878175,0.6911823153495789
baseline,1,100000,110,0.02089577727019787,0.0005341471405699849,0.00012932001845911145,0.7128096222877502
baseline,1,100000,111,0.015362400561571121,0.000334213167661801,0.00017265616043005139,0.4895244538784027
baseline,1,100000,112,0.014279418624937534,0.000432060391176492,9.218441118719056e-05,0.7590937614440918
baseline,1,100000,113,0.019970227032899857,0.00047142652329057455,0.00010362606553826481,0.753144383430481
baseline,1,100000,114,0.01720668375492096,0.0004435128066688776,0.00011398821516195312,0.6936184167861938
baseline,1,100000,115,0.02058796025812626,0.0005292163114063442,0.00011514179641380906,0.755659818649292
baseline,1,100000,116,0.01846489869058132,0.00043984560761600733,0.00020365946693345904,0.5180677175521851
baseline,1,100000,117,0.025333601981401443,0.0006947998190298676,0.0002589496725704521,0.5781742930412292
baseline,1,100000,118,0.018324166536331177,0.00040802033618092537,0.0001211242051795125,0.6457706689834595
baseline,1,100000,119,0.020597370341420174,0.000502684386447072,0.0002227429358754307,0.530350923538208
baseline,1,100000,120,0.016932692378759384,0.00037399004213511944,0.00010278808622388169,0.6733232736587524
baseline,1,100000,121,0.01813565567135811,0.0004250405472703278,0.00015312628238461912,0.5884005427360535
baseline,1,100000,122,0.02187195047736168,0.0005461390828713775,0.00015567324589937925,0.6618481278419495
baseline,1,100000,123,0.0208421777933836,0.0006757221999578178,0.0002647227083798498,0.56135493516922
baseline,1,100000,124,0.021029887720942497,0.0005325659876689315,0.00015778563101775944,0.6488773822784424
baseline,1,100000,125,0.018353881314396858,0.0003534394199959934,0.00011452339094830677,0.6203228235244751
baseline,1,100000,126,0.018854839727282524,0.00048794038593769073,0.00012987908849027008,0.6811952590942383
baseline,1,100000,127,0.019137509167194366,0.0004676466924138367,0.0001479280908824876,0.6252288818359375
baseline,1,250000,0,0.02339322678744793,0.0009582274360582232,0.00011745487427106127,1.0031037330627441
baseline,1,250000,1,0.02017037197947502,0.0009021745645441115,0.0002653569099493325,0.649641752243042
baseline,1,250000,2,0.018413493409752846,0.00034954585134983063,0.00010702060535550117,0.636613130569458
baseline,1,250000,3,0.016256656497716904,0.0002934004587586969,9.578432218404487e-05,0.6178273558616638
baseline,1,250000,4,0.014591227285563946,0.000293112505460158,6.78940923535265e-05,0.7335497140884399
baseline,1,250000,5,0.01930922083556652,0.000580740044824779,0.00018057234410662204,0.6272745132446289
baseline,1,250000,6,0.02139578014612198,0.0006838488625362515,0.00019286056340206414,0.6651613116264343
baseline,1,250000,7,0.015009709633886814,0.00025594726321287453,8.87959758983925e-05,0.5986985564231873
baseline,1,250000,8,0.016770891845226288,0.0002938352699857205,6.623458466492593e-05,0.7430295944213867
baseline,1,250000,9,0.02033097855746746,0.0005007449653930962,0.00018592720152810216,0.5775295495986938
baseline,1,250000,10,0.019303105771541595,0.0006435731775127351,0.0003128168173134327,0.504457950592041
baseline,1,250000,11,0.02729913592338562,0.0014129793271422386,0.00037404263275675476,0.6745210289955139
baseline,1,250000,12,0.026840994134545326,0.0010559170041233301,0.0003110615652985871,0.6432012319564819
baseline,1,250000,13,0.01880098506808281,0.00040119842742569745,8.935745427152142e-05,0.7472294569015503
baseline,1,250000,14,0.017385952174663544,0.00039160397136583924,9.851057984633371e-05,0.70367032289505
baseline,1,250000,15,0.02034197561442852,0.0007774914847686887,0.0002801819355227053,0.5838085412979126
baseline,1,250000,16,0.0216208528727293,0.0005134305101819336,0.00015140445611905307,0.6486917734146118
baseline,1,250000,17,0.02435043454170227,0.0010843885829672217,0.0003537438460625708,0.6096121072769165
baseline,1,250000,18,0.018094200640916824,0.0005737287574447691,0.00022906606318429112,0.552776575088501
baseline,1,250000,19,0.017883045598864555,0.0006041295127943158,0.00012988370144739747,0.7577134966850281
baseline,1,250000,20,0.024810684844851494,0.0006858687847852707,0.0002648603986017406,0.5646142959594727
baseline,1,250000,21,0.0210801400244236,0.0005262756021693349,0.00011609147622948512,0.7519474029541016
baseline,1,250000,22,0.014365228824317455,0.00024018155818339437,6.571634003194049e-05,0.6756516098976135
baseline,1,250000,23,0.01722082868218422,0.0003405033494345844,8.267329394584522e-05,0.7166476249694824
baseline,1,250000,24,0.014635782688856125,0.00024762004613876343,7.16487193130888e-05,0.6563723683357239
baseline,1,250000,25,0.01615499146282673,0.0002839879598468542,8.33318117656745e-05,0.6500191688537598
baseline,1,250000,26,0.03294384106993675,0.0012067207135260105,0.0001802539045456797,0.9086638689041138
baseline,1,250000,27,0.024959169328212738,0.0010839984752237797,0.0002119226410286501,0.7977958917617798
baseline,1,250000,28,0.016398021951317787,0.00032320391619578004,9.168001997750252e-05,0.6623526811599731
baseline,1,250000,29,0.023294538259506226,0.0007636339287273586,0.00022187212016433477,0.6526302099227905
baseline,1,250000,30,0.01795097440481186,0.0003319770039524883,7.970910519361496e-05,0.721274733543396
baseline,1,250000,31,0.02441931702196598,0.0008320428896695375,0.0001996341161429882,0.7204458713531494
baseline,1,250000,32,0.019179919734597206,0.00044821761548519135,0.00012476013216655701,0.66958087682724
baseline,1,250000,33,0.01778801716864109,0.0003384531300980598,0.00010345330520067364,0.6386010646820068
baseline,1,250000,34,0.019615421071648598,0.00042259233305230737,0.00011418031499488279,0.6795175075531006
baseline,1,250000,35,0.017210090532898903,0.0003081583708990365,8.06858588475734e-05,0.6901475787162781
baseline,1,250000,36,0.019012145698070526,0.000436087284469977,0.0001441038039047271,0.6108243465423584
baseline,1,250000,37,0.021879857406020164,0.0006425980827771127,0.00018355493375565857,0.6508026123046875
baseline,1,250000,38,0.015758303925395012,0.00031832430977374315,9.525979112368077e-05,0.6458706259727478
baseline,1,250000,39,0.015528791584074497,0.00026074604829773307,6.806813325965777e-05,0.6910617351531982
baseline,1,250000,40,0.019037583842873573,0.0005782006774097681,0.0001881975622382015,0.6169503927230835
baseline,1,250000,41,0.022860651835799217,0.0005801130319014192,0.00019364261243026704,0.60923171043396
baseline,1,250000,42,0.029100021347403526,0.0009365164441987872,0.00016672175843268633,0.8361724615097046
baseline,1,250000,43,0.017793135717511177,0.00035629552439786494,9.284703264711425e-05,0.6911947727203369
baseline,1,250000,44,0.021793600171804428,0.0008886322611942887,0.0001709308853605762,0.8013253211975098
baseline,1,250000,45,0.011805408634245396,0.00016050350677687675,4.6743931306991726e-05,0.6529865264892578
baseline,1,250000,46,0.019004030153155327,0.00037561822682619095,0.00010639018728397787,0.6637743711471558
baseline,1,250000,47,0.016786089166998863,0.0003184083034284413,7.996315252967179e-05,0.7052822113037109
baseline,1,250000,48,0.019197558984160423,0.0008795226458460093,0.00026145754964090884,0.6449426412582397
baseline,1,250000,49,0.025663968175649643,0.0010023461654782295,0.0002570219221524894,0.6969811320304871
baseline,1,250000,50,0.02828678861260414,0.0015503095928579569,0.00018259193166159093,1.0167109966278076
baseline,1,250000,51,0.02068801037967205,0.0006046119378879666,0.00023912823235150427,0.5597110986709595
baseline,1,250000,52,0.020954886451363564,0.0006166480015963316,0.00012723513646051288,0.7760778665542603
baseline,1,250000,53,0.015483999624848366,0.00026214064564555883,6.817328539909795e-05,0.693160355091095
baseline,1,250000,54,0.019092997536063194,0.00039392884355038404,9.489384683547541e-05,0.7196967601776123
baseline,1,250000,55,0.02770955115556717,0.0010214440990239382,0.0004166746512055397,0.5518227815628052
baseline,1,250000,56,0.016422145068645477,0.00030105304904282093,0.00010242324060527608,0.6046152114868164
baseline,1,250000,57,0.01898515410721302,0.0003852741210721433,0.0001088813369278796,0.6645327806472778
baseline,1,250000,58,0.025899674743413925,0.0007717004045844078,0.00031006804783828557,0.5512934923171997
baseline,1,250000,59,0.023279497399926186,0.0007862465572543442,0.00014481638208962977,0.8198320865631104
baseline,1,250000,60,0.016954801976680756,0.00035363459028303623,8.133707888191566e-05,0.7363328337669373
baseline,1,250000,61,0.017783012241125107,0.000488386838696897,0.000201188275241293,0.5479625463485718
baseline,1,250000,62,0.019045399501919746,0.0009636926697567105,0.0002925322041846812,0.6382161974906921
baseline,1,250000,63,0.015349390916526318,0.0002724270452745259,7.027815445326269e-05,0.6946018934249878
baseline,1,250000,64,0.021840328350663185,0.000565362221095711,0.0001229745539603755,0.7547411918640137
baseline,1,250000,65,0.01866840198636055,0.0005636957939714193,0.00017334226868115366,0.6327036619186401
baseline,1,250000,66,0.024402692914009094,0.0008071393240243196,0.0003372112987563014,0.5421147346496582
baseline,1,250000,67,0.014886220917105675,0.00025468983221799135,7.340768934227526e-05,0.6576499938964844
baseline,1,250000,68,0.01853496953845024,0.0004039570048917085,0.0001215077136293985,0.6437833309173584
baseline,1,250000,69,0.01903461664915085,0.000621931510977447,0.000204587442567572,0.6109593510627747
baseline,1,250000,70,0.015326145105063915,0.0005585824837908149,0.00022944390366319567,0.5475262403488159
baseline,1,250000,71,0.020141977816820145,0.0005384250544011593,0.00025021214969456196,0.5143948197364807
baseline,1,250000,72,0.01734871044754982,0.00031487835804000497,7.095641922205687e-05,0.7431403398513794
baseline,1,250000,73,0.018751148134469986,0.0005486418376676738,0.00023351259005721658,0.539328932762146
baseline,1,250000,74,0.016931243240833282,0.0003190909046679735,6.716632196912542e-05,0.7695112824440002
baseline,1,250000,75,0.02422197349369526,0.0008888113661669195,0.0003951609833166003,0.5245022773742676
baseline,1,250000,76,0.018470177426934242,0.0003705936251208186,9.860625868896022e-05,0.6848702430725098
baseline,1,250000,77,0.017851470038294792,0.0006362888962030411,0.00020671940001193434,0.6117007732391357
baseline,1,250000,78,0.01742110773921013,0.0003904298646375537,0.00010025993105955422,0.6965519189834595
baseline,1,250000,79,0.022208696231245995,0.000542233232408762,0.00016943587979767472,0.6321283578872681
baseline,1,250000,80,0.024329882115125656,0.0011689625680446625,0.0004643565625883639,0.5503869652748108
baseline,1,250000,81,0.022415926679968834,0.00076978316064924,0.00020097610831726342,0.6895403861999512
baseline,1,250000,82,0.02151801623404026,0.0008010477758944035,0.00019523171067703515,0.7103861570358276
baseline,1,250000,83,0.01787758432328701,0.0003419403510633856,9.169270924758166e-05,0.6819738745689392
baseline,1,250000,84,0.023536283522844315,0.0006454978138208389,0.00014421613013837487,0.7471740245819092
baseline,1,250000,85,0.026449015364050865,0.001501391758210957,0.0002737780741881579,0.8257455825805664
baseline,1,250000,86,0.021216105669736862,0.0005389322177506983,0.00013076874893158674,0.715787947177887
baseline,1,250000,87,0.020657310262322426,0.0005018371739424765,0.00012267542479094118,0.7140793800354004
baseline,1,250000,88,0.02677999809384346,0.0010149400914087892,0.0003171278221998364,0.6262216567993164
baseline,1,250000,89,0.02884865365922451,0.001104127150028944,0.00016296918329317123,0.9146493077278137
baseline,1,250000,90,0.015151306986808777,0.00029622530564665794,7.382388139376417e-05,0.7077259421348572
baseline,1,250000,91,0.026123737916350365,0.0011438870569691062,0.00022346345940604806,0.7980858683586121
baseline,1,250000,92,0.030028555542230606,0.001393626444041729,0.00034819322172552347,0.7023799419403076
baseline,1,250000,93,0.021416030824184418,0.0005262369522824883,0.00018715168698690832,0.586724042892456
baseline,1,250000,94,0.019650164991617203,0.0004200138500891626,0.00010112751624546945,0.7201409935951233
baseline,1,250000,95,0.018726378679275513,0.00047663127770647407,0.00024336471688002348,0.4898558259010315
baseline,1,250000,96,0.023175103589892387,0.0006773786153644323,0.0004237591929268092,0.44492730498313904
baseline,1,250000,97,0.015284030698239803,0.0002575501275714487,6.488792132586241e-05,0.7025948762893677
baseline,1,250000,98,0.022984175011515617,0.0006801382405683398,0.00019064568914473057,0.6651419401168823
baseline,1,250000,99,0.019380278885364532,0.00042295284220017493,8.9948924141936e-05,0.7663529515266418
baseline,1,250000,100,0.019675733521580696,0.00055961828911677,0.00014435272896662354,0.6934821605682373
baseline,1,250000,101,0.024953292682766914,0.0008373110904358327,0.00023942657571751624,0.6577764749526978
baseline,1,250000,102,0.028599826619029045,0.0011126687750220299,0.00016354983381461352,0.9125111103057861
baseline,1,250000,103,0.03274992108345032,0.0015130583196878433,0.000202060560695827,0.9608535766601562
baseline,1,250000,104,0.021534422412514687,0.0007679624250158668,0.00023797481844667345,0.6294167637825012
baseline,1,250000,105,0.02070687897503376,0.0006278775981627405,0.0002116631221724674,0.6026095747947693
baseline,1,250000,106,0.020858827978372574,0.0010347266215831041,0.0003471212403383106,0.6084049344062805
baseline,1,250000,107,0.028881922364234924,0.00119404133874923,0.0004285363247618079,0.5851521492004395
baseline,1,250000,108,0.018917962908744812,0.0006858627311885357,0.00025371459196321666,0.5759637355804443
baseline,1,250000,109,0.024866396561264992,0.0010392785770818591,0.0004297455307096243,0.5440515279769897
baseline,1,250000,110,0.01918112300336361,0.0007715575629845262,0.00021789227321278304,0.6589297652244568
baseline,1,250000,111,0.01816072128713131,0.0005354254972189665,0.0002554160892032087,0.5107742547988892
baseline,1,250000,112,0.02108353190124035,0.001059268368408084,0.00029842639924027026,0.6538540124893188
baseline,1,250000,113,0.015285780653357506,0.00028796319384127855,7.129305595299229e-05,0.7098391056060791
baseline,1,250000,114,0.028014516457915306,0.0015377756208181381,0.0001810140092857182,1.0170025825500488
baseline,1,250000,115,0.018917040899395943,0.0003763320273719728,8.729648834560066e-05,0.7332813739776611
baseline,1,250000,116,0.022593295201659203,0.0010538233909755945,0.0003571285051293671,0.597435712814331
baseline,1,250000,117,0.026203278452157974,0.0008829449652694166,0.0003817306715063751,0.5272974967956543
baseline,1,250000,118,0.015576968900859356,0.00029291718965396285,8.178221469279379e-05,0.6683746576309204
baseline,1,250000,119,0.01717401295900345,0.00038507592398673296,0.00016903693904168904,0.5286622047424316
baseline,1,250000,120,0.016509277746081352,0.000302729953546077,0.00010297205881215632,0.6046779155731201
baseline,1,250000,121,0.015366042964160442,0.00047207888565026224,0.000248077732976526,0.48392683267593384
baseline,1,250000,122,0.015766141936182976,0.00027917244005948305,8.690159302204847e-05,0.6331207752227783
baseline,1,250000,123,0.018717866390943527,0.000610938121099025,0.0003030747757293284,0.4995144009590149
baseline,1,250000,124,0.018189290538430214,0.00034895280259661376,8.777613402344286e-05,0.7038559317588806
baseline,1,250000,125,0.016189534217119217,0.0002799064968712628,7.396749424515292e-05,0.6854941248893738
baseline,1,250000,126,0.018864916637539864,0.0009489789954386652,0.000288165349047631,0.6380939483642578
baseline,1,250000,127,0.01813863217830658,0.0005461237160488963,0.00017839203064795583,0.6169419884681702
baseline,1,1000000,0,0.028674272820353508,0.004848167300224304,0.00010838533489732072,2.325075387954712
baseline,1,1000000,1,0.03452305495738983,0.0018024686723947525,0.00044964964035898447,0.6932259798049927
baseline,1,1000000,2,0.026946911588311195,0.0009525125497020781,0.0001847211242420599,0.8012559413909912
baseline,1,1000000,3,0.018641075119376183,0.0003996356390416622,7.809553062543273e-05,0.796587347984314
baseline,1,1000000,4,0.018713463097810745,0.00044441185309551656,7.92952996562235e-05,0.8356615304946899
baseline,1,1000000,5,0.026079609990119934,0.0012722464744001627,0.0003149477706756443,0.7046513557434082
baseline,1,1000000,6,0.021075565367937088,0.0010108002461493015,0.00010112745803780854,1.1024901866912842
baseline,1,1000000,7,0.0245656855404377,0.0009542952757328749,0.00022178160725161433,0.7319755554199219
baseline,1,1000000,8,0.022724980488419533,0.000942599552217871,0.00013599586964119226,0.9278658628463745
baseline,1,1000000,9,0.023137597367167473,0.0009623563964851201,0.0003162688808515668,0.6065095067024231
baseline,1,1000000,10,0.030372297391295433,0.0018608307000249624,0.000580115185584873,0.629433810710907
baseline,1,1000000,11,0.0248651672154665,0.0011765618110075593,0.0005592385423369706,0.507758378982544
baseline,1,1000000,12,0.021693628281354904,0.001051050378009677,0.00018452282529324293,0.8335446119308472
baseline,1,1000000,13,0.017045313492417336,0.0006639144266955554,9.70261826296337e-05,0.9203532338142395
baseline,1,1000000,14,0.021999290212988853,0.0006245243712328374,9.527340444037691e-05,0.9032760858535767
baseline,1,1000000,15,0.024647407233715057,0.0010076349135488272,0.0002859252563212067,0.6585057973861694
baseline,1,1000000,16,0.023694127798080444,0.001454028533771634,0.0002756528265308589,0.8095209002494812
baseline,1,1000000,17,0.02374459244310856,0.001003407989628613,0.0004970348672941327,0.4983413517475128
baseline,1,1000000,18,0.02619693987071514,0.0016029486432671547,0.00032751946127973497,0.767433226108551
baseline,1,1000000,19,0.02493349462747574,0.0009067573118954897,9.068663348443806e-05,1.1094858646392822
baseline,1,1000000,20,0.0335136353969574,0.001807376858778298,0.00047982879914343357,0.6782937049865723
baseline,1,1000000,21,0.027434129267930984,0.0010351536329835653,0.00013853618293069303,0.9625420570373535
baseline,1,1000000,22,0.02118799462914467,0.000499972200486809,8.857608190737665e-05,0.8393353223800659
baseline,1,1000000,23,0.024573514237999916,0.0008848932920955122,0.000145573154441081,0.8692983388900757
baseline,1,1000000,24,0.02149111032485962,0.0005171434604562819,0.00010977716010529548,0.7666285037994385
baseline,1,1000000,25,0.0301130972802639,0.0009709233418107033,0.0001854900474427268,0.8069915771484375
baseline,1,1000000,26,0.027417538687586784,0.0019044633954763412,0.0001211235867231153,1.3843302726745605
baseline,1,1000000,27,0.03232072293758392,0.0019816700369119644,0.00026991282356902957,0.9280388355255127
baseline,1,1000000,28,0.024187803268432617,0.0007005262305028737,0.0001299113209825009,0.8197788596153259
baseline,1,1000000,29,0.0184410959482193,0.0019378903089091182,0.0003245419356971979,0.8534542322158813
baseline,1,1000000,30,0.023426562547683716,0.0006757907103747129,0.0001138828374678269,0.8586791157722473
baseline,1,1000000,31,0.023716185241937637,0.0015950503293424845,0.00029782907222397625,0.8069450855255127
baseline,1,1000000,32,0.022184571251273155,0.0005667851655744016,8.870021702023223e-05,0.8920050859451294
baseline,1,1000000,33,0.019408591091632843,0.0004607443406712264,7.792362157488242e-05,0.8583558797836304
baseline,1,1000000,34,0.025365734472870827,0.0009110442479141057,0.00010421493789181113,1.0337244272232056
baseline,1,1000000,35,0.028119757771492004,0.0009052827954292297,0.0001784572668839246,0.7956367135047913
baseline,1,1000000,36,0.022969016805291176,0.0008909237803891301,0.0001989443990169093,0.7356443405151367
baseline,1,1000000,37,0.025284387171268463,0.0014424576656892896,0.00031936034793034196,0.7457879781723022
baseline,1,1000000,38,0.014820092357695103,0.00031636288622394204,5.8744699344970286e-05,0.8195565342903137
baseline,1,1000000,39,0.023938043043017387,0.0006008671480230987,0.00010501420183572918,0.8432698249816895
baseline,1,1000000,40,0.029255976900458336,0.001705146860331297,0.0002516066306270659,0.9101966619491577
baseline,1,1000000,41,0.036044880747795105,0.002084741834551096,0.0004993451875634491,0.7138856053352356
baseline,1,1000000,42,0.027912842109799385,0.0011629043146967888,0.00020638176647480577,0.8318300843238831
baseline,1,1000000,43,0.025548649951815605,0.0008896072395145893,0.00014957870007492602,0.8599802851676941
baseline,1,1000000,44,0.03312022611498833,0.00195886823348701,0.0002770406717900187,0.9181032180786133
baseline,1,1000000,45,0.02806486375629902,0.0010548760183155537,0.0001939056091941893,0.8232134580612183
baseline,1,1000000,46,0.02380925789475441,0.0006471290253102779,0.00015168070967774838,0.7293252944946289
baseline,1,1000000,47,0.02432824857532978,0.0007501097861677408,0.00012998934835195541,0.8478983640670776
baseline,1,1000000,48,0.021275579929351807,0.001417331164702773,0.000271231954684481,0.7990692853927612
baseline,1,1000000,49,0.036283768713474274,0.002125875558704138,0.00035366651718504727,0.843781590461731
baseline,1,1000000,50,0.04393001273274422,0.004048429429531097,0.0001255590614164248,1.923449158668518
baseline,1,1000000,51,0.019195755943655968,0.0006601865752600133,0.00017239911539945751,0.677911102771759
baseline,1,1000000,52,0.02401609905064106,0.001537021016702056,0.0002287668758071959,0.8990589380264282
baseline,1,1000000,53,0.024663230404257774,0.0008373016607947648,0.00016480973863508552,0.7958654165267944
baseline,1,1000000,54,0.020002318546175957,0.0007354870904237032,0.0001297030976274982,0.8399824500083923
baseline,1,1000000,55,0.026534810662269592,0.0014997764956206083,0.00021981153986416757,0.8950327634811401
baseline,1,1000000,56,0.02668844535946846,0.0008827496785670519,0.00018942369206342846,0.7617080807685852
baseline,1,1000000,57,0.01693962700664997,0.00035940809175372124,6.408930494217202e-05,0.8362144231796265
baseline,1,1000000,58,0.019179178401827812,0.0006631027208641171,0.00018389376054983586,0.6595786213874817
baseline,1,1000000,59,0.0463375486433506,0.0027551893144845963,0.00012498680735006928,1.5656753778457642
baseline,1,1000000,60,0.023268962278962135,0.0007789297960698605,0.00011615311086643487,0.9122598171234131
baseline,1,1000000,61,0.02346743270754814,0.00120292860083282,0.000464297307189554,0.564734697341919
baseline,1,1000000,62,0.020565181970596313,0.0021758745424449444,0.0005353486631065607,0.7010701298713684
baseline,1,1000000,63,0.01692737266421318,0.0003500141901895404,6.433761154767126e-05,0.8239424228668213
baseline,1,1000000,64,0.027272038161754608,0.0008517061942256987,0.00015770606114529073,0.8186230659484863
baseline,1,1000000,65,0.01890641450881958,0.0014726852532476187,0.0003249770379625261,0.7275866270065308
baseline,1,1000000,66,0.02123670093715191,0.0007670921040698886,0.00030789533047936857,0.5565035939216614
baseline,1,1000000,67,0.018227998167276382,0.0008313916041515768,0.0001601286348886788,0.8023563623428345
baseline,1,1000000,68,0.019331902265548706,0.00047234719386324286,9.333894558949396e-05,0.7940811514854431
baseline,1,1000000,69,0.03057699464261532,0.0016654913779348135,0.00015517778228968382,1.121887445449829
baseline,1,1000000,70,0.022155847400426865,0.0012720217928290367,0.00045865998254157603,0.5754491090774536
baseline,1,1000000,71,0.027853362262248993,0.001275915652513504,0.0003040674200747162,0.7070890665054321
baseline,1,1000000,72,0.0239364355802536,0.0010387538932263851,0.0001498198980698362,0.9280068278312683
baseline,1,1000000,73,0.022405331954360008,0.0009566067019477487,0.000357707409420982,0.573003888130188
baseline,1,1000000,74,0.021409163251519203,0.0006477501592598855,0.00011602266749832779,0.8329304456710815
baseline,1,1000000,75,0.025922050699591637,0.0010057137114927173,0.0004215212247800082,0.5413508415222168
baseline,1,1000000,76,0.025699757039546967,0.0007955199107527733,0.00013583169493358582,0.8496065139770508
baseline,1,1000000,77,0.018601691350340843,0.0007973837200552225,0.00020553194917738438,0.6920219659805298
baseline,1,1000000,78,0.02072877623140812,0.0005318138282746077,8.329346019309014e-05,0.8917036056518555
baseline,1,1000000,79,0.020998511463403702,0.0005636420100927353,0.0001164754867204465,0.7756845355033875
baseline,1,1000000,80,0.03030555322766304,0.0014455465134233236,0.00044202650315128267,0.6342874765396118
baseline,1,1000000,81,0.02201761119067669,0.001443149521946907,0.00015365751460194588,1.0585225820541382
baseline,1,1000000,82,0.012309113517403603,0.0016869019018486142,0.0002172221284126863,0.963076651096344
baseline,1,1000000,83,0.020099790766835213,0.000513677834533155,9.279613004764542e-05,0.8301906585693359
baseline,1,1000000,84,0.019770702347159386,0.0005400825175456703,9.346538718091324e-05,0.848439633846283
baseline,1,1000000,85,0.02820424549281597,0.0020779017359018326,0.00030124332988634706,0.9045820236206055
baseline,1,1000000,86,0.021839791908860207,0.0005766014801338315,0.00012785336002707481,0.748730480670929
baseline,1,1000000,87,0.023656804114580154,0.001094619045034051,0.0001494303287472576,0.9492030739784241
baseline,1,1000000,88,0.02074391394853592,0.0006955484859645367,0.00020944967400282621,0.6336901783943176
baseline,1,1000000,89,0.028528038412332535,0.0013000860344618559,0.00015893262752797455,0.9952811002731323
baseline,1,1000000,90,0.02007501944899559,0.0005274510476738214,9.224067616742104e-05,0.8439006209373474
baseline,1,1000000,91,0.0318266935646534,0.0020203301683068275,0.00027507261256687343,0.9282273650169373
baseline,1,1000000,92,0.023572072386741638,0.0011855469783768058,0.00029989899485372007,0.6942480802536011
baseline,1,1000000,93,0.03910742327570915,0.002055810997262597,0.00042670327820815146,0.7706218957901001
baseline,1,1000000,94,0.016645649448037148,0.000400571123464033,8.436501229880378e-05,0.7693482637405396
baseline,1,1000000,95,0.022609373554587364,0.0008262967457994819,0.00022092051221989095,0.6688361763954163
baseline,1,1000000,96,0.027254315093159676,0.0010748791974037886,0.00048116882680915296,0.512149453163147
baseline,1,1000000,97,0.028293440118432045,0.0011026280699297786,0.00018915835244115442,0.845881998538971
baseline,1,1000000,98,0.02079208754003048,0.0006477124989032745,0.00013688068429473788,0.749866247177124
baseline,1,1000000,99,0.023443255573511124,0.0008718944154679775,0.00013125716941431165,0.9105877876281738
baseline,1,1000000,100,0.026102639734745026,0.0016629677265882492,0.0002058731042779982,0.9848302006721497
baseline,1,1000000,101,0.03619581460952759,0.002366775879636407,0.00041438863263465464,0.8411072492599487
baseline,1,1000000,102,0.02400355413556099,0.0037257997319102287,0.0003819233679678291,1.076473355293274
baseline,1,1000000,103,0.03812121972441673,0.0031236750073730946,0.0001504654937889427,1.575801968574524
baseline,1,1000000,104,0.02463202364742756,0.0017420724034309387,0.00027426271117292345,0.8836208581924438
baseline,1,1000000,105,0.028080075979232788,0.0012820977717638016,0.0005569701315835118,0.5214031934738159
baseline,1,1000000,106,0.022793907672166824,0.0011511261109262705,0.00025430519599467516,0.7278109788894653
baseline,1,1000000,107,0.04177509620785713,0.0026385311502963305,0.0001311912201344967,1.4902037382125854
baseline,1,1000000,108,0.0252434890717268,0.0015116343274712563,0.0004045637615490705,0.6726461052894592
baseline,1,1000000,109,0.031644608825445175,0.0018955095438286662,0.0004882108187302947,0.6860828399658203
baseline,1,1000000,110,0.025082798674702644,0.0017848979914560914,0.00039133091922849417,0.7329366207122803
baseline,1,1000000,111,0.021200407296419144,0.0008975749951787293,0.0003564457583706826,0.5572454929351807
baseline,1,1000000,112,0.026565177366137505,0.002223361749202013,0.0001341081369901076,1.4144045114517212
baseline,1,1000000,113,0.020229574292898178,0.00048182246973738074,9.878025593934581e-05,0.7772002816200256
baseline,1,1000000,114,0.04595353454351425,0.004201062023639679,0.00013037314056418836,1.9226555824279785
baseline,1,1000000,115,0.01675841398537159,0.0004786041972693056,9.184761438518763e-05,0.8023682236671448
baseline,1,1000000,116,0.011944340541958809,0.0006730199092999101,0.00023330876138061285,0.5953423976898193
baseline,1,1000000,117,0.028494441881775856,0.0012718732468783855,0.0003112817357759923,0.7040449976921082
baseline,1,1000000,118,0.021183276548981667,0.0006080551538616419,0.000110116925498005,0.828607976436615
baseline,1,1000000,119,0.019889701157808304,0.0007632598280906677,0.0002684856008272618,0.5856658220291138
baseline,1,1000000,120,0.027244651690125465,0.0009299639496020973,0.00019951580907218158,0.7617788314819336
baseline,1,1000000,121,0.03072461485862732,0.0012939912267029285,0.0005557772819884121,0.5298122763633728
baseline,1,1000000,122,0.02130441926419735,0.0006585379014723003,0.00011720222391886637,0.8354467153549194
baseline,1,1000000,123,0.024104366078972816,0.0009289681329391897,0.000277561426628381,0.6358632445335388
baseline,1,1000000,124,0.02435963787138462,0.0007371589308604598,0.00013162102550268173,0.8343625068664551
baseline,1,1000000,125,0.017516229301691055,0.00041983049595728517,7.620076939929277e-05,0.8220991492271423
baseline,1,1000000,126,0.019973501563072205,0.001935420441441238,0.00047619198448956013,0.7011418342590332
baseline,1,1000000,127,0.02736480161547661,0.001946289325132966,0.0004222276620566845,0.7468456625938416
baseline,2,5001,0,0.0037976147141307592,1.4423269021790475e-05,7.094147349562263e-06,0.5041214227676392
baseline,2,5001,1,0.00417877733707428,1.746321504469961e-05,8.530028935638256e-06,0.5058711171150208
baseline,2,5001,2,0.004558208864182234,2.0781775674549863e-05,1.015007910609711e-05,0.5058937072753906
baseline,2,5001,3,0.0031563490629196167,9.962814147002064e-06,4.951166374667082e-06,0.5015233159065247
baseline,2,5001,4,0.004537483211606741,2.0595172827597708e-05,1.0001511327573098e-05,0.507344126701355
baseline,2,5001,5,0.005037786904722452,2.538522494432982e-05,1.2396655620250385e-05,0.5059300065040588
baseline,2,5001,6,0.004749797750264406,2.256317384308204e-05,1.098613029171247e-05,0.5066757202148438
baseline,2,5001,7,0.0031271264888346195,9.779251740837935e-06,4.843717306357576e-06,0.5023626089096069
baseline,2,5001,8,0.004089397843927145,1.6728226910345256e-05,8.058827916102018e-06,0.5093803405761719
baseline,2,5001,9,0.003948398865759373,1.559261727379635e-05,7.6232040555623826e-06,0.5056430101394653
baseline,2,5001,10,0.003626370569691062,1.3151141502021346e-05,6.4972973632393405e-06,0.5030010342597961
baseline,2,5001,11,0.002765916520729661,7.650335646758322e-06,3.816267508227611e-06,0.5005817413330078
baseline,2,5001,12,0.003848307766020298,1.4810052562097553e-05,7.317791187233524e-06,0.50296950340271
baseline,2,5001,13,0.0033738226629793644,1.1383011042198632e-05,5.643997155857505e-06,0.5020984411239624
baseline,2,5001,14,0.003971703350543976,1.5779016393935308e-05,7.675169399590231e-06,0.5069313049316406
baseline,2,5001,15,0.00462003517895937,2.1349107555579394e-05,1.0492548426555004e-05,0.5043151378631592
baseline,2,5001,16,0.0036614290438592434,1.3406941434368491e-05,6.61594140183297e-06,0.503294825553894
baseline,2,5001,17,0.0026108822785317898,6.8167373683536425e-06,3.401305775696528e-06,0.5005179643630981
baseline,2,5001,18,0.004000977613031864,1.6008711099857464e-05,7.844232641218696e-06,0.5050753355026245
baseline,2,5001,19,0.003308915300294757,1.0949542229354847e-05,5.415166469902033e-06,0.5027426481246948
baseline,2,5001,20,0.004323653876781464,1.8696004190132953e-05,9.190503988065757e-06,0.5042636394500732
baseline,2,5001,21,0.004616284742951393,2.1315881895134225e-05,1.0346582712372765e-05,0.5074647665023804
baseline,2,5001,22,0.0036365711130201817,1.3225641851022374e-05,6.526033757836558e-06,0.5033119916915894
baseline,2,5001,23,0.004324135836213827,1.8700104192248546e-05,9.195823622576427e-06,0.5041730403900146
baseline,2,5001,24,0.003895147005096078,1.517322743893601e-05,7.448559699696489e-06,0.5046103000640869
baseline,2,5001,25,0.003997765015810728,1.5983088815119117e-05,7.917618859210052e-06,0.5023266673088074
baseline,2,5001,26,0.004530272912234068,2.052772106253542e-05,1.0025953997683246e-05,0.5058947801589966
baseline,2,5001,27,0.004454863723367453,1.9849525415338576e-05,9.685179975349456e-06,0.5061439275741577
baseline,2,5001,28,0.0045553105883300304,2.076333294098731e-05,9.984170901589096e-06,0.5098532438278198
baseline,2,5001,29,0.0040959445759654045,1.6779125871835276e-05,8.245719982369337e-06,0.5043401718139648
baseline,2,5001,30,0.004611642099916935,2.1274277969496325e-05,1.0342605492041912e-05,0.5070666670799255
baseline,2,5001,31,0.003938387148082256,1.5512548998231068e-05,7.555473530374002e-06,0.5065986514091492
baseline,2,5001,32,0.003936468623578548,1.5497680578846484e-05,7.653985448996536e-06,0.5030866265296936
baseline,2,5001,33,0.003237991826608777,1.048487683874555e-05,5.189858256926527e-06,0.5025250911712646
baseline,2,5001,34,0.004062425810843706,1.650450394663494e-05,8.099789738480467e-06,0.5046816468238831
baseline,2,5001,35,0.00431698327884078,1.8638589608599432e-05,9.114143722399604e-06,0.5055935978889465
baseline,2,5001,36,0.004150826949626207,1.7230462617590092e-05,8.465144674119074e-06,0.5044107437133789
baseline,2,5001,37,0.00455250171944499,2.0726372895296663e-05,1.0190580724156462e-05,0.5042139291763306
baseline,2,5001,38,0.002954414114356041,8.728938155400101e-06,4.30753698310582e-06,0.5032921433448792
baseline,2,5001,39,0.004090550355613232,1.673385122558102e-05,8.228312253777403e-06,0.5041916966438293
baseline,2,5001,40,0.004673666786402464,2.1850639313925058e-05,1.0513611414353363e-05,0.5096931457519531
baseline,2,5001,41,0.004427323583513498,1.9602668544393964e-05,9.625272468838375e-06,0.5045495629310608
baseline,2,5001,42,0.004338689148426056,1.882972901512403e-05,9.11435199668631e-06,0.5081734657287598
baseline,2,5001,43,0.004302619025111198,1.851993874879554e-05,8.985701242636424e-06,0.5075709819793701
baseline,2,5001,44,0.004610581789165735,2.125966057064943e-05,1.0340887456550263e-05,0.5069345235824585
baseline,2,5001,45,0.0039976779371500015,1.598316157469526e-05,7.863488463044632e-06,0.5040537118911743
baseline,2,5001,46,0.003414855571463704,1.1661590178846382e-05,5.788522685179487e-06,0.5018208026885986
baseline,2,5001,47,0.004198485519737005,1.7631526134209707e-05,8.61519765749108e-06,0.5057841539382935
baseline,2,5001,48,0.00487947091460228,2.381309423071798e-05,1.1473546692286618e-05,0.5093443393707275
baseline,2,5001,49,0.00450549740344286,2.030637006100733e-05,9.93034518614877e-06,0.5055762529373169
baseline,2,5001,50,0.0039813159964978695,1.5853762306505814e-05,7.706192263867706e-06,0.5071068406105042
baseline,2,5001,51,0.004202479962259531,1.7662381651462056e-05,8.717634045751765e-06,0.5032437443733215
baseline,2,5001,52,0.003915796056389809,1.5335403077187948e-05,7.479107807739638e-06,0.5062627196311951
baseline,2,5001,53,0.003226847155019641,1.0412793926661834e-05,5.1561205509642605e-06,0.5024304389953613
baseline,2,5001,54,0.004549446515738964,2.0707160729216412e-05,9.938848052115645e-06,0.5103228092193604
baseline,2,5001,55,0.0042465548031032085,1.8036233086604625e-05,8.796270776656456e-06,0.5062633752822876
baseline,2,5001,56,0.004290551878511906,1.8412569261272438e-05,9.038230928126723e-06,0.5046245455741882
baseline,2,5001,57,0.0035691678058356047,1.2740175407088827e-05,6.284341907303315e-06,0.5033978223800659
baseline,2,5001,58,0.0037487454246729612,1.405364218953764e-05,6.9564989644277375e-06,0.5025190711021423
baseline,2,5001,59,0.004692797549068928,2.2027650629752316e-05,1.0624815331539139e-05,0.5090682506561279
baseline,2,5001,60,0.0026245221961289644,6.8882322921126615e-06,3.4201568723801756e-06,0.5017473697662354
baseline,2,5001,61,0.00312318978831172,9.755040082382038e-06,4.809169240616029e-06,0.5035393238067627
baseline,2,5001,62,0.004320527892559767,1.8676209947443567e-05,8.975214768724982e-06,0.5100054740905762
baseline,2,5001,63,0.003913698717951775,1.5319317753892392e-05,7.526385616074549e-06,0.5044054388999939
baseline,2,5001,64,0.004122814163565636,1.70003913808614e-05,8.299762157548685e-06,0.5059990286827087
baseline,2,5001,65,0.004730510525405407,2.2391872334992513e-05,1.0641868357197382e-05,0.5128481388092041
baseline,2,5001,66,0.004044226370751858,1.6356701962649822e-05,8.062939741648734e-06,0.503563642501831
baseline,2,5001,67,0.003988460171967745,1.591002546774689e-05,7.824853128113318e-06,0.5041393041610718
baseline,2,5001,68,0.0045770746655762196,2.0953659259248525e-05,1.018329567159526e-05,0.5071521997451782
baseline,2,5001,69,0.005030087195336819,2.5319903215859085e-05,1.2102769687771797e-05,0.511376678943634
baseline,2,5001,70,0.004001876339316368,1.6016831068554893e-05,7.902432116679847e-06,0.5033396482467651
baseline,2,5001,71,0.003941823728382587,1.5539208106929436e-05,7.670138984394725e-06,0.5032294988632202
baseline,2,5001,72,0.004264873452484608,1.8194927179138176e-05,8.764712219999637e-06,0.509400486946106
baseline,2,5001,73,0.004268462769687176,1.8222770449938253e-05,8.945688932726625e-06,0.5046069622039795
baseline,2,5001,74,0.0036026868037879467,1.2982298358110711e-05,6.3317497733805794e-06,0.5062527656555176
baseline,2,5001,75,0.0040329862385988235,1.6267449609586038e-05,7.927214028313756e-06,0.5064687132835388
baseline,2,5001,76,0.004965061787515879,2.4661825591465458e-05,1.1965224075538572e-05,0.5075799226760864
baseline,2,5001,77,0.004366945941001177,1.907144905999303e-05,9.342156772618182e-06,0.5051508545875549
baseline,2,5001,78,0.0037152308505028486,1.3806127753923647e-05,6.723460955981864e-06,0.5066322684288025
baseline,2,5001,79,0.0035393135622143745,1.2526932550827041e-05,6.214042514329776e-06,0.5019827485084534
baseline,2,5001,80,0.004118782002478838,1.6965397662715986e-05,8.340343811141793e-06,0.5042468309402466
baseline,2,5001,81,0.005220474675297737,2.7263515221420676e-05,1.2977452570339665e-05,0.5124461650848389
baseline,2,5001,82,0.0037445840425789356,1.4023294170328882e-05,6.899298114149133e-06,0.5040526986122131
baseline,2,5001,83,0.0036607198417186737,1.3401217074715532e-05,6.626374670304358e-06,0.502791166305542
baseline,2,5001,84,0.005181225948035717,2.685358776943758e-05,1.3033341929258313e-05,0.5074873566627502
baseline,2,5001,85,0.0050400556065142155,2.5407856810488738e-05,1.232292561326176e-05,0.5076675415039062
baseline,2,5001,86,0.0035613311920315027,1.268395317310933e-05,6.275175564951496e-06,0.502652645111084
baseline,2,5001,87,0.004324996378272772,1.870943742687814e-05,9.154653525911272e-06,0.5054315328598022
baseline,2,5001,88,0.004494199529290199,2.020074680331163e-05,9.826017048908398e-06,0.5069296360015869
baseline,2,5001,89,0.0051868753507733345,2.6918145522358827e-05,1.288911789742997e-05,0.5109320282936096
baseline,2,5001,90,0.004302648827433586,1.851592242019251e-05,9.073233741219155e-06,0.5050618648529053
baseline,2,5001,91,0.004680376499891281,2.1910069335717708e-05,1.0689240298233926e-05,0.5061753988265991
baseline,2,5001,92,0.004688209388405085,2.198427500843536e-05,1.0762924830487464e-05,0.5052931308746338
baseline,2,5001,93,0.004081052262336016,1.6658479580655694e-05,8.11135942058172e-06,0.5066684484481812
baseline,2,5001,94,0.00436335289850831,1.9042105122935027e-05,9.357280760013964e-06,0.5043541193008423
baseline,2,5001,95,0.0033745893742889166,1.1388184248062316e-05,5.615861482510809e-06,0.5034689903259277
baseline,2,5001,96,0.004376161843538284,1.9153834728058428e-05,9.451007827010471e-06,0.5033169984817505
baseline,2,5001,97,0.004038418643176556,1.63115983013995e-05,7.99539793661097e-06,0.504988431930542
baseline,2,5001,98,0.005044806748628616,2.5472978450125083e-05,1.2144383617851418e-05,0.512040376663208
baseline,2,5001,99,0.004666130989789963,2.1780249880976044e-05,1.0519122952246107e-05,0.508738100528717
baseline,2,5001,100,0.004162891767919064,1.7331933122477494e-05,8.455809620500077e-06,0.5061730146408081
baseline,2,5001,101,0.004177933558821678,1.7459125956520438e-05,8.490205800626427e-06,0.506996750831604
baseline,2,5001,102,0.0037489510141313076,1.4055167412152514e-05,6.941456376807764e-06,0.5030905604362488
baseline,2,5001,103,0.004799285903573036,2.3050281015457585e-05,1.0960902727674693e-05,0.5127049088478088
baseline,2,5001,104,0.004780520685017109,2.2864815036882646e-05,1.1005797205143608e-05,0.509595513343811
baseline,2,5001,105,0.005063846241682768,2.565000977483578e-05,1.2426591638359241e-05,0.5079486966133118
baseline,2,5001,106,0.004251318052411079,1.807967601052951e-05,8.752649591770023e-06,0.5081343650817871
baseline,2,5001,107,0.004448822699487209,1.9802195311058313e-05,9.39940582611598e-06,0.5131677389144897
baseline,2,5001,108,0.0030658934265375137,9.399830560141709e-06,4.670153430197388e-06,0.5015894174575806
baseline,2,5001,109,0.0038046021945774555,1.4477749573416077e-05,7.109429589036154e-06,0.5045293569564819
baseline,2,5001,110,0.005058563780039549,2.5602133973734453e-05,1.2434397831384558e-05,0.5073152184486389
baseline,2,5001,111,0.005190590396523476,2.6946891011903062e-05,1.3132643289281987e-05,0.506442666053772
baseline,2,5001,112,0.004863289184868336,2.367308479733765e-05,1.1236861610086635e-05,0.5131654739379883
baseline,2,5001,113,0.00388565706089139,1.510748734290246e-05,7.326387731154682e-06,0.5076968669891357
baseline,2,5001,114,0.004128466825932264,1.7047412256943062e-05,8.285573130706325e-06,0.5071320533752441
baseline,2,5001,115,0.004589815624058247,2.1071718947496265e-05,1.0265834134770557e-05,0.5065304040908813
baseline,2,5001,116,0.003568298416212201,1.2733802577713504e-05,6.263381692406256e-06,0.5041134357452393
baseline,2,5001,117,0.0044522397220134735,1.9826111383736134e-05,9.712803148431703e-06,0.5051255226135254
baseline,2,5001,118,0.003956836182624102,1.5659825294278562e-05,7.650271072634496e-06,0.5058342814445496
baseline,2,5001,119,0.004814432933926582,2.3186104954220355e-05,1.1316347809042782e-05,0.506072998046875
baseline,2,5001,120,0.0042189485393464565,1.780271668394562e-05,8.737354619370308e-06,0.5046683549880981
baseline,2,5001,121,0.0038316664285957813,1.4682632354379166e-05,7.201747393992264e-06,0.5048197507858276
baseline,2,5001,122,0.00383635307662189,1.4718358215759508e-05,7.255062428157544e-06,0.5035730004310608
baseline,2,5001,123,0.0038319560699164867,1.4684374036733061e-05,7.269097295647953e-06,0.5025055408477783
baseline,2,5001,124,0.0036080677527934313,1.3019565813010558e-05,6.412871243810514e-06,0.5037621259689331
baseline,2,5001,125,0.003926433622837067,1.5419987903442234e-05,7.537693363701692e-06,0.50568026304245
baseline,2,5001,126,0.00435985904186964,1.901834548334591e-05,9.140378097072244e-06,0.5099847316741943
baseline,2,5001,127,0.0035639284178614616,1.270418033527676e-05,6.199879862833768e-06,0.5060986280441284
baseline,2,50000,0,0.022117987275123596,0.0007235746597871184,0.00021139794262126088,0.653549075126648
baseline,2,50000,1,0.02053464949131012,0.0008233461412601173,0.0002493232022970915,0.6409770250320435
baseline,2,50000,2,0.025668084621429443,0.0008628334617242217,0.00020321259216871113,0.7264265418052673
baseline,2,50000,3,0.020844286307692528,0.0005035369540564716,0.0001843204372562468,0.5821789503097534
baseline,2,50000,4,0.015498701483011246,0.0003783206338994205,9.407265315530822e-05,0.7077677845954895
baseline,2,50000,5,0.01642741821706295,0.0004275841638445854,0.00012803170830011368,0.6458030939102173
baseline,2,50000,6,0.025132659822702408,0.0006549801328219473,0.00015658425400033593,0.7220124006271362
baseline,2,50000,7,0.022793198004364967,0.0005666133365593851,0.00018773719784803689,0.6119900345802307
baseline,2,50000,8,0.014573714695870876,0.0003860642318613827,7.881157944211736e-05,0.7808927893638611
baseline,2,50000,9,0.013951095752418041,0.00023319461615756154,7.464054215233773e-05,0.624394416809082
baseline,2,50000,10,0.02045074850320816,0.0005595117690972984,0.00025382934836670756,0.5242949724197388
baseline,2,50000,11,0.02834301069378853,0.0008777478942647576,0.00034156590118072927,0.5586953163146973
baseline,2,50000,12,0.021582679823040962,0.0006295149214565754,0.00023987457097973675,0.5711652040481567
baseline,2,50000,13,0.01564655639231205,0.00046580604976043105,0.00015668250853195786,0.6082897186279297
baseline,2,50000,14,0.01827656663954258,0.00047224201261997223,0.0001293639070354402,0.6732566952705383
baseline,2,50000,15,0.02017587423324585,0.0005417410284280777,0.00015127588994801044,0.6654816269874573
baseline,2,50000,16,0.018306465819478035,0.00047106528654694557,0.00013658820535056293,0.655357837677002
baseline,2,50000,17,0.026742547750473022,0.0008002100512385368,0.0003189174458384514,0.5527036190032959
baseline,2,50000,18,0.020061615854501724,0.0004681360733229667,0.00016892615531105548,0.5862215757369995
baseline,2,50000,19,0.015712331980466843,0.0004126410640310496,0.00014256732538342476,0.6011622548103333
baseline,2,50000,20,0.020726101472973824,0.00044345014612190425,0.00017029880837071687,0.5703021287918091
baseline,2,50000,21,0.024584228172898293,0.0006423618760891259,0.00015394639922305942,0.7209667563438416
baseline,2,50000,22,0.016206044703722,0.00031598942587152123,0.00010027444659499452,0.6268898844718933
baseline,2,50000,23,0.0187314972281456,0.0003819871344603598,0.00011379681382095441,0.646751880645752
baseline,2,50000,24,0.02077174000442028,0.0005152890225872397,0.00016377576685044914,0.6263720989227295
baseline,2,50000,25,0.01936427131295204,0.00044774074922315776,0.0001491962611908093,0.6095474362373352
baseline,2,50000,26,0.018241260200738907,0.00038393924478441477,0.00010130064038094133,0.6819746494293213
baseline,2,50000,27,0.015354654751718044,0.0003928703081328422,0.00011266025830991566,0.6594604849815369
baseline,2,50000,28,0.016161439940333366,0.00045264989603310823,0.00010814367124112323,0.7212345600128174
baseline,2,50000,29,0.02375972270965576,0.0006625913665629923,0.00016893123392947018,0.6994763612747192
baseline,2,50000,30,0.01882554031908512,0.0004054710443597287,9.463173046242446e-05,0.731208324432373
baseline,2,50000,31,0.020779339596629143,0.0005719988839700818,0.0001328758371528238,0.7320185899734497
baseline,2,50000,32,0.02002928964793682,0.00045121856965124607,0.00014557971735484898,0.6213397979736328
baseline,2,50000,33,0.018734348937869072,0.00040355551755055785,0.00014279531023930758,0.5915979743003845
baseline,2,50000,34,0.019080962985754013,0.0004817318986169994,0.00016957716434262693,0.5953270196914673
baseline,2,50000,35,0.021852916106581688,0.0005699025932699442,0.00013569860311690718,0.7241901755332947
baseline,2,50000,36,0.01945561356842518,0.0004400278558023274,0.0001524811377748847,0.5992907285690308
baseline,2,50000,37,0.024102989584207535,0.0006935551064088941,0.00019807039643637836,0.6606026291847229
baseline,2,50000,38,0.01774129830300808,0.00047703692689538,0.00013773911632597446,0.6575841903686523
baseline,2,50000,39,0.017745347693562508,0.0003818692057393491,0.00011876785720232874,0.6324617862701416
baseline,2,50000,40,0.017640115693211555,0.0005840305238962173,0.00015153813001234084,0.6920512914657593
baseline,2,50000,41,0.020395634695887566,0.000498934939969331,0.00014491115871351212,0.6550744771957397
baseline,2,50000,42,0.017985939979553223,0.0003809882909990847,8.653744589537382e-05,0.7412960529327393
baseline,2,50000,43,0.01681973971426487,0.0003057772701140493,7.211721094790846e-05,0.7273545265197754
baseline,2,50000,44,0.01844056136906147,0.0005331196589395404,0.00016112715820781887,0.6417284607887268
baseline,2,50000,45,0.01946273259818554,0.000480064278235659,0.00014227174688130617,0.648316502571106
baseline,2,50000,46,0.02462061122059822,0.0007117083878256381,0.00024118633882608265,0.6068302392959595
baseline,2,50000,47,0.017649346962571144,0.00037302012788131833,0.00010159463272430003,0.6772019863128662
baseline,2,50000,48,0.01935240440070629,0.0004993181210011244,0.0001244533632416278,0.7067939043045044
baseline,2,50000,49,0.02119346335530281,0.0005002673715353012,0.0001512840244686231,0.6417056918144226
baseline,2,50000,50,0.018055738881230354,0.000480034330394119,0.00013054185546934605,0.6755324602127075
baseline,2,50000,51,0.02167896367609501,0.0005412531900219619,0.00017919733363669366,0.6113812327384949
baseline,2,50000,52,0.012724273838102818,0.00041312104440294206,9.13233743631281e-05,0.7503042817115784
baseline,2,50000,53,0.018827738240361214,0.00045185768976807594,0.00015966835781000555,0.5941213369369507
baseline,2,50000,54,0.023547161370515823,0.0007237704703584313,0.00016269745538011193,0.7450519800186157
baseline,2,50000,55,0.016691720113158226,0.00034687097650021315,0.00010315865802112967,0.6463867425918579
baseline,2,50000,56,0.02298053167760372,0.0006015879334881902,0.00017035384371411055,0.6634989976882935
baseline,2,50000,57,0.01791147142648697,0.0003908033831976354,0.00013412427506409585,0.6021310091018677
baseline,2,50000,58,0.014207018539309502,0.0002858777006622404,9.528385271551087e-05,0.6098155975341797
baseline,2,50000,59,0.016646621748805046,0.00041999321547336876,8.550874918000773e-05,0.7817468047142029
baseline,2,50000,60,0.01865175925195217,0.0004094208707101643,0.0001348342193523422,0.615245521068573
baseline,2,50000,61,0.017179733142256737,0.0004599265812430531,0.00014562223805114627,0.6262327432632446
baseline,2,50000,62,0.016423460096120834,0.0005430214805528522,0.00014554672816302627,0.6810059547424316
baseline,2,50000,63,0.023319609463214874,0.0008969710906967521,0.0002863418194465339,0.6227927207946777
baseline,2,50000,64,0.018794795498251915,0.0004719153803307563,0.00011051577894249931,0.7271199822425842
baseline,2,50000,65,0.012598981149494648,0.0003242389648221433,7.630254549439996e-05,0.7273499965667725
baseline,2,50000,66,0.018082141876220703,0.00042307673720642924,0.00015062848979141563,0.5915064215660095
baseline,2,50000,67,0.02087319828569889,0.0005853575421497226,0.00017066953296307474,0.6534841060638428
baseline,2,50000,68,0.01953084208071232,0.0004820545727852732,0.00010729964560596272,0.7455289363861084
baseline,2,50000,69,0.017175110056996346,0.0005938173271715641,0.00013996800407767296,0.7237038612365723
baseline,2,50000,70,0.024903355166316032,0.0007579853991046548,0.0003085904463659972,0.5523815751075745
baseline,2,50000,71,0.025853581726551056,0.0007782092434354126,0.00035013252636417747,0.525602400302887
baseline,2,50000,72,0.015066051855683327,0.0004197939415462315,8.57123959576711e-05,0.780822217464447
baseline,2,50000,73,0.01831941306591034,0.00041452882578596473,0.00017274633864872158,0.5455121994018555
baseline,2,50000,74,0.019882014021277428,0.0004959345096722245,0.00011242652544751763,0.7401654720306396
baseline,2,50000,75,0.02093399129807949,0.0005508980830200016,0.00016720358689781278,0.6406606435775757
baseline,2,50000,76,0.024231145158410072,0.0007419727044180036,0.0001875262678368017,0.7026413679122925
baseline,2,50000,77,0.018935948610305786,0.0004680472193285823,0.00013642574776895344,0.6546648740768433
baseline,2,50000,78,0.017950722947716713,0.000471603125333786,0.0001334306289209053,0.6626483201980591
baseline,2,50000,79,0.027482423931360245,0.0008037936058826745,0.0002571304503362626,0.6229943633079529
baseline,2,50000,80,0.020617475733160973,0.0005969332996755838,0.00020655365369748324,0.6000977158546448
baseline,2,50000,81,0.015321471728384495,0.0002944473526440561,5.678140587406233e-05,0.8039984107017517
baseline,2,50000,82,0.022018752992153168,0.0005187615752220154,0.0001571135362610221,0.6413484811782837
baseline,2,50000,83,0.022911446169018745,0.000704539124853909,0.00023505750868935138,0.6108508706092834
baseline,2,50000,84,0.01966843381524086,0.00048414990305900574,0.00011354439629940316,0.7291825413703918
baseline,2,50000,85,0.01843855530023575,0.00040601694490760565,0.00012355658691376448,0.6396048069000244
baseline,2,50000,86,0.02243676781654358,0.0007141747046262026,0.00021912295778747648,0.6375406384468079
baseline,2,50000,87,0.02089030295610428,0.0006080787279643118,0.00016492226859554648,0.677870512008667
baseline,2,50000,88,0.02214999869465828,0.0006662297528237104,0.00021153467241674662,0.6252966523170471
baseline,2,50000,89,0.01837856136262417,0.0005273323622532189,0.00011671888205455616,0.7507571578025818
baseline,2,50000,90,0.016240505501627922,0.0003138843458145857,8.570573118049651e-05,0.6757177710533142
baseline,2,50000,91,0.016075029969215393,0.00041805877117440104,0.00011989122140221298,0.6594382524490356
baseline,2,50000,92,0.024545732885599136,0.0007618177332915366,0.0002078138495562598,0.6751904487609863
baseline,2,50000,93,0.020750025287270546,0.0005239599850028753,0.00014453248877543956,0.671424150466919
baseline,2,50000,94,0.020545918494462967,0.0006172857247292995,0.0001468357804697007,0.7233103513717651
baseline,2,50000,95,0.021738359704613686,0.0005950479535385966,0.00020991667406633496,0.5916188955307007
baseline,2,50000,96,0.02019627019762993,0.0007191275944933295,0.00021494882821571082,0.6448075771331787
baseline,2,50000,97,0.018030628561973572,0.0004093560855835676,0.00011025833373423666,0.6803864240646362
baseline,2,50000,98,0.021151674911379814,0.0007649908075109124,0.0001793926057871431,0.7261490225791931
baseline,2,50000,99,0.01587558723986149,0.0004536242049653083,9.686616976978257e-05,0.7630255222320557
baseline,2,50000,100,0.017880983650684357,0.0004405979998409748,9.977757872547954e-05,0.7419641017913818
baseline,2,50000,101,0.01644808240234852,0.0005116481916047633,0.00012691599840763956,0.7084994316101074
baseline,2,50000,102,0.017133185639977455,0.0007229475886560977,0.00023221602896228433,0.6228929758071899
baseline,2,50000,103,0.014502638019621372,0.0003074427368119359,6.574383587576449e-05,0.7626911401748657
baseline,2,50000,104,0.019485875964164734,0.0005197427235543728,0.00010257819667458534,0.7907558679580688
baseline,2,50000,105,0.022511940449476242,0.0007085245451889932,0.0002004966081585735,0.6620775461196899
baseline,2,50000,106,0.016372941434383392,0.000384785293135792,0.00011021970567526296,0.6596496105194092
baseline,2,50000,107,0.013781732879579067,0.00041132199112325907,8.715844887774438e-05,0.7654709815979004
baseline,2,50000,108,0.01897868700325489,0.0005414808983914554,0.00022030097898095846,0.5533227920532227
baseline,2,50000,109,0.01588124781847,0.0003287224972154945,0.00012418185360729694,0.5744854807853699
baseline,2,50000,110,0.02032843604683876,0.0006576856831088662,0.0001827226806199178,0.6678044199943542
baseline,2,50000,111,0.02441309578716755,0.000896636163815856,0.0002645897911861539,0.6494725346565247
baseline,2,50000,112,0.01860720105469227,0.00046402448788285255,8.928715396905318e-05,0.8038433194160461
baseline,2,50000,113,0.019931534305214882,0.0006296909996308386,0.0001574333873577416,0.7055809497833252
baseline,2,50000,114,0.01884561963379383,0.000524714298080653,0.00014268045197241008,0.6755547523498535
baseline,2,50000,115,0.02031742036342621,0.0005556001560762525,0.00014651277160737664,0.6879016160964966
baseline,2,50000,116,0.019567526876926422,0.0005273210117593408,0.00018821965204551816,0.59149169921875
baseline,2,50000,117,0.019133368507027626,0.000443343713413924,0.00015729674487374723,0.5909807682037354
baseline,2,50000,118,0.02291678823530674,0.0005866062128916383,0.00017835039761848748,0.6400029063224792
baseline,2,50000,119,0.01870579645037651,0.0004907356342300773,0.00013994421169627458,0.6606743931770325
baseline,2,50000,120,0.022376008331775665,0.0005621312884613872,0.00015917934069875628,0.6635069847106934
baseline,2,50000,121,0.02720252238214016,0.0009094001725316048,0.0002642662439029664,0.6536665558815002
baseline,2,50000,122,0.01949238032102585,0.0005508605972863734,0.00016848841914907098,0.6380189657211304
baseline,2,50000,123,0.021756688132882118,0.0007192742777988315,0.00025219438248313963,0.5950223207473755
baseline,2,50000,124,0.023870624601840973,0.0007219508406706154,0.00021365814609453082,0.649388313293457
baseline,2,50000,125,0.022201063111424446,0.0006106742657721043,0.00017059578385669738,0.6678057909011841
baseline,2,50000,126,0.015954559668898582,0.0005380101501941681,0.00014417563215829432,0.6810774803161621
baseline,2,50000,127,0.017743781208992004,0.00039658622699789703,0.00012633868027478456,0.6236080527305603
baseline,2,100000,0,0.022880444303154945,0.000667038606479764,0.0001688064803602174,0.7014057040214539
baseline,2,100000,1,0.0210993941873312,0.0006633220473304391,0.0001890013663796708,0.6617245674133301
baseline,2,100000,2,0.018735310062766075,0.0005112423095852137,0.00011021149111911654,0.7586443424224854
baseline,2,100000,3,0.03171662986278534,0.001059550791978836,0.00035339733585715294,0.6105060577392578
baseline,2,100000,4,0.019711242988705635,0.00044534564949572086,9.9428158137016e-05,0.7464416027069092
baseline,2,100000,5,0.018413344398140907,0.0004219524562358856,0.00011898059892700985,0.6649144887924194
baseline,2,100000,6,0.02274312451481819,0.0006940755993127823,0.0001824732025852427,0.6886172890663147
baseline,2,100000,7,0.022244643419981003,0.0005471258773468435,0.0001558339426992461,0.6582571864128113
baseline,2,100000,8,0.023348283022642136,0.0006391428178176284,0.00012056676496285945,0.8123778104782104
baseline,2,100000,9,0.0171794593334198,0.0003458735882304609,8.606760820839554e-05,0.707499623298645
baseline,2,100000,10,0.018266936764121056,0.0003984964278060943,0.0001689529453869909,0.5422658920288086
baseline,2,100000,11,0.025544991716742516,0.0008687978843227029,0.0005271880072541535,0.45095616579055786
baseline,2,100000,12,0.023880936205387115,0.0006407035398297012,0.00023157686518970877,0.5872525572776794
baseline,2,100000,13,0.017145518213510513,0.00046290605678223073,0.00014227221254259348,0.637302041053772
baseline,2,100000,14,0.020913582295179367,0.00046386331086978316,0.0001046392135322094,0.7439002990722656
baseline,2,100000,15,0.024959784001111984,0.0008753385045565665,0.0002652894763741642,0.6395834684371948
baseline,2,100000,16,0.023668937385082245,0.0006909382063895464,0.0001757358986651525,0.6981521844863892
baseline,2,100000,17,0.02351568453013897,0.0007431909907609224,0.0004787240468431264,0.4375576972961426
baseline,2,100000,18,0.022079048678278923,0.0005862803664058447,0.00020233029499650002,0.5976139307022095
baseline,2,100000,19,0.023171665146946907,0.000607066904194653,0.00018214872397948056,0.6441452503204346
baseline,2,100000,20,0.020182423293590546,0.00047604163410142064,0.00016551387670915574,0.5977498292922974
baseline,2,100000,21,0.023125410079956055,0.000619094877038151,0.00013037589087616652,0.7671691179275513
baseline,2,100000,22,0.01815323531627655,0.0003565163351595402,0.00010782133176689968,0.6413639783859253
baseline,2,100000,23,0.023553775623440742,0.0006473736139014363,0.000155481873662211,0.7184844017028809
baseline,2,100000,24,0.018676098436117172,0.00035424460656940937,9.677385241957381e-05,0.6741483211517334
baseline,2,100000,25,0.023964406922459602,0.0006383403670042753,0.00017869686416815966,0.665314793586731
baseline,2,100000,26,0.018072307109832764,0.000457198970252648,0.00010062746878247708,0.7517030239105225
baseline,2,100000,27,0.027148934081196785,0.0009501035092398524,0.00023897347273305058,0.7026879787445068
baseline,2,100000,28,0.017681704834103584,0.00039862855919636786,7.523845124524087e-05,0.8128417730331421
baseline,2,100000,29,0.02556019276380539,0.0009114324348047376,0.0002068939502350986,0.7395777106285095
baseline,2,100000,30,0.021936222910881042,0.000537184183485806,0.00011284770152997226,0.7707620859146118
baseline,2,100000,31,0.025890180841088295,0.001088585238903761,0.0002637878351379186,0.7157002687454224
baseline,2,100000,32,0.022435111925005913,0.0005389326252043247,0.0001439843326807022,0.6793685555458069
baseline,2,100000,33,0.024034369736909866,0.000596715952269733,0.00017854019824881107,0.6412811279296875
baseline,2,100000,34,0.02137940004467964,0.0005203728214837611,0.0001555882190586999,0.6443332433700562
baseline,2,100000,35,0.0229987483471632,0.0005674809217453003,0.00014746698434464633,0.6893826723098755
baseline,2,100000,36,0.019758854061365128,0.00046081177424639463,0.00015886501932982355,0.6007691621780396
baseline,2,100000,37,0.02602558210492134,0.000744676566682756,0.00025353976525366306,0.6046490669250488
baseline,2,100000,38,0.017546935006976128,0.00042378230136819184,0.00010667314927559346,0.7014699578285217
baseline,2,100000,39,0.01801515743136406,0.00038800074253231287,0.00010331023077014834,0.6833558678627014
baseline,2,100000,40,0.01752615161240101,0.0003833532682619989,8.621552842669189e-05,0.7410033941268921
baseline,2,100000,41,0.023511208593845367,0.0007508703274652362,0.00021323990949895233,0.6616498827934265
baseline,2,100000,42,0.01888740435242653,0.000598811951931566,0.0001265314785996452,0.7672157287597656
baseline,2,100000,43,0.019650209695100784,0.0005000217934139073,0.00010907921387115493,0.7554458975791931
baseline,2,100000,44,0.02153380773961544,0.00073330505983904,0.00021621494670398533,0.649181604385376
baseline,2,100000,45,0.021167058497667313,0.0005734403384849429,0.00014849482977297157,0.6907214522361755
baseline,2,100000,46,0.02431301213800907,0.0006595611339434981,0.00020754059369210154,0.6280288696289062
baseline,2,100000,47,0.02186570130288601,0.0005324594676494598,0.00012058740685461089,0.7421649098396301
baseline,2,100000,48,0.018522854894399643,0.00041697267442941666,8.918935782276094e-05,0.7627414464950562
baseline,2,100000,49,0.022104911506175995,0.0005696088192053139,0.0001504030078649521,0.6873288154602051
baseline,2,100000,50,0.02439458854496479,0.0008695351425558329,0.00019726860045921057,0.7402476072311401
baseline,2,100000,51,0.026050396263599396,0.0009291537571698427,0.00024315417977049947,0.6893162727355957
baseline,2,100000,52,0.01633392460644245,0.0005361076910048723,0.00012249499559402466,0.7375971078872681
baseline,2,100000,53,0.02566065452992916,0.0006890376098453999,0.0002123371377820149,0.6341344714164734
baseline,2,100000,54,0.02012063004076481,0.0005981210269965231,0.00011806153634097427,0.7903233766555786
baseline,2,100000,55,0.021688027307391167,0.0005538775585591793,0.00016146623238455504,0.6527506709098816
baseline,2,100000,56,0.019513176754117012,0.00043843791354447603,0.00010145148553419858,0.7321429252624512
baseline,2,100000,57,0.023002149537205696,0.0005593630485236645,0.0001432770659448579,0.6960513591766357
baseline,2,100000,58,0.02898210473358631,0.0010978213977068663,0.00031099264742806554,0.6624363660812378
baseline,2,100000,59,0.019647710025310516,0.0005589273059740663,0.00010976440535159782,0.7966177463531494
baseline,2,100000,60,0.01871621608734131,0.0004315452533774078,0.00010280905553372577,0.7237087488174438
baseline,2,100000,61,0.021880295127630234,0.0006102498155087233,0.000192587889614515,0.6269582509994507
baseline,2,100000,62,0.019727660343050957,0.0006149676628410816,0.00014908472076058388,0.7160325050354004
baseline,2,100000,63,0.02116345427930355,0.0005419282242655754,0.00014324155927170068,0.6848591566085815
baseline,2,100000,64,0.02184077724814415,0.0005113555816933513,0.00011367968545528129,0.7458170652389526
baseline,2,100000,65,0.015120469033718109,0.00032435692264698446,8.787433034740388e-05,0.678490400314331
baseline,2,100000,66,0.018698716536164284,0.0004622164706233889,0.00019099157361779362,0.5487053990364075
baseline,2,100000,67,0.01889820583164692,0.000431027146987617,0.00011087572784163058,0.695486843585968
baseline,2,100000,68,0.023072371259331703,0.0006446141633205116,0.00014597541303373873,0.7399755716323853
baseline,2,100000,69,0.018591633066534996,0.000496583990752697,0.0001143056433647871,0.7357946634292603
baseline,2,100000,70,0.02532888390123844,0.0007694435189478099,0.00028112417203374207,0.5825760960578918
baseline,2,100000,71,0.023289183154702187,0.000636145705357194,0.000269132578978315,0.5413863658905029
baseline,2,100000,72,0.025408348068594933,0.0007706194883212447,0.00014538923278450966,0.8123127222061157
baseline,2,100000,73,0.01967882178723812,0.0006352071650326252,0.00018071112572215497,0.6602937579154968
baseline,2,100000,74,0.022528190165758133,0.0007540559163317084,0.00014890756574459374,0.7933133840560913
baseline,2,100000,75,0.02071908861398697,0.0005417862557806075,0.00015537205035798252,0.6587749719619751
baseline,2,100000,76,0.020772863179445267,0.00046461299643851817,9.920579032041132e-05,0.7632412314414978
baseline,2,100000,77,0.0201246477663517,0.0005634879926219583,0.00015270704170688987,0.677836537361145
baseline,2,100000,78,0.02005597949028015,0.0004281879519112408,9.859982674242929e-05,0.7362895607948303
baseline,2,100000,79,0.02855353243649006,0.0008372645825147629,0.0002539205306675285,0.6405538320541382
baseline,2,100000,80,0.024344289675354958,0.0008172603556886315,0.0002591196680441499,0.6262302398681641
baseline,2,100000,81,0.015487066470086575,0.0003339891554787755,7.207491580629721e-05,0.7598543167114258
baseline,2,100000,82,0.02093958668410778,0.0005667235236614943,0.00013885587395634502,0.7118210792541504
baseline,2,100000,83,0.022404391318559647,0.000755668617784977,0.00023723533377051353,0.6302607655525208
baseline,2,100000,84,0.020124103873968124,0.0005465061985887587,0.0001283848687307909,0.7288824915885925
baseline,2,100000,85,0.021278852596879005,0.0005780252977274358,0.0001410931145073846,0.7139239311218262
baseline,2,100000,86,0.020608404651284218,0.0005732483696192503,0.00015138195885811,0.6867639422416687
baseline,2,100000,87,0.025416968390345573,0.0008432642789557576,0.000189546262845397,0.7441040873527527
baseline,2,100000,88,0.02789616584777832,0.0008796843467280269,0.00024041366123128682,0.6748794317245483
baseline,2,100000,89,0.023500308394432068,0.0007060798234306276,0.00019113639427814633,0.6773351430892944
baseline,2,100000,90,0.025175536051392555,0.0007614928763359785,0.000180903822183609,0.7236379981040955
baseline,2,100000,91,0.028200585395097733,0.0010144219268113375,0.0002551561628933996,0.7026755809783936
baseline,2,100000,92,0.020040418952703476,0.0005793854361400008,0.00014244727208279073,0.7122818231582642
baseline,2,100000,93,0.021843696013092995,0.0005636032437905669,0.00014078720414545387,0.7062772512435913
baseline,2,100000,94,0.025305025279521942,0.0008235975401476026,0.00016737788973841816,0.7820647954940796
baseline,2,100000,95,0.01736442744731903,0.00047920679207891226,0.00016442619380541146,0.5995191335678101
baseline,2,100000,96,0.020748460665345192,0.0008414068724960089,0.0002502716379240155,0.6471999287605286
baseline,2,100000,97,0.018294760957360268,0.0003873430541716516,9.381377458339557e-05,0.7175041437149048
baseline,2,100000,98,0.019881322979927063,0.0004634948563762009,0.00011548450129339471,0.706822395324707
baseline,2,100000,99,0.02121162973344326,0.0005959128029644489,0.0001363501651212573,0.7359218001365662
baseline,2,100000,100,0.01607048697769642,0.00033415528014302254,8.341798093169928e-05,0.7071025371551514
baseline,2,100000,101,0.023433204740285873,0.0008302356000058353,0.00018640344205778092,0.7426556348800659
baseline,2,100000,102,0.026783976703882217,0.0009644547826610506,0.00029198682750575244,0.6406019926071167
baseline,2,100000,103,0.013834308832883835,0.0003573852591216564,6.896486593177542e-05,0.8006068468093872
baseline,2,100000,104,0.01710723713040352,0.000536098494194448,0.0001145675269071944,0.7578925490379333
baseline,2,100000,105,0.019231973215937614,0.0005476314690895379,0.000142887351103127,0.6889320611953735
baseline,2,100000,106,0.016259534284472466,0.00041258748387917876,0.00012304764823056757,0.6462912559509277
baseline,2,100000,107,0.017403995618224144,0.0005247206427156925,8.954872464528307e-05,0.8525346517562866
baseline,2,100000,108,0.020539602264761925,0.0006875385879538953,0.0002268690150231123,0.6139770746231079
baseline,2,100000,109,0.019868576899170876,0.0004580389941111207,0.00012680303188972175,0.6693211793899536
baseline,2,100000,110,0.02787560224533081,0.0009910340886563063,0.00021756143542006612,0.7524797320365906
baseline,2,100000,111,0.02099580690264702,0.000562044617254287,0.00015147920930758119,0.6795392632484436
baseline,2,100000,112,0.020392602309584618,0.0005938644171692431,0.00010351052333135158,0.8456984758377075
baseline,2,100000,113,0.018387487158179283,0.0004108211724087596,9.438775305170566e-05,0.736487865447998
baseline,2,100000,114,0.025908976793289185,0.0009875120595097542,0.00022388446086551994,0.7404842376708984
baseline,2,100000,115,0.023076366633176804,0.0005875596543774009,0.00012144637003075331,0.7766481041908264
baseline,2,100000,116,0.0155732287093997,0.0003600848722271621,0.0001357984874630347,0.5741522312164307
baseline,2,100000,117,0.01898272894322872,0.00042899674735963345,0.00012689591676462442,0.6478398442268372
baseline,2,100000,118,0.018892936408519745,0.0004041309584863484,0.0001074041792890057,0.6831491589546204
baseline,2,100000,119,0.0193919874727726,0.0005769609706476331,0.00016681257693562657,0.6546001434326172
baseline,2,100000,120,0.018705349415540695,0.00040260213427245617,9.317472722614184e-05,0.7320832014083862
baseline,2,100000,121,0.019317397847771645,0.0006212802836671472,0.00021168267994653434,0.6028565168380737
baseline,2,100000,122,0.02479388564825058,0.0007141127134673297,0.00020110589684918523,0.6649346351623535
baseline,2,100000,123,0.026937972754240036,0.0011980099370703101,0.0003689750737976283,0.6357362270355225
baseline,2,100000,124,0.0227497611194849,0.0007885854574851692,0.0001845682127168402,0.7289028167724609
baseline,2,100000,125,0.02023293636739254,0.000492437626235187,0.00013959044008515775,0.6634136438369751
baseline,2,100000,126,0.016622478142380714,0.00044844846706837416,0.00010870213736779988,0.7160871028900146
baseline,2,100000,127,0.02127835899591446,0.0005493559874594212,0.00015381658158730716,0.6653130650520325
baseline,2,250000,0,0.020782891660928726,0.0008871227037161589,0.00014991351054050028,0.8451210856437683
baseline,2,250000,1,0.021757787093520164,0.0007857772288843989,0.00029820643248967826,0.5673363208770752
baseline,2,250000,2,0.017847826704382896,0.0004346771165728569,9.935983689501882e-05,0.7370631694793701
baseline,2,250000,3,0.01963856630027294,0.00040553539292886853,0.0001394248683936894,0.6022726893424988
baseline,2,250000,4,0.015937406569719315,0.000293553777737543,6.487497012130916e-05,0.7504953145980835
baseline,2,250000,5,0.01768326945602894,0.0005106513854116201,0.0001371770049445331,0.6790016293525696
baseline,2,250000,6,0.021437274292111397,0.0005557260010391474,0.00010933982412097976,0.7950932383537292
baseline,2,250000,7,0.016048472374677658,0.0003028699429705739,8.653836266603321e-05,0.659177303314209
baseline,2,250000,8,0.02185802534222603,0.0006184978992678225,0.00011417309724492952,0.8192336559295654
baseline,2,250000,9,0.017998503521084785,0.0005127760814502835,0.00022368594363797456,0.5320272445678711
baseline,2,250000,10,0.024124154821038246,0.0007037367904558778,0.00024472895893268287,0.5953789949417114
baseline,2,250000,11,0.02012692764401436,0.0006547925295308232,0.00017218558059539646,0.6760271191596985
baseline,2,250000,12,0.021736841648817062,0.0008142472943291068,0.00025227339938282967,0.6327273845672607
baseline,2,250000,13,0.020829610526561737,0.0005876095383428037,0.0001670139463385567,0.6590241193771362
baseline,2,250000,14,0.020295951515436172,0.0004587953444570303,9.836623212322593e-05,0.7620360255241394
baseline,2,250000,15,0.021803587675094604,0.000617578683886677,0.0003010985383298248,0.5018064379692078
baseline,2,250000,16,0.02103208191692829,0.0005126431351527572,0.0001424914225935936,0.6697289943695068
baseline,2,250000,17,0.02027221769094467,0.0005579346907325089,0.00018664123490452766,0.6035870313644409
baseline,2,250000,18,0.02220422960817814,0.0005615820409730077,0.00016534347378183156,0.6496037244796753
baseline,2,250000,19,0.026076074689626694,0.0009332664776593447,0.00020747121016029269,0.7442082166671753
baseline,2,250000,20,0.017958762124180794,0.000412981491535902,0.00013239194231573492,0.6218094825744629
baseline,2,250000,21,0.018546991050243378,0.00043395496322773397,0.00010894626029767096,0.7027087807655334
baseline,2,250000,22,0.01926189847290516,0.0004102020466234535,0.00011918924428755417,0.6551550030708313
baseline,2,250000,23,0.02028307132422924,0.0005518919206224382,0.0001326754136243835,0.7200231552124023
baseline,2,250000,24,0.016473140567541122,0.0002997135161422193,8.515668014297262e-05,0.6624695062637329
baseline,2,250000,25,0.015155892819166183,0.0002463099954184145,6.378044054144993e-05,0.6930605173110962
baseline,2,250000,26,0.02001786418259144,0.0006524620112031698,0.00014531701162923127,0.7464324831962585
baseline,2,250000,27,0.022922325879335403,0.001072196289896965,0.00023787774262018502,0.7476254105567932
baseline,2,250000,28,0.017742149531841278,0.00044091325253248215,8.153853559633717e-05,0.8193503618240356
baseline,2,250000,29,0.023246372118592262,0.0007309771026484668,0.0002167168859159574,0.6472939252853394
baseline,2,250000,30,0.02013215981423855,0.0004993126494809985,0.0001371666876366362,0.6741418838500977
baseline,2,250000,31,0.024028997868299484,0.0007280396530404687,0.0002176360139856115,0.6408339142799377
baseline,2,250000,32,0.019304785877466202,0.0004139175871387124,0.00012021396833006293,0.6551147103309631
baseline,2,250000,33,0.017391638830304146,0.00031706475419923663,0.00010193008347414434,0.6228533983230591
baseline,2,250000,34,0.017817528918385506,0.00035163311986252666,9.031384979607537e-05,0.6967792510986328
baseline,2,250000,35,0.017816627398133278,0.00037709609023295343,8.846931450534612e-05,0.7290022373199463
baseline,2,250000,36,0.01748533360660076,0.00038651018985547125,0.00014114653458818793,0.5841456055641174
baseline,2,250000,37,0.020578252151608467,0.0005560510908253491,0.00019720870477613062,0.5899115204811096
baseline,2,250000,38,0.017352404072880745,0.00031070533441379666,8.388541755266488e-05,0.6799005270004272
baseline,2,250000,39,0.016033411026000977,0.0003028055652976036,8.244945638580248e-05,0.6765852570533752
baseline,2,250000,40,0.0239165760576725,0.0007193572819232941,0.0001771753595676273,0.7063103914260864
baseline,2,250000,41,0.020774032920598984,0.0005026623257435858,0.0001962871028808877,0.5637527704238892
baseline,2,250000,42,0.02278035506606102,0.0006199125200510025,0.00014510712935589254,0.7294798493385315
baseline,2,250000,43,0.018250703811645508,0.0003698113723658025,8.90130249899812e-05,0.7191587090492249
baseline,2,250000,44,0.01701788231730461,0.000402255158405751,8.291428093798459e-05,0.7718893885612488
baseline,2,250000,45,0.013991056010127068,0.0002192024840041995,5.8937628637067974e-05,0.6807007193565369
baseline,2,250000,46,0.02159431204199791,0.0005089667392894626,0.00014041224494576454,0.6721898913383484
baseline,2,250000,47,0.018168434500694275,0.00040092458948493004,9.813020733417943e-05,0.7133933305740356
baseline,2,250000,48,0.015985844656825066,0.0006364002474583685,0.00015851401258260012,0.7011809349060059
baseline,2,250000,49,0.02689245529472828,0.0011093469802290201,0.0002678263408597559,0.7171595096588135
baseline,2,250000,50,0.026134459301829338,0.0009580191690474749,0.00015586527297273278,0.8712798357009888
baseline,2,250000,51,0.020775601267814636,0.0005494840443134308,0.00020234171824995428,0.5780090093612671
baseline,2,250000,52,0.023733939975500107,0.0009480753215029836,0.00021221475617494434,0.7434527277946472
baseline,2,250000,53,0.019459227100014687,0.0004240149282850325,0.0001200350234284997,0.6633323431015015
baseline,2,250000,54,0.024355173110961914,0.0006620591739192605,0.0001430101547157392,0.7571892142295837
baseline,2,250000,55,0.018614618107676506,0.0005271648406051099,0.0001550083252368495,0.6492397785186768
baseline,2,250000,56,0.015589984133839607,0.0002682099293451756,7.791328243911266e-05,0.6534833908081055
baseline,2,250000,57,0.015561583451926708,0.0002662012411747128,6.976037548156455e-05,0.6900609731674194
baseline,2,250000,58,0.020339732989668846,0.00047901057405397296,0.00017571795615367591,0.5805946588516235
baseline,2,250000,59,0.020905036479234695,0.0005953503423370421,0.00012586255616042763,0.7659976482391357
baseline,2,250000,60,0.016953175887465477,0.0003705948474816978,9.514218254480511e-05,0.6946349143981934
baseline,2,250000,61,0.016108840703964233,0.0004768681537825614,0.00020783378568012267,0.5319963693618774
baseline,2,250000,62,0.024974849075078964,0.0008149122004397213,0.000253002333920449,0.6320990920066833
baseline,2,250000,63,0.018308963626623154,0.00036914896918460727,0.00010067478433484212,0.6762765645980835
baseline,2,250000,64,0.021116668358445168,0.0004992587491869926,0.00010626815492287278,0.7630695104598999
baseline,2,250000,65,0.02058298885822296,0.0006053512915968895,0.00017769377154763788,0.6477437019348145
baseline,2,250000,66,0.023459523916244507,0.0006365369190461934,0.00024582186597399414,0.5660610198974609
baseline,2,250000,67,0.01768403872847557,0.00034423312172293663,9.113553824136034e-05,0.6852418184280396
baseline,2,250000,68,0.017298610880970955,0.0003669660072773695,9.562455670675263e-05,0.6923158168792725
baseline,2,250000,69,0.02252602018415928,0.0007909989217296243,0.00017681567987892777,0.7322635650634766
baseline,2,250000,70,0.024884594604372978,0.000781972601544112,0.0004255282983649522,0.47597751021385193
baseline,2,250000,71,0.021418187767267227,0.0008164288592524827,0.00032634727540425956,0.552649199962616
baseline,2,250000,72,0.02360936626791954,0.0007256129756569862,0.00013393863628152758,0.8192433714866638
baseline,2,250000,73,0.01783953607082367,0.0006019290303811431,0.00025614313199184835,0.538550615310669
baseline,2,250000,74,0.016619885340332985,0.0003588002291508019,9.141507325693965e-05,0.6947548389434814
baseline,2,250000,75,0.02628691866993904,0.000932187947910279,0.0003784960135817528,0.545660138130188
baseline,2,250000,76,0.020974397659301758,0.0004777369031216949,0.00012509060616139323,0.6899392604827881
baseline,2,250000,77,0.01897463947534561,0.0005035678623244166,0.00016787492495495826,0.6076089143753052
baseline,2,250000,78,0.018871160224080086,0.00039087425102479756,8.546601020498201e-05,0.7548195123672485
baseline,2,250000,79,0.01627972535789013,0.00027453299844637513,7.330689550144598e-05,0.6823018789291382
baseline,2,250000,80,0.02377445437014103,0.0006787041202187538,0.000418178184190765,0.4488070607185364
baseline,2,250000,81,0.017973830923438072,0.000612194649875164,0.00013921283243689686,0.739105761051178
baseline,2,250000,82,0.023877141997218132,0.0011449134908616543,0.0002917665406130254,0.6991100907325745
baseline,2,250000,83,0.016789693385362625,0.0003126470255665481,8.183594763977453e-05,0.6889092922210693
baseline,2,250000,84,0.017742279917001724,0.00042150617809966207,0.00010396924335509539,0.711431086063385
baseline,2,250000,85,0.028470151126384735,0.001019362243823707,0.00020695256534963846,0.7809171080589294
baseline,2,250000,86,0.021918386220932007,0.0005510415066964924,0.00015425006859004498,0.667006254196167
baseline,2,250000,87,0.019898755475878716,0.000501058588270098,0.00011937671661144122,0.7221434116363525
baseline,2,250000,88,0.020220788195729256,0.0008047130540944636,0.000300960527965799,0.5735378265380859
baseline,2,250000,89,0.028493192046880722,0.001131541794165969,0.0002031459443969652,0.832141101360321
baseline,2,250000,90,0.016511891037225723,0.0003147560637444258,7.451712008332834e-05,0.7255064249038696
baseline,2,250000,91,0.02282964624464512,0.0009554928401485085,0.00021203521464485675,0.7475559115409851
baseline,2,250000,92,0.018105244264006615,0.0005172976525500417,0.00012911965313833207,0.7031493186950684
baseline,2,250000,93,0.019475240260362625,0.000466206663986668,0.0001729159412207082,0.5780966877937317
baseline,2,250000,94,0.013712440617382526,0.0002447236911393702,5.812497329316102e-05,0.7239851951599121
baseline,2,250000,95,0.018030116334557533,0.0004900862113572657,0.00024558507720939815,0.49584776163101196
baseline,2,250000,96,0.02652561664581299,0.000902778294403106,0.0006182941142469645,0.42248523235321045
baseline,2,250000,97,0.017556942999362946,0.00034507637610659003,8.844182593747973e-05,0.6980554461479187
baseline,2,250000,98,0.01691233552992344,0.00045001518446952105,0.00016072338621597737,0.588808536529541
baseline,2,250000,99,0.021647954359650612,0.0006231205770745873,0.00013921411300543696,0.7446229457855225
baseline,2,250000,100,0.01940794475376606,0.0005220593302510679,0.00014634391118306667,0.6662652492523193
baseline,2,250000,101,0.024396320804953575,0.0007154713966883719,0.0002337795594939962,0.6156147122383118
baseline,2,250000,102,0.028627445921301842,0.0009301831014454365,0.00014696209109388292,0.8851780891418457
baseline,2,250000,103,0.01339397020637989,0.000538044492714107,4.4600063120014966e-05,1.212587594985962
baseline,2,250000,104,0.02666880562901497,0.0010667364113032818,0.0002884400018956512,0.6735200881958008
baseline,2,250000,105,0.022163735702633858,0.0007547819404862821,0.0003907423815689981,0.48118841648101807
baseline,2,250000,106,0.015513586811721325,0.0004495333705563098,0.00015858667029533535,0.5940676331520081
baseline,2,250000,107,0.02205578051507473,0.0008725920924916863,0.00022650350001640618,0.6894857883453369
baseline,2,250000,108,0.024110237136483192,0.0007612804765813053,0.00024151435354724526,0.62357497215271
baseline,2,250000,109,0.02106073498725891,0.0008870881283655763,0.0002879320818465203,0.6161738038063049
baseline,2,250000,110,0.02547738142311573,0.0010559590300545096,0.0003073576954193413,0.6468362212181091
baseline,2,250000,111,0.019564084708690643,0.0007037018658593297,0.00026862489175982773,0.5678496956825256
baseline,2,250000,112,0.02658039517700672,0.0009499735897406936,0.00022364994219969958,0.7231384515762329
baseline,2,250000,113,0.018185434862971306,0.00046564414515160024,0.00012595325824804604,0.6781602501869202
baseline,2,250000,114,0.025696730241179466,0.0009457762353122234,0.00015384657308459282,0.8713629245758057
baseline,2,250000,115,0.022784505039453506,0.0006567280506715178,0.00017676707648206502,0.679456353187561
baseline,2,250000,116,0.02307327650487423,0.0007936569163575768,0.00025886690127663314,0.61336350440979
baseline,2,250000,117,0.019860567525029182,0.0005047951126471162,0.00019836016872432083,0.5620399713516235
baseline,2,250000,118,0.015806302428245544,0.0002809655270539224,8.480216638417915e-05,0.643038272857666
baseline,2,250000,119,0.023008979856967926,0.0006437637493945658,0.00023884988331701607,0.5773727893829346
baseline,2,250000,120,0.0158236064016819,0.0002753464214038104,7.99865010776557e-05,0.6534842252731323
baseline,2,250000,121,0.023457512259483337,0.0008610148215666413,0.0003740953980013728,0.5309146046638489
baseline,2,250000,122,0.018800092861056328,0.00036336324410513043,0.00010346360795665532,0.6619448661804199
baseline,2,250000,123,0.018416760489344597,0.000547941483091563,0.00022595335030928254,0.5488596558570862
baseline,2,250000,124,0.015839766710996628,0.00026236887788400054,6.283060065470636e-05,0.7202815413475037
baseline,2,250000,125,0.019197024405002594,0.00038883317029103637,9.748436423251405e-05,0.705399751663208
baseline,2,250000,126,0.024299049749970436,0.0007524351822212338,0.00023376045282930136,0.6318998336791992
baseline,2,250000,127,0.017339466139674187,0.0005921601550653577,0.00023310499091167003,0.5618078708648682
baseline,2,1000000,0,0.02213367447257042,0.0029112680349498987,6.041668530087918e-05,2.349318504333496
baseline,2,1000000,1,0.024544818326830864,0.0014956825179979205,0.00023033202160149813,0.8717647790908813
baseline,2,1000000,2,0.026024460792541504,0.0010341104352846742,0.00017562825814820826,0.8537566661834717
baseline,2,1000000,3,0.01696464605629444,0.0004666786699090153,0.0001146917202277109,0.7114529609680176
baseline,2,1000000,4,0.01593918539583683,0.0005331493448466063,0.00010651678894646466,0.7877179384231567
baseline,2,1000000,5,0.024358391761779785,0.001939812209457159,0.0002765752433333546,0.8752468228340149
baseline,2,1000000,6,0.017965862527489662,0.0007750045042484999,6.051877426216379e-05,1.2516131401062012
baseline,2,1000000,7,0.02549944818019867,0.0007768692448735237,0.00012396041711326689,0.8775472640991211
baseline,2,1000000,8,0.02539687231183052,0.0008966183522716165,0.0001224240259034559,0.9312052726745605
baseline,2,1000000,9,0.016292566433548927,0.0008193074609152973,0.0002935627126134932,0.5689860582351685
baseline,2,1000000,10,0.024862488731741905,0.0009765865979716182,0.000251680874498561,0.6695153713226318
baseline,2,1000000,11,0.027611518278717995,0.0014036311767995358,0.0006271351012401283,0.5035661458969116
baseline,2,1000000,12,0.024756859987974167,0.00155243172775954,0.0003076646535191685,0.7805578708648682
baseline,2,1000000,13,0.014493555761873722,0.0011461185058578849,0.00012226993567310274,1.0544261932373047
baseline,2,1000000,14,0.015025231055915356,0.0008765655220486224,0.00013163243420422077,0.9035520553588867
baseline,2,1000000,15,0.02388537861406803,0.0011906122090294957,0.00035991318873129785,0.6157610416412354
baseline,2,1000000,16,0.02442406490445137,0.000724668032489717,0.00011507123417686671,0.8774687051773071
baseline,2,1000000,17,0.025000741705298424,0.001163124805316329,0.00048494228394702077,0.5185033679008484
baseline,2,1000000,18,0.028025899082422256,0.002001699525862932,0.0003138188039883971,0.8722693920135498
baseline,2,1000000,19,0.03367975354194641,0.0019623655825853348,8.291548147099093e-05,1.651863932609558
baseline,2,1000000,20,0.025286389514803886,0.001450124429538846,0.00023752314154990017,0.8384197354316711
baseline,2,1000000,21,0.024922344833612442,0.000981975463218987,0.0001328145299339667,0.9519481658935547
baseline,2,1000000,22,0.016857780516147614,0.000512226833961904,0.00010825270146597177,0.7670355439186096
baseline,2,1000000,23,0.025670316070318222,0.0010006168158724904,0.0001495700271334499,0.9049887657165527
baseline,2,1000000,24,0.01452250499278307,0.0006900907028466463,0.00010683451546356082,0.8953806757926941
baseline,2,1000000,25,0.021912643685936928,0.0006476886919699609,0.00011487517622299492,0.8348608016967773
baseline,2,1000000,26,0.0376756452023983,0.002142878482118249,0.0001655201194807887,1.2521071434020996
baseline,2,1000000,27,0.03314673900604248,0.002083900384604931,0.00022048928076401353,1.057586908340454
baseline,2,1000000,28,0.019855322316288948,0.0009412845829501748,0.0001138231746153906,1.0129684209823608
baseline,2,1000000,29,0.02799980901181698,0.002145185833796859,0.00019588571740314364,1.1478769779205322
baseline,2,1000000,30,0.01630878821015358,0.0007435719599016011,0.00010572841711109504,0.9314478635787964
baseline,2,1000000,31,0.022275755181908607,0.0016035179141908884,0.00019737883121706545,0.9751562476158142
baseline,2,1000000,32,0.020142387598752975,0.0005569840432144701,0.00011820348299806938,0.7659504413604736
baseline,2,1000000,33,0.02133803255856037,0.0006267143180593848,0.00012243795208632946,0.7858444452285767
baseline,2,1000000,34,0.027069993317127228,0.0011321965139359236,0.00019165767298545688,0.8395204544067383
baseline,2,1000000,35,0.027644645422697067,0.0008471799083054066,0.00014635758998338133,0.8411067128181458
baseline,2,1000000,36,0.020704032853245735,0.0008764091180637479,0.00017394637688994408,0.7642315626144409
baseline,2,1000000,37,0.026552138850092888,0.0018506045453250408,0.00042856400250457227,0.7264765501022339
baseline,2,1000000,38,0.022198764607310295,0.0008751708082854748,0.00014917823136784136,0.8521676063537598
baseline,2,1000000,39,0.021388934925198555,0.000700460048392415,0.00013185988063924015,0.8101020455360413
baseline,2,1000000,40,0.04552241414785385,0.00250923540443182,0.00018956723215524107,1.2550140619277954
baseline,2,1000000,41,0.022183921188116074,0.001609301078133285,0.0002493764040991664,0.8719971776008606
baseline,2,1000000,42,0.024061258882284164,0.0011383118107914925,9.965641220333055e-05,1.177647590637207
baseline,2,1000000,43,0.026559650897979736,0.0008782939985394478,0.00014786506653763354,0.8543903827667236
baseline,2,1000000,44,0.031117014586925507,0.0019340163562446833,0.00018008745973929763,1.0934802293777466
baseline,2,1000000,45,0.025145020335912704,0.0008853120962157845,0.00013512485020328313,0.9014455080032349
baseline,2,1000000,46,0.02461470104753971,0.0009130857652053237,0.00016619566304143518,0.8222701549530029
baseline,2,1000000,47,0.023175716400146484,0.0006887739873491228,0.00010163804108742625,0.9154853820800781
baseline,2,1000000,48,0.030930234119296074,0.0026570316404104233,0.00036283768713474274,0.8868900537490845
baseline,2,1000000,49,0.03714864328503609,0.002070928458124399,0.00019247749878559262,1.1494274139404297
baseline,2,1000000,50,0.034679725766181946,0.0031472714617848396,7.950662256916985e-05,2.1450095176696777
baseline,2,1000000,51,0.025234825909137726,0.0019635409116744995,0.0006320334505289793,0.603506326675415
baseline,2,1000000,52,0.018865803256630898,0.0009917061543092132,9.056942508323118e-05,1.1102824211120605
baseline,2,1000000,53,0.026321344077587128,0.0009196294704452157,0.00015261248336173594,0.8644717931747437
baseline,2,1000000,54,0.028855115175247192,0.0010213165078312159,0.00011445191921666265,1.0449457168579102
baseline,2,1000000,55,0.027713635936379433,0.0017143120057880878,0.0003480471496004611,0.7546259164810181
baseline,2,1000000,56,0.019967656582593918,0.0007782724569551647,0.00013529103307519108,0.8396881818771362
baseline,2,1000000,57,0.022324487566947937,0.0006087861256673932,9.85337610472925e-05,0.8718240261077881
baseline,2,1000000,58,0.019806088879704475,0.000772824336308986,0.00020362829673103988,0.6716536283493042
baseline,2,1000000,59,0.021101325750350952,0.002942250110208988,0.00013236087397672236,1.5421255826950073
baseline,2,1000000,60,0.02174302376806736,0.0007514095050282776,8.302315109176561e-05,1.0513906478881836
baseline,2,1000000,61,0.01922106370329857,0.0011424482800066471,0.0003053376858588308,0.6547637581825256
baseline,2,1000000,62,0.03531644493341446,0.0028288618195801973,0.0002861144603230059,1.0404479503631592
baseline,2,1000000,63,0.02022448182106018,0.0007780510932207108,0.0001469904964324087,0.8084210753440857
baseline,2,1000000,64,0.01875327154994011,0.0005204484332352877,0.00010167366417590529,0.7932786345481873
baseline,2,1000000,65,0.03260508179664612,0.0016488020773977041,0.00015667454863432795,1.0084826946258545
baseline,2,1000000,66,0.0350019596517086,0.001658991095609963,0.0003125965886283666,0.7594881057739258
baseline,2,1000000,67,0.026172280311584473,0.0009172356221824884,0.00016670566401444376,0.8282297849655151
baseline,2,1000000,68,0.014677761122584343,0.0006084105116315186,0.00010102456144522876,0.8626614809036255
baseline,2,1000000,69,0.03905177861452103,0.0031160342041403055,0.00020907151338178664,1.2207374572753906
baseline,2,1000000,70,0.02730182185769081,0.001698692562058568,0.00047682906733825803,0.6409978866577148
baseline,2,1000000,71,0.02556719444692135,0.0015541535103693604,0.0002917576057370752,0.7901522517204285
baseline,2,1000000,72,0.027842100709676743,0.0010813468834385276,0.00014762587670702487,0.9312430620193481
baseline,2,1000000,73,0.018424009904265404,0.0008383988169953227,0.00018838206597138196,0.7127630114555359
baseline,2,1000000,74,0.023662444204092026,0.0008220018353313208,0.00011095431545982137,0.9447298645973206
baseline,2,1000000,75,0.03394808620214462,0.0023202705197036266,0.0008602348971180618,0.5658303499221802
baseline,2,1000000,76,0.014980945736169815,0.0004803371266461909,0.00010153999028261751,0.7669915556907654
baseline,2,1000000,77,0.021001026034355164,0.0009871483780443668,0.00022486447414848953,0.7287129163742065
baseline,2,1000000,78,0.015445886179804802,0.0008601267472840846,0.00013324001338332891,0.8904880285263062
baseline,2,1000000,79,0.019566861912608147,0.0005332345608621836,0.00010847522935364395,0.7748597860336304
baseline,2,1000000,80,0.032137393951416016,0.0014865505509078503,0.0003890670195687562,0.6716138124465942
baseline,2,1000000,81,0.03869204968214035,0.002525921445339918,0.00025715562514960766,1.02113938331604
baseline,2,1000000,82,0.02370026893913746,0.002077306155115366,0.00015494016406591982,1.210574746131897
baseline,2,1000000,83,0.02986285462975502,0.0012507985811680555,0.00016865912766661495,0.9557312726974487
baseline,2,1000000,84,0.021222077310085297,0.0010183178819715977,8.519228867953643e-05,1.2127389907836914
baseline,2,1000000,85,0.03157004341483116,0.0017091853078454733,0.00015628981054760516,1.1290576457977295
baseline,2,1000000,86,0.03312273696064949,0.0015331876929849386,0.00019536651961971074,0.9746646881103516
baseline,2,1000000,87,0.0213167741894722,0.0006147717940621078,9.855363896349445e-05,0.8750134110450745
baseline,2,1000000,88,0.021351100876927376,0.001263543963432312,0.00024054836831055582,0.7870268821716309
baseline,2,1000000,89,0.023216288536787033,0.0014046014985069633,0.00011912028276128694,1.1888231039047241
baseline,2,1000000,90,0.01919427141547203,0.0005379769136197865,6.368280446622521e-05,1.013785481452942
baseline,2,1000000,91,0.03464294224977493,0.002245459007099271,0.00023765927471686155,1.057559847831726
baseline,2,1000000,92,0.025170087814331055,0.001740364939905703,0.00034415576374158263,0.7495173215866089
baseline,2,1000000,93,0.027724802494049072,0.002052404684945941,0.0004410645051393658,0.7471508979797363
baseline,2,1000000,94,0.024133460596203804,0.0008080361876636744,0.00013380212476477027,0.8629171848297119
baseline,2,1000000,95,0.017405953258275986,0.001194029813632369,0.00020071199105586857,0.832634687423706
baseline,2,1000000,96,0.0267886184155941,0.001333179185166955,0.0003922688774764538,0.6185236573219299
baseline,2,1000000,97,0.02233501709997654,0.001321926829405129,0.00019823128241114318,0.9006889462471008
baseline,2,1000000,98,0.016506049782037735,0.0009908337378874421,0.00020268569642212242,0.7697511911392212
baseline,2,1000000,99,0.01743210479617119,0.0006755673093721271,7.821890176273882e-05,1.0262761116027832
baseline,2,1000000,100,0.01893439143896103,0.0013792046811431646,8.577162225265056e-05,1.3837223052978516
baseline,2,1000000,101,0.029646363109350204,0.0015547620132565498,0.00015011793584562838,1.1135741472244263
baseline,2,1000000,102,0.04334959015250206,0.003448186442255974,0.00020681534078903496,1.3913872241973877
baseline,2,1000000,103,0.043536748737096786,0.0035787054803222418,7.837901648599654e-05,2.3058838844299316
baseline,2,1000000,104,0.02826848067343235,0.002543147886171937,0.00013836791913490742,1.4019073247909546
baseline,2,1000000,105,0.03115052916109562,0.0016824848717078567,0.0005409635487012565,0.5730495452880859
baseline,2,1000000,106,0.03265530988574028,0.0029914225451648235,0.0004991422756575048,0.7960838079452515
baseline,2,1000000,107,0.025560393929481506,0.00377323804423213,0.00013112543092574924,1.7951176166534424
baseline,2,1000000,108,0.026136701926589012,0.001016078284010291,0.00018831249326467514,0.7955936193466187
baseline,2,1000000,109,0.023569373413920403,0.0008906212169677019,0.00024202241911552846,0.6521937847137451
baseline,2,1000000,110,0.033675339072942734,0.002032408956438303,0.0006917521241120994,0.5820071697235107
baseline,2,1000000,111,0.0210882555693388,0.0020605854224413633,0.00017452592146582901,0.9982424974441528
baseline,2,1000000,112,0.02188519947230816,0.003225362626835704,0.0001474817399866879,1.4957672357559204
baseline,2,1000000,113,0.02173568308353424,0.0007185072172433138,0.00013550074072554708,0.8074430823326111
baseline,2,1000000,114,0.03428363800048828,0.003100289963185787,7.832793198758736e-05,2.144949436187744
baseline,2,1000000,115,0.015150651335716248,0.0004945711116306484,6.234009197214618e-05,0.9907349348068237
baseline,2,1000000,116,0.015818752348423004,0.0013699226547032595,0.00031741478596813977,0.7170453667640686
baseline,2,1000000,117,0.025322722271084785,0.0011258660815656185,0.00025336272665299475,0.7356957197189331
baseline,2,1000000,118,0.019766569137573242,0.0007346992497332394,0.00012454777606762946,0.8538753986358643
baseline,2,1000000,119,0.0292605459690094,0.0012244756799191236,0.00031052183476276696,0.6746641397476196
baseline,2,1000000,120,0.020689954981207848,0.0008290109690278769,0.00014412419113796204,0.839642345905304
baseline,2,1000000,121,0.0378936342895031,0.002556432969868183,0.00041852923459373415,0.8589992523193359
baseline,2,1000000,122,0.02873987890779972,0.0011568834306672215,0.00023801538918633014,0.7717551589012146
baseline,2,1000000,123,0.02279670163989067,0.0011480743996798992,0.00042064301669597626,0.5769491195678711
baseline,2,1000000,124,0.02601895108819008,0.0010513076558709145,0.00011457223445177078,1.0619676113128662
baseline,2,1000000,125,0.022353438660502434,0.0007568820146843791,0.00015935560804791749,0.7688014507293701
baseline,2,1000000,126,0.031833723187446594,0.002426375634968281,0.0002456611837260425,1.039936900138855
baseline,2,1000000,127,0.021437499672174454,0.0008789303246885538,0.00011130101484013721,0.9731813669204712
baseline,3,5001,0,0.0039510480128228664,1.5613759387633763e-05,7.649255167052615e-06,0.5051232576370239
baseline,3,5001,1,0.004047541879117489,1.6384179616579786e-05,8.008912118384615e-06,0.5056833028793335
baseline,3,5001,2,0.004317921586334705,1.8647193428478204e-05,9.072313332580961e-06,0.5068746209144592
baseline,3,5001,3,0.003119007684290409,9.728486475069076e-06,4.829768840863835e-06,0.5017799139022827
baseline,3,5001,4,0.00346222217194736,1.1991147403023206e-05,5.751282060373342e-06,0.5105069875717163
baseline,3,5001,5,0.004476763308048248,2.0046707504661754e-05,9.765231880010106e-06,0.506562352180481
baseline,3,5001,6,0.004396060481667519,1.9331964722368866e-05,9.425975804333575e-06,0.506322979927063
baseline,3,5001,7,0.003647739300504327,1.3306354958331212e-05,6.591883447981672e-06,0.5023174285888672
baseline,3,5001,8,0.005030042491853237,2.531288737372961e-05,1.214428266393952e-05,0.5104311108589172
baseline,3,5001,9,0.0034563152585178614,1.1948446626774967e-05,5.849678927916102e-06,0.5052931308746338
baseline,3,5001,10,0.0037285424768924713,1.3902483260608278e-05,6.898170340718934e-06,0.501917839050293
baseline,3,5001,11,0.002597730839625001,6.748231953679351e-06,3.3676706152618863e-06,0.5004773139953613
baseline,3,5001,12,0.004144482780247927,1.7177299014292657e-05,8.472138688375708e-06,0.5034240484237671
baseline,3,5001,13,0.003356978530064225,1.126997813116759e-05,5.582632184086833e-06,0.5023376941680908
baseline,3,5001,14,0.0042553734965622425,1.811095717130229e-05,8.816209629003424e-06,0.506737232208252
baseline,3,5001,15,0.0038907392881810665,1.5139677088882308e-05,7.430794994434109e-06,0.5046541690826416
baseline,3,5001,16,0.003416802268475294,1.1675843779812567e-05,5.756120117439423e-06,0.5035387277603149
baseline,3,5001,17,0.0024308846332132816,5.909213086852105e-06,2.949680492747575e-06,0.5004165172576904
baseline,3,5001,18,0.004136987496167421,1.7116230083047412e-05,8.443319529760629e-06,0.5033851265907288
baseline,3,5001,19,0.003189392387866974,1.0172600923397113e-05,5.031881300965324e-06,0.5026950836181641
baseline,3,5001,20,0.004366748966276646,1.9071441784035414e-05,9.344711543235462e-06,0.5050817728042603
baseline,3,5001,21,0.004702809266746044,2.212263825640548e-05,1.06629104266176e-05,0.5092522501945496
baseline,3,5001,22,0.0035851665306836367,1.285371217818465e-05,6.350945568556199e-06,0.5029774904251099
baseline,3,5001,23,0.003769294358789921,1.4210317203833256e-05,6.973113613639725e-06,0.5047098994255066
baseline,3,5001,24,0.004344018641859293,1.8872315195039846e-05,9.26732627704041e-06,0.5045314431190491
baseline,3,5001,25,0.0030412357300519943,9.249575668945909e-06,4.578031166602159e-06,0.5025455951690674
baseline,3,5001,26,0.004398373421281576,1.9350272850715555e-05,9.409473022969905e-06,0.5070067048072815
baseline,3,5001,27,0.0041924999095499516,1.7578990082256496e-05,8.56994120113086e-06,0.506361722946167
baseline,3,5001,28,0.004888468887656927,2.390843837929424e-05,1.1428310244809836e-05,0.5113720893859863
baseline,3,5001,29,0.0041768611408770084,1.7447473510401323e-05,8.552799044991843e-06,0.5049695372581482
baseline,3,5001,30,0.003941671457141638,1.55403176904656e-05,7.58863734517945e-06,0.5059424638748169
baseline,3,5001,31,0.004664974752813578,2.176623820560053e-05,1.0609136552375276e-05,0.5064122676849365
baseline,3,5001,32,0.003683761926367879,1.3572045645560138e-05,6.688879238936352e-06,0.5036157965660095
baseline,3,5001,33,0.0031277991365641356,9.783303539734334e-06,4.849326160183409e-06,0.5021759271621704
baseline,3,5001,34,0.003821968100965023,1.4608376659452915e-05,7.194914815045195e-06,0.503780722618103
baseline,3,5001,35,0.004363333806395531,1.9040329789277166e-05,9.338408744952176e-06,0.5048398375511169
baseline,3,5001,36,0.004902713932096958,2.4040900825639255e-05,1.1768400327127893e-05,0.5053228139877319
baseline,3,5001,37,0.004027890507131815,1.6224807040998712e-05,7.990945960045792e-06,0.5037832856178284
baseline,3,5001,38,0.003639186266809702,1.3244925867184065e-05,6.51744721835712e-06,0.5040103197097778
baseline,3,5001,39,0.00428779749199748,1.838692514866125e-05,9.062461685971357e-06,0.5035983324050903
baseline,3,5001,40,0.005321929231286049,2.833483085851185e-05,1.3656957889907062e-05,0.5092545747756958
baseline,3,5001,41,0.004813875071704388,2.3177975890575908e-05,1.1327542779326905e-05,0.5057342052459717
baseline,3,5001,42,0.0033570127561688423,1.1272473784629256e-05,5.419923581939656e-06,0.5098785758018494
baseline,3,5001,43,0.005122076254338026,2.623927684908267e-05,1.275124668609351e-05,0.5071675777435303
baseline,3,5001,44,0.004027307964861393,1.622239506104961e-05,7.945464858494233e-06,0.5051855444908142
baseline,3,5001,45,0.0029048374854028225,8.439085831923876e-06,4.1502648855384905e-06,0.5041545629501343
baseline,3,5001,46,0.003457870800048113,1.1957550668739714e-05,5.926545327383792e-06,0.5021967887878418
baseline,3,5001,47,0.0037612193264067173,1.414956113876542e-05,6.874690825497964e-06,0.5072222948074341
baseline,3,5001,48,0.004331622272729874,1.8769564121612348e-05,9.079700248548761e-06,0.5083281993865967
baseline,3,5001,49,0.003642647061496973,1.3272115211293567e-05,6.504505108750891e-06,0.5050292015075684
baseline,3,5001,50,0.004576240200549364,2.0944316929671913e-05,1.0180823664995842e-05,0.5071007609367371
baseline,3,5001,51,0.0038332310505211353,1.4694662240799516e-05,7.2510420068283565e-06,0.5033068656921387
baseline,3,5001,52,0.003728568321093917,1.3904218576499261e-05,6.774518169549992e-06,0.5065094232559204
baseline,3,5001,53,0.003118062624707818,9.722622053232044e-06,4.813274699699832e-06,0.5024874806404114
baseline,3,5001,54,0.005287575535476208,2.7963751563220285e-05,1.346940280200215e-05,0.5094192028045654
baseline,3,5001,55,0.003867116756737232,1.4957437088014558e-05,7.261032351379981e-06,0.5074377059936523
baseline,3,5001,56,0.0034388485364615917,1.1828502465505153e-05,5.777192654932151e-06,0.505894660949707
baseline,3,5001,57,0.003050474217161536,9.305996172770392e-06,4.584166617860319e-06,0.5037385821342468
baseline,3,5001,58,0.0033656221348792315,1.132794568547979e-05,5.6118374232028145e-06,0.5023156404495239
baseline,3,5001,59,0.00600349111482501,3.605458186939359e-05,1.7265563656110317e-05,0.5109056234359741
baseline,3,5001,60,0.002883115317672491,8.31271790957544e-06,4.1246430555474944e-06,0.5019175410270691
baseline,3,5001,61,0.003900122595950961,1.5212677681120113e-05,7.488637038477464e-06,0.5039119720458984
baseline,3,5001,62,0.00513132568448782,2.6348416213295422e-05,1.2644834896491375e-05,0.5103552341461182
baseline,3,5001,63,0.00382860261015594,1.465952936996473e-05,7.1839012889540754e-06,0.5050485730171204
baseline,3,5001,64,0.0038200044073164463,1.4594857930205762e-05,7.122398528736085e-06,0.5061043500900269
baseline,3,5001,65,0.004498349968343973,2.024644345510751e-05,9.494143341726158e-06,0.5162966251373291
baseline,3,5001,66,0.004333337768912315,1.8779046513373032e-05,9.242626219929662e-06,0.5039551258087158
baseline,3,5001,67,0.004265467636287212,1.8196409655502066e-05,8.959609658631962e-06,0.503849983215332
baseline,3,5001,68,0.005518598016351461,3.0476076062768698e-05,1.469355083827395e-05,0.5091756582260132
baseline,3,5001,69,0.005380016285926104,2.8977439797017723e-05,1.3627088264911436e-05,0.5155608654022217
baseline,3,5001,70,0.00382766081020236,1.4651626770501025e-05,7.238019406941021e-06,0.5030213594436646
baseline,3,5001,71,0.004215773195028305,1.7773552826838568e-05,8.757437171880156e-06,0.5036762952804565
baseline,3,5001,72,0.005475175566971302,2.999089701916091e-05,1.4387719602382276e-05,0.5104466676712036
baseline,3,5001,73,0.00417018448933959,1.739162689773366e-05,8.560659807699267e-06,0.5039292573928833
baseline,3,5001,74,0.004114423878490925,1.693374360911548e-05,8.206324309867341e-06,0.5078731775283813
baseline,3,5001,75,0.005436683539301157,2.9562332201749086e-05,1.4439217920880765e-05,0.5058819055557251
baseline,3,5001,76,0.00473857531324029,2.246218718937598e-05,1.0906805073318537e-05,0.5073755979537964
baseline,3,5001,77,0.004329157527536154,1.875001544249244e-05,9.097419024328701e-06,0.5075684785842896
baseline,3,5001,78,0.004159799311310053,1.7306492736679502e-05,8.434154551650863e-06,0.506450355052948
baseline,3,5001,79,0.0035413207951933146,1.2541253454401158e-05,6.220765499165282e-06,0.5019980669021606
baseline,3,5001,80,0.004231042228639126,1.790314490790479e-05,8.805112884147093e-06,0.5041388273239136
baseline,3,5001,81,0.0052400738932192326,2.7480031349114142e-05,1.305212572333403e-05,0.513002872467041
baseline,3,5001,82,0.0038140371907502413,1.4549517800332978e-05,7.148650638555409e-06,0.5043889880180359
baseline,3,5001,83,0.0034217697102576494,1.1709524187608622e-05,5.7791517065197695e-06,0.5032585859298706
baseline,3,5001,84,0.0050269728526473045,2.5283054128522053e-05,1.2252064152562525e-05,0.5078814029693604
baseline,3,5001,85,0.005170456599444151,2.6741439796751365e-05,1.2893538041680586e-05,0.5091644525527954
baseline,3,5001,86,0.0032909559085965157,1.0830583050847054e-05,5.367059202399105e-06,0.5022401809692383
baseline,3,5001,87,0.0042093126103281975,1.771999268385116e-05,8.637752216600347e-06,0.5063890218734741
baseline,3,5001,88,0.005243632011115551,2.7505755497259088e-05,1.335865272267256e-05,0.5073205232620239
baseline,3,5001,89,0.005277982912957668,2.7865866286447272e-05,1.3382842553255614e-05,0.5101687908172607
baseline,3,5001,90,0.004171780310571194,1.7405891412636265e-05,8.50969081511721e-06,0.5056431889533997
baseline,3,5001,91,0.0044254036620259285,1.9586257621995173e-05,9.547513400320895e-06,0.5063878297805786
baseline,3,5001,92,0.0037763735745102167,1.4263288903748617e-05,6.982808372413274e-06,0.5052986145019531
baseline,3,5001,93,0.004029861185699701,1.62427550094435e-05,7.921729775262065e-06,0.5062593221664429
baseline,3,5001,94,0.004243793897330761,1.8012147847912274e-05,8.834655091050081e-06,0.5048249959945679
baseline,3,5001,95,0.0035766982473433018,1.2793694622814655e-05,6.318748546618735e-06,0.5030786991119385
baseline,3,5001,96,0.004033681005239487,1.627196434128564e-05,8.015585990506224e-06,0.5037388801574707
baseline,3,5001,97,0.003953492268919945,1.563171281304676e-05,7.67048004490789e-06,0.5047138333320618
baseline,3,5001,98,0.005166031885892153,2.67207833530847e-05,1.270251323148841e-05,0.5127806663513184
baseline,3,5001,99,0.0039972783997654915,1.5982564946170896e-05,7.72643215896096e-06,0.5084949731826782
baseline,3,5001,100,0.004009873140603304,1.6085839888546616e-05,7.787743015796877e-06,0.5081234574317932
baseline,3,5001,101,0.004123318940401077,1.700434586382471e-05,8.279550456791185e-06,0.506675124168396
baseline,3,5001,102,0.003519556252285838,1.2387935385049786e-05,6.11419591223239e-06,0.5032495260238647
baseline,3,5001,103,0.005357089918106794,2.870906791940797e-05,1.3607301298179664e-05,0.5135409832000732
baseline,3,5001,104,0.005200288724154234,2.7054862584918737e-05,1.2962421351403464e-05,0.5107772946357727
baseline,3,5001,105,0.005226315930485725,2.7340774977346882e-05,1.3141330782673322e-05,0.5099617838859558
baseline,3,5001,106,0.004334540106356144,1.8796483345795423e-05,9.028633940033615e-06,0.5101292133331299
baseline,3,5001,107,0.004190491978079081,1.7570509953657165e-05,8.264011739811394e-06,0.5155246257781982
baseline,3,5001,108,0.003239478450268507,1.0494391972315498e-05,5.218561909714481e-06,0.5013684034347534
baseline,3,5001,109,0.003637800458818674,1.3235895494290162e-05,6.495458364952356e-06,0.5046906471252441
baseline,3,5001,110,0.004835247527807951,2.3395239622914232e-05,1.1265155080764089e-05,0.5095039010047913
baseline,3,5001,111,0.005490272305905819,3.014784488186706e-05,1.4672078577859793e-05,0.5067968368530273
baseline,3,5001,112,0.00467629125341773,2.187943027820438e-05,1.045645240083104e-05,0.5114205479621887
baseline,3,5001,113,0.004072928801178932,1.6597838111920282e-05,7.986073796928395e-06,0.5096971392631531
baseline,3,5001,114,0.004590950906276703,2.1079076759633608e-05,1.0245647899864707e-05,0.5071176290512085
baseline,3,5001,115,0.0036502869334071875,1.3326325642992742e-05,6.541290531458799e-06,0.5046344995498657
baseline,3,5001,116,0.003639794187620282,1.3249353287392296e-05,6.515414497698657e-06,0.5041732788085938
baseline,3,5001,117,0.003777528880164027,1.4271608961280435e-05,6.965301508898847e-06,0.506080687046051
baseline,3,5001,118,0.004067145753651857,1.6542755474802107e-05,8.109851478366181e-06,0.5049524307250977
baseline,3,5001,119,0.004273170605301857,1.8262599041918293e-05,8.913886631489731e-06,0.5060583353042603
baseline,3,5001,120,0.0033072649966925383,1.094035633286694e-05,5.34387481820886e-06,0.5058727264404297
baseline,3,5001,121,0.003209581831470132,1.0301928341505118e-05,5.0558073780848645e-06,0.5046819448471069
baseline,3,5001,122,0.0030819892417639494,9.499277439317666e-06,4.692275524575962e-06,0.5030456185340881
baseline,3,5001,123,0.004055771045386791,1.6450430848635733e-05,8.125843123707455e-06,0.5030457973480225
baseline,3,5001,124,0.004083745647221804,1.6678568499628454e-05,8.190013431885745e-06,0.5045336484909058
baseline,3,5001,125,0.004051264841109514,1.6414713172707707e-05,8.075917321548332e-06,0.5040502548217773
baseline,3,5001,126,0.005077701061964035,2.5799974537221715e-05,1.2382650311337784e-05,0.5103344917297363
baseline,3,5001,127,0.003374236635863781,1.138701099989703e-05,5.557375061471248e-06,0.5060853362083435
baseline,3,50000,0,0.019245436415076256,0.000519363209605217,0.00013001036131754518,0.704778790473938
baseline,3,50000,1,0.01970425248146057,0.00044992699986323714,0.00012430257629603148,0.6692453026771545
baseline,3,50000,2,0.014154389500617981,0.00029951828764751554,8.464317215839401e-05,0.6623018980026245
baseline,3,50000,3,0.018650274723768234,0.0003599227056838572,0.000150499923620373,0.545383870601654
baseline,3,50000,4,0.017037203535437584,0.00045639602467417717,0.00010191030742134899,0.7465590834617615
baseline,3,50000,5,0.016327904537320137,0.00038207395118661225,0.00010147419379791245,0.6848387122154236
baseline,3,50000,6,0.01690090261399746,0.00040005671326071024,9.009444329421967e-05,0.7434719204902649
baseline,3,50000,7,0.0169809702783823,0.00039494698285125196,0.00011811459989985451,0.645018994808197
baseline,3,50000,8,0.01432967372238636,0.00023526560107711703,5.7090783229796216e-05,0.7165629863739014
baseline,3,50000,9,0.016132228076457977,0.00048444222193211317,0.0001422192872269079,0.6515227556228638
baseline,3,50000,10,0.019287697970867157,0.0005092507926747203,0.00017062618280760944,0.610133945941925
baseline,3,50000,11,0.0246872715651989,0.0009457251289859414,0.0004571405879687518,0.5067467093467712
baseline,3,50000,12,0.02201252616941929,0.0006877694977447391,0.00023555468942504376,0.6035878658294678
baseline,3,50000,13,0.018042629584670067,0.0003736569778993726,0.00014079699758440256,0.5747238993644714
baseline,3,50000,14,0.01925976760685444,0.00047995467321015894,0.00011615478433668613,0.7161134481430054
baseline,3,50000,15,0.01901259459555149,0.0005513187497854233,0.00017923748237080872,0.6193623542785645
baseline,3,50000,16,0.022649791091680527,0.0005798438796773553,0.00014759079203940928,0.6984145641326904
baseline,3,50000,17,0.023579873144626617,0.0008070814656093717,0.00039437797386199236,0.5035183429718018
baseline,3,50000,18,0.017982041463255882,0.0004308279894758016,0.00011672260734485462,0.6776449680328369
baseline,3,50000,19,0.017700625583529472,0.0004875603481195867,0.00014129822375252843,0.6557185649871826
baseline,3,50000,20,0.022029245272278786,0.0005737964529544115,0.0001544683618703857,0.6806498765945435
baseline,3,50000,21,0.0139014208689332,0.0002830715093296021,5.264152787276544e-05,0.8190639019012451
baseline,3,50000,22,0.01593049056828022,0.00032419234048575163,0.00011066444858442992,0.6046772599220276
baseline,3,50000,23,0.021192867308855057,0.0005847142310813069,0.00012819711992051452,0.7494908571243286
baseline,3,50000,24,0.019288860261440277,0.0004339513252489269,0.0001346543722320348,0.6339690685272217
baseline,3,50000,25,0.020707760006189346,0.0004613604978658259,0.0001741555897751823,0.5729626417160034
baseline,3,50000,26,0.017459271475672722,0.00047793553676456213,0.00011415806511649862,0.7204937934875488
baseline,3,50000,27,0.018045656383037567,0.0004433885042089969,0.00010304615716449916,0.7328609824180603
baseline,3,50000,28,0.010792091488838196,0.00022829131921753287,4.499952410697006e-05,0.7930362820625305
baseline,3,50000,29,0.013786058872938156,0.00032802665373310447,9.126379154622555e-05,0.6699824929237366
baseline,3,50000,30,0.01770409382879734,0.0003610924177337438,7.909139822004363e-05,0.7542582750320435
baseline,3,50000,31,0.016815703362226486,0.0005137096741236746,0.00013009627582505345,0.7007371187210083
baseline,3,50000,32,0.02018570713698864,0.0004959447542205453,0.0001901790383271873,0.5693894624710083
baseline,3,50000,33,0.01787891611456871,0.0003894962719641626,0.0001343521144008264,0.6001173853874207
baseline,3,50000,34,0.019805828109383583,0.00041661696741357446,0.0001186616500490345,0.6615607738494873
baseline,3,50000,35,0.018718045204877853,0.000449544022558257,0.00010471097630215809,0.7311173677444458
baseline,3,50000,36,0.024354582652449608,0.0007520340150222182,0.0001937988999998197,0.6954309344291687
baseline,3,50000,37,0.02396596036851406,0.0006659128703176975,0.00019518467888701707,0.6517265439033508
baseline,3,50000,38,0.02198534645140171,0.000567752227652818,0.00016213148774113506,0.6606483459472656
baseline,3,50000,39,0.01789802871644497,0.00035076492349617183,9.889835200738162e-05,0.6645959615707397
baseline,3,50000,40,0.016299337148666382,0.00038008083356544375,8.26623072498478e-05,0.7555615305900574
baseline,3,50000,41,0.018154378980398178,0.00038739643059670925,0.00011077017552452162,0.6600686311721802
baseline,3,50000,42,0.01615874096751213,0.0003328209277242422,6.335062062134966e-05,0.8079632520675659
baseline,3,50000,43,0.014531901106238365,0.000335215765517205,8.21751236799173e-05,0.7109328508377075
baseline,3,50000,44,0.010819914750754833,0.00026458300999365747,6.822443538112566e-05,0.6929461359977722
baseline,3,50000,45,0.019136017188429832,0.0006012347294017673,0.00014686258509755135,0.7132961750030518
baseline,3,50000,46,0.01959172822535038,0.0004813234554603696,0.0001476723700761795,0.6347065567970276
baseline,3,50000,47,0.014980102889239788,0.00031347188632935286,7.282241131179035e-05,0.7315948605537415
baseline,3,50000,48,0.020659830421209335,0.0006385893211700022,0.00013840457540936768,0.7582241296768188
baseline,3,50000,49,0.01980120874941349,0.0004725002800114453,0.00013256420788820833,0.6662119626998901
baseline,3,50000,50,0.013450955040752888,0.0004911486175842583,0.00012989676906727254,0.6839256882667542
baseline,3,50000,51,0.020263761281967163,0.0005369860446080565,0.00018933038518298417,0.5944697856903076
baseline,3,50000,52,0.01845136284828186,0.0004915839526802301,0.00011149790952913463,0.740725040435791
baseline,3,50000,53,0.020099617540836334,0.0004808792727999389,0.00015625117521267384,0.6191936731338501
baseline,3,50000,54,0.017263852059841156,0.0005614938563667238,0.00013158016372472048,0.7281064391136169
baseline,3,50000,55,0.01640118472278118,0.0004051024734508246,9.87921011983417e-05,0.7144488096237183
baseline,3,50000,56,0.019241541624069214,0.00039862722042016685,0.00011516905215103179,0.6549572944641113
baseline,3,50000,57,0.019844142720103264,0.0005468367598950863,0.00015251856530085206,0.6669881343841553
baseline,3,50000,58,0.02205054648220539,0.0005079512484371662,0.00016810745000839233,0.6136906743049622
baseline,3,50000,59,0.016629958525300026,0.0006109082023613155,0.00012773794878739864,0.770302414894104
baseline,3,50000,60,0.01854260079562664,0.0004104850231669843,0.00012028369383187965,0.6518809795379639
baseline,3,50000,61,0.025391973555088043,0.0007640461553819478,0.00022312527289614081,0.6522948145866394
baseline,3,50000,62,0.02028573490679264,0.0006558284512721002,0.00014359233318828046,0.7477272748947144
baseline,3,50000,63,0.02400471642613411,0.0006777736125513911,0.00017144119192380458,0.7021813988685608
baseline,3,50000,64,0.022974980995059013,0.0005624736659228802,0.00012387985771056265,0.7528849840164185
baseline,3,50000,65,0.016579357907176018,0.00038914999458938837,7.435680890921503e-05,0.8061078190803528
baseline,3,50000,66,0.018676217645406723,0.0005116116371937096,0.00016393901023548096,0.623467206954956
baseline,3,50000,67,0.02011082135140896,0.00045613612746819854,0.00014080529217608273,0.6348391771316528
baseline,3,50000,68,0.019611626863479614,0.0004577637882903218,0.00010484559606993571,0.7361881732940674
baseline,3,50000,69,0.018931308761239052,0.0005131646175868809,9.666291589383036e-05,0.8137864470481873
baseline,3,50000,70,0.02283848077058792,0.0006108023226261139,0.0002467195154167712,0.5558905005455017
baseline,3,50000,71,0.020507512614130974,0.0006704680854454637,0.0002370499278185889,0.5941760540008545
baseline,3,50000,72,0.015945471823215485,0.0002933263313025236,7.117412314983085e-05,0.7165888547897339
baseline,3,50000,73,0.022235427051782608,0.0006339728715829551,0.0002037847734754905,0.6231503486633301
baseline,3,50000,74,0.0201409924775362,0.0005385393742471933,0.00012609854456968606,0.7300359010696411
baseline,3,50000,75,0.019488781690597534,0.000612508796621114,0.00016382579633500427,0.6819047927856445
baseline,3,50000,76,0.02054484374821186,0.0005127963377162814,0.00013518545893020928,0.6875237822532654
baseline,3,50000,77,0.01708034612238407,0.0004219614784233272,0.00010973912867484614,0.6928622722625732
baseline,3,50000,78,0.018921323120594025,0.000464023498352617,0.00011284934589639306,0.7144998908042908
baseline,3,50000,79,0.021037593483924866,0.0005152056692168117,0.0001606596924830228,0.6325337290763855
baseline,3,50000,80,0.014549534767866135,0.0005110325291752815,0.0001455078599974513,0.661385178565979
baseline,3,50000,81,0.019671397283673286,0.0005429320735856891,8.940401312429458e-05,0.8706004619598389
baseline,3,50000,82,0.01642579585313797,0.0004578467342071235,0.00011438221554271877,0.7055045366287231
baseline,3,50000,83,0.022173382341861725,0.0006189863779582083,0.00015046255430206656,0.7162970900535583
baseline,3,50000,84,0.018672944977879524,0.0006379339029081166,0.00012074978440068662,0.8088343143463135
baseline,3,50000,85,0.020436402410268784,0.000546602881513536,0.00012118787708459422,0.7500424385070801
baseline,3,50000,86,0.017640210688114166,0.00036065230960957706,9.130210673902184e-05,0.6993424296379089
baseline,3,50000,87,0.018929611891508102,0.0005091565544717014,0.0001167059235740453,0.7376677393913269
baseline,3,50000,88,0.018470942974090576,0.0006911781383678317,0.00017723001656122506,0.6967160701751709
baseline,3,50000,89,0.015298208221793175,0.0003642088267952204,6.598228355869651e-05,0.82891845703125
baseline,3,50000,90,0.01703265868127346,0.0003414746606722474,8.810827421257272e-05,0.6946071982383728
baseline,3,50000,91,0.019560711458325386,0.0005358935450203717,0.00012454653915483505,0.7328479290008545
baseline,3,50000,92,0.02052365615963936,0.000547572155483067,0.00015255606558639556,0.6680501699447632
baseline,3,50000,93,0.018158620223402977,0.0004194335488136858,9.380169649375603e-05,0.7469742894172668
baseline,3,50000,94,0.017575165256857872,0.00040614535100758076,0.00011477852240204811,0.66318678855896
baseline,3,50000,95,0.01794762909412384,0.0005676004802808166,0.00017834044410847127,0.6293205618858337
baseline,3,50000,96,0.017354704439640045,0.0005482053384184837,0.0001996917271753773,0.5827052593231201
baseline,3,50000,97,0.016008445993065834,0.00034171377774327993,9.871330257738009e-05,0.6568198204040527
baseline,3,50000,98,0.01670321263372898,0.00045972486259415746,0.00011129156337119639,0.71549391746521
baseline,3,50000,99,0.014477530494332314,0.00036909329355694354,6.611581920878962e-05,0.8333575129508972
baseline,3,50000,100,0.019096678122878075,0.0004375691351015121,9.815642988542095e-05,0.7448433041572571
baseline,3,50000,101,0.015378822572529316,0.00026940161478705704,6.140418554423377e-05,0.737625002861023
baseline,3,50000,102,0.018038978800177574,0.0005528382607735693,0.00015586188237648457,0.6637016534805298
baseline,3,50000,103,0.014487961307168007,0.000451728847110644,7.815060234861448e-05,0.8437374830245972
baseline,3,50000,104,0.016641873866319656,0.00041086808778345585,9.618461626814678e-05,0.7285698652267456
baseline,3,50000,105,0.014042524620890617,0.00034303765278309584,9.534913260722533e-05,0.6674041748046875
baseline,3,50000,106,0.019978156313300133,0.0004879532498307526,0.00012164265353931114,0.7069931030273438
baseline,3,50000,107,0.013928554020822048,0.0003461813903413713,6.235715409275144e-05,0.8296401500701904
baseline,3,50000,108,0.018328426405787468,0.00039353506872430444,0.00014150695642456412,0.5889922380447388
baseline,3,50000,109,0.020686903968453407,0.0006247174460440874,0.00017382402438670397,0.6687526106834412
baseline,3,50000,110,0.01812739484012127,0.0004797026049345732,0.00011974474909948185,0.7053561210632324
baseline,3,50000,111,0.019103175029158592,0.0005889663007110357,0.00015984354831743985,0.6781530380249023
baseline,3,50000,112,0.01474730297923088,0.00047303095925599337,8.495015208609402e-05,0.830241322517395
baseline,3,50000,113,0.01877671293914318,0.0004346238274592906,0.0001006448655971326,0.7334184050559998
baseline,3,50000,114,0.01336633414030075,0.00048186039202846587,0.00012745370622724295,0.683892548084259
baseline,3,50000,115,0.019924579188227654,0.0006705134292133152,0.00016822043107822537,0.7042295932769775
baseline,3,50000,116,0.021234838292002678,0.0006117988377809525,0.00019866213551722467,0.6196087598800659
baseline,3,50000,117,0.018909918144345284,0.0005249601672403514,0.00018622189236339182,0.5924041867256165
baseline,3,50000,118,0.01662716083228588,0.0003373749786987901,0.00010565263801254332,0.6307227611541748
baseline,3,50000,119,0.023890677839517593,0.0006312404293566942,0.0002427699218969792,0.5684924125671387
baseline,3,50000,120,0.018484557047486305,0.0003727054572664201,0.00010767581989057362,0.6549687385559082
baseline,3,50000,121,0.023169538006186485,0.0006674248725175858,0.00017352864961139858,0.691344678401947
baseline,3,50000,122,0.015543442219495773,0.00029579090187326074,9.554468852002174e-05,0.6209927797317505
baseline,3,50000,123,0.02438519150018692,0.000690298737026751,0.0002205324562964961,0.6240237951278687
baseline,3,50000,124,0.023926928639411926,0.0006934500997886062,0.00017459128866903484,0.7034509778022766
baseline,3,50000,125,0.017973722890019417,0.0004249288758728653,0.00010343262692913413,0.7163412570953369
baseline,3,50000,126,0.02084091119468212,0.0007055948954075575,0.00015450594946742058,0.7476824522018433
baseline,3,50000,127,0.017300546169281006,0.0004370800161268562,0.00010437115997774526,0.7224407196044922
baseline,3,100000,0,0.01894305646419525,0.000641390448436141,0.00018457173428032547,0.657934844493866
baseline,3,100000,1,0.01973859965801239,0.0004790223320014775,0.00013004934589844197,0.6769996881484985
baseline,3,100000,2,0.022854691371321678,0.000628148321993649,0.00018502296006772667,0.6493833065032959
baseline,3,100000,3,0.020946180447936058,0.0005152597441338003,0.00016593442705925554,0.6214204430580139
baseline,3,100000,4,0.01925218291580677,0.0005124698509462178,0.00012031242658849806,0.7281796932220459
baseline,3,100000,5,0.024378985166549683,0.0008520298870280385,0.0002315817546332255,0.6764445304870605
baseline,3,100000,6,0.02185819484293461,0.0006738888914696872,0.0001588726881891489,0.7266424894332886
baseline,3,100000,7,0.02576703578233719,0.0007295612012967467,0.00019220881222281605,0.6879780292510986
baseline,3,100000,8,0.018618188798427582,0.0005687710363417864,0.00011482639092719182,0.7847432494163513
baseline,3,100000,9,0.016555313020944595,0.0003924923948943615,0.00010480324272066355,0.6820124983787537
baseline,3,100000,10,0.022073164582252502,0.0007051660213619471,0.0002460074028931558,0.5956621170043945
baseline,3,100000,11,0.02466764859855175,0.000891397416125983,0.0004606428847182542,0.48751434683799744
baseline,3,100000,12,0.029589705169200897,0.001398832886479795,0.0004101496597286314,0.6514670848846436
baseline,3,100000,13,0.018780063837766647,0.0004232338978908956,0.00014399975771084428,0.6043296456336975
baseline,3,100000,14,0.01880573108792305,0.0004280809371266514,9.040776785695925e-05,0.768027126789093
baseline,3,100000,15,0.020090574398636818,0.0007293280214071274,0.0002921588602475822,0.5552015900611877
baseline,3,100000,16,0.027118535712361336,0.0007751959492452443,0.00018628127872943878,0.7197345495223999
baseline,3,100000,17,0.021976420655846596,0.0007252387003973126,0.00038617663085460663,0.47954806685447693
baseline,3,100000,18,0.01913602091372013,0.0005176294362172484,0.00018382456619292498,0.5918407440185547
baseline,3,100000,19,0.023479031398892403,0.0006949631497263908,0.00020358806068543345,0.6519454121589661
baseline,3,100000,20,0.021594179794192314,0.0006419909186661243,0.00015337017248384655,0.7202683687210083
baseline,3,100000,21,0.01914428174495697,0.0005814384203404188,0.00010670474875951186,0.8228274583816528
baseline,3,100000,22,0.014918936416506767,0.00026150455232709646,7.768787327222526e-05,0.6478599309921265
baseline,3,100000,23,0.027686400339007378,0.000907433161046356,0.0001826418738346547,0.781585693359375
baseline,3,100000,24,0.023531954735517502,0.0006334398058243096,0.00017471062892582268,0.6715964078903198
baseline,3,100000,25,0.02304885722696781,0.0005758213810622692,0.0001836674491642043,0.6254724264144897
baseline,3,100000,26,0.023931682109832764,0.0007578925578854978,0.0001739102299325168,0.7345918416976929
baseline,3,100000,27,0.02518867515027523,0.0007612989284098148,0.00018328314763493836,0.7185271978378296
baseline,3,100000,28,0.02238543890416622,0.0006690538139082491,0.00012170469562988728,0.8278660178184509
baseline,3,100000,29,0.01928616315126419,0.00048603431787341833,0.00013682917051482946,0.6656574010848999
baseline,3,100000,30,0.01992025598883629,0.0005103830480948091,0.00011091157648479566,0.7567517757415771
baseline,3,100000,31,0.017177961766719818,0.000579159939661622,0.00013589912850875407,0.7273870706558228
baseline,3,100000,32,0.02437945082783699,0.0006195512833073735,0.00019999321375507861,0.6211246848106384
baseline,3,100000,33,0.0181355569511652,0.0003687907010316849,0.00011377775808796287,0.6355316638946533
baseline,3,100000,34,0.016948500648140907,0.00036422302946448326,0.00010924337402684614,0.6441311836242676
baseline,3,100000,35,0.024147219955921173,0.0007427313248626888,0.00018179604376200587,0.7128787636756897
baseline,3,100000,36,0.022653967142105103,0.00079315499169752,0.00025252936757169664,0.625473141670227
baseline,3,100000,37,0.02206365019083023,0.0007594010094180703,0.00025818965514190495,0.6047798991203308
baseline,3,100000,38,0.01888769492506981,0.0004475963651202619,0.00010171654867008328,0.7407349348068237
baseline,3,100000,39,0.02368745021522045,0.0005849243607372046,0.00015742771211080253,0.6808744072914124
baseline,3,100000,40,0.0239887572824955,0.0007825173670426011,0.00018156389705836773,0.7328891158103943
baseline,3,100000,41,0.02247173711657524,0.0007698383997194469,0.00022521264327224344,0.6507788896560669
baseline,3,100000,42,0.02207891270518303,0.0006329577881842852,0.00012195028102723882,0.802793025970459
baseline,3,100000,43,0.0219598226249218,0.0005363494856283069,0.00012276099005248398,0.7385491728782654
baseline,3,100000,44,0.022286556661128998,0.000660524470731616,0.00021090294467285275,0.6208553314208984
baseline,3,100000,45,0.020837735384702682,0.0004982814425602555,0.00010623173147905618,0.7627590894699097
baseline,3,100000,46,0.0239701010286808,0.0006767869344912469,0.0001822687772801146,0.6785121560096741
baseline,3,100000,47,0.021640701219439507,0.0005467539886012673,0.00011227341019548476,0.7783031463623047
baseline,3,100000,48,0.026659533381462097,0.0010170890018343925,0.00022826432541478425,0.7427074909210205
baseline,3,100000,49,0.02372031845152378,0.0007631079060956836,0.00018083582108374685,0.7202301025390625
baseline,3,100000,50,0.019284768030047417,0.0006194660090841353,0.00018992292461916804,0.6373717188835144
baseline,3,100000,51,0.024243727326393127,0.0006572476122528315,0.0002021678810706362,0.636019229888916
baseline,3,100000,52,0.0176770631223917,0.00042736847535707057,9.752238111104816e-05,0.7388666868209839
baseline,3,100000,53,0.02045058272778988,0.0004938510246574879,0.00014140263374429196,0.6592679619789124
baseline,3,100000,54,0.023316139355301857,0.0007129114237613976,0.00012959851301275194,0.8251417875289917
baseline,3,100000,55,0.02854069136083126,0.000977490795776248,0.0002835162740666419,0.6506614685058594
baseline,3,100000,56,0.02313948981463909,0.0006076190620660782,0.00014148230548016727,0.7310670018196106
baseline,3,100000,57,0.018356237560510635,0.0003917108697351068,0.00010703552106861025,0.6751779317855835
baseline,3,100000,58,0.02409268729388714,0.0006978471064940095,0.0002500671544112265,0.5889446139335632
baseline,3,100000,59,0.01693941093981266,0.00042907707393169403,0.0001005603262456134,0.7283205986022949
baseline,3,100000,60,0.022192811593413353,0.0005808176356367767,0.00016438710736110806,0.6609520316123962
baseline,3,100000,61,0.025199325755238533,0.0008527567842975259,0.0003016822738572955,0.5923401117324829
baseline,3,100000,62,0.023341786116361618,0.0007516582845710218,0.00017184644821099937,0.7377978563308716
baseline,3,100000,63,0.02075023204088211,0.0005316180759109557,0.0001283952296944335,0.7190632820129395
baseline,3,100000,64,0.016487739980220795,0.0003692690224852413,7.565011037513614e-05,0.7784512639045715
baseline,3,100000,65,0.01617419347167015,0.0006502785836346447,0.0001573411573190242,0.7145740985870361
baseline,3,100000,66,0.02734270691871643,0.0008463609265163541,0.00026192457880824804,0.6337931156158447
baseline,3,100000,67,0.023968804627656937,0.0006379569531418383,0.0001718950370559469,0.6795869469642639
baseline,3,100000,68,0.01983613334596157,0.00047869826084934175,9.749758464749902e-05,0.7811750173568726
baseline,3,100000,69,0.017307095229625702,0.0005195559351705015,9.49745299294591e-05,0.8210487365722656
baseline,3,100000,70,0.025161756202578545,0.0007883582729846239,0.00027681351639330387,0.594343364238739
baseline,3,100000,71,0.026375411078333855,0.0007765784393996,0.0003202866646461189,0.5464470982551575
baseline,3,100000,72,0.01916298270225525,0.0005958047695457935,0.00012029557547066361,0.7847013473510742
baseline,3,100000,73,0.02428896352648735,0.0007943462114781141,0.00024901979486458004,0.6299806833267212
baseline,3,100000,74,0.0232132226228714,0.0006032491219229996,0.00013308583584148437,0.7505217790603638
baseline,3,100000,75,0.028333166614174843,0.0009642992517910898,0.0002837522770278156,0.6498879194259644
baseline,3,100000,76,0.022906631231307983,0.0007081048097461462,0.00017940667748916894,0.70127934217453
baseline,3,100000,77,0.023406166583299637,0.000758207228500396,0.00020652617968153208,0.6739869713783264
baseline,3,100000,78,0.018860580399632454,0.0004192544729448855,9.011562360683456e-05,0.7613388895988464
baseline,3,100000,79,0.019828086718916893,0.0004915203899145126,0.00015173641440924257,0.6359391808509827
baseline,3,100000,80,0.02286096103489399,0.0007038437761366367,0.00021494658722076565,0.6368917226791382
baseline,3,100000,81,0.018551833927631378,0.0005787409609183669,0.00010207880404777825,0.8389827013015747
baseline,3,100000,82,0.024101249873638153,0.0007205051952041686,0.00017417276103515178,0.7156499624252319
baseline,3,100000,83,0.019014233723282814,0.00043426352203823626,0.00010242513963021338,0.725875735282898
baseline,3,100000,84,0.021005285903811455,0.0006947295623831451,0.00012232350127305835,0.8408790826797485
baseline,3,100000,85,0.022197114303708076,0.0007452742429450154,0.00017633414245210588,0.7251561880111694
baseline,3,100000,86,0.023281877860426903,0.0006237620837055147,0.00016613320622127503,0.6838050484657288
baseline,3,100000,87,0.023326318711042404,0.0006543014897033572,0.00014234913396649063,0.7551687359809875
baseline,3,100000,88,0.02344682440161705,0.0006061864551156759,0.00015554796846117824,0.6958160400390625
baseline,3,100000,89,0.025388725101947784,0.0008136039832606912,0.00016823508485686034,0.7723886370658875
baseline,3,100000,90,0.018959566950798035,0.0004524077521637082,0.00011642415483947843,0.6954306364059448
baseline,3,100000,91,0.026327749714255333,0.0008310430566780269,0.00020003289682790637,0.7185942530632019
baseline,3,100000,92,0.02634762041270733,0.0008579316199757159,0.0002347331028431654,0.6718890070915222
baseline,3,100000,93,0.019690535962581635,0.00048250556574203074,0.0001359646994387731,0.6639126539230347
baseline,3,100000,94,0.022547772154211998,0.0005960992421023548,0.00014170825306791812,0.7232904434204102
baseline,3,100000,95,0.02312900498509407,0.0006634466699324548,0.00019537149637471884,0.6496721506118774
baseline,3,100000,96,0.024424107745289803,0.000928338966332376,0.0003421396831981838,0.5792492628097534
baseline,3,100000,97,0.01687760092318058,0.0003541180049069226,0.00010095034667756408,0.6610115766525269
baseline,3,100000,98,0.024395324289798737,0.0007239336846396327,0.00017512084741611034,0.7168515920639038
baseline,3,100000,99,0.023464519530534744,0.000780294300056994,0.0001425325172021985,0.8204502463340759
baseline,3,100000,100,0.023462815210223198,0.0007302936865016818,0.00017884394037537277,0.7127491235733032
baseline,3,100000,101,0.02174011617898941,0.0005721192574128509,0.00015322766557801515,0.6819233894348145
baseline,3,100000,102,0.019960768520832062,0.0005662378971464932,0.00016784029139671475,0.6479179859161377
baseline,3,100000,103,0.018912171944975853,0.0005156882107257843,0.00010783651669044048,0.7692912817001343
baseline,3,100000,104,0.02012556977570057,0.0007454832666553557,0.00016248630709014833,0.7529098391532898
baseline,3,100000,105,0.02285161241889,0.0008660340681672096,0.00027650175616145134,0.6239263415336609
baseline,3,100000,106,0.018563630059361458,0.000567908922675997,0.00014736824959982187,0.690194845199585
baseline,3,100000,107,0.020412616431713104,0.0007029038388282061,0.0001259763666894287,0.830197811126709
baseline,3,100000,108,0.0238045621663332,0.0007724221795797348,0.00023249606601893902,0.6414164304733276
baseline,3,100000,109,0.026805585250258446,0.0009399255504831672,0.00023931583564262837,0.6975857019424438
baseline,3,100000,110,0.025065334513783455,0.00084906374104321,0.00020093847706448287,0.7248059511184692
baseline,3,100000,111,0.02817608416080475,0.0009641066426411271,0.0002875701757147908,0.6430642604827881
baseline,3,100000,112,0.020558932796120644,0.0008802234078757465,0.00014664420450571924,0.8581671714782715
baseline,3,100000,113,0.026238735765218735,0.000724053243175149,0.00015392927161883563,0.7656649351119995
baseline,3,100000,114,0.019926290959119797,0.000640452723018825,0.0001964088442036882,0.63728266954422
baseline,3,100000,115,0.02640778198838234,0.0007990836165845394,0.0001937767374329269,0.713195264339447
baseline,3,100000,116,0.027295172214508057,0.0008600142318755388,0.00030262471409514546,0.5929093360900879
baseline,3,100000,117,0.02501710131764412,0.0007693510851822793,0.0002653150004334748,0.5998365879058838
baseline,3,100000,118,0.01718459464609623,0.0003319880925118923,9.815504017751664e-05,0.6491354703903198
baseline,3,100000,119,0.02385580725967884,0.0007865871302783489,0.0002858233929146081,0.5835148096084595
baseline,3,100000,120,0.022349124774336815,0.000568694609683007,0.00013241515262052417,0.7310812473297119
baseline,3,100000,121,0.021123480051755905,0.0005243412451818585,0.00015915758558548987,0.6408350467681885
baseline,3,100000,122,0.019498536363244057,0.0004342254833318293,0.00013098263298161328,0.6428896188735962
baseline,3,100000,123,0.024007132276892662,0.0006751025794073939,0.00023339538893196732,0.6006584167480469
baseline,3,100000,124,0.025291545316576958,0.0008279541507363319,0.00018396889208815992,0.7481037378311157
baseline,3,100000,125,0.01878240890800953,0.0004284718888811767,0.00011132731742691249,0.6931029558181763
baseline,3,100000,126,0.02198798954486847,0.0006681887316517532,0.0001527506683487445,0.7378368973731995
baseline,3,100000,127,0.018508614972233772,0.00040025822818279266,0.0001084989053197205,0.6771544218063354
baseline,3,250000,0,0.02052704431116581,0.0006065067718736827,7.432403799612075e-05,1.0038630962371826
baseline,3,250000,1,0.02038039080798626,0.000499744841363281,0.0002003520494326949,0.552667498588562
baseline,3,250000,2,0.016337869688868523,0.00028214254416525364,7.86682721809484e-05,0.6673663258552551
baseline,3,250000,3,0.02183089405298233,0.0005327995168045163,0.00018853241635952145,0.5935714244842529
baseline,3,250000,4,0.018770691007375717,0.00043484813068062067,9.189872071146965e-05,0.7682909965515137
baseline,3,250000,5,0.025335071608424187,0.0008852822938933969,0.000336118828272447,0.5665823817253113
baseline,3,250000,6,0.021713053807616234,0.0006639210623688996,0.00016966201656032354,0.696058452129364
baseline,3,250000,7,0.016357718035578728,0.00032345205545425415,9.652967855799943e-05,0.6457133293151855
baseline,3,250000,8,0.02053474262356758,0.0005145644536241889,0.00011237707803957164,0.753990650177002
baseline,3,250000,9,0.024220315739512444,0.0008506218437105417,0.0003808526089414954,0.5252482295036316
baseline,3,250000,10,0.025416651740670204,0.0008139351848512888,0.00037752147181890905,0.5147548913955688
baseline,3,250000,11,0.020179832354187965,0.0008004858391359448,0.00030365705606527627,0.5648956298828125
baseline,3,250000,12,0.02440139278769493,0.000983665930107236,0.0003124673094134778,0.6211139559745789
baseline,3,250000,13,0.02024708315730095,0.0005853901384398341,0.00012283085379749537,0.7696118354797363
baseline,3,250000,14,0.018381819128990173,0.0003905070770997554,8.9737877715379e-05,0.7353212833404541
baseline,3,250000,15,0.021715300157666206,0.0006600691704079509,0.0003209602436982095,0.5040329694747925
baseline,3,250000,16,0.020449168980121613,0.0005198114668019116,0.0001510590227553621,0.6549445390701294
baseline,3,250000,17,0.017263995483517647,0.0007657476817257702,0.00033673705183900893,0.5253942608833313
baseline,3,250000,18,0.027291053906083107,0.0010061966022476554,0.0002505761513020843,0.7022216320037842
baseline,3,250000,19,0.024168215692043304,0.0010169827146455646,0.00024595847935415804,0.7172162532806396
baseline,3,250000,20,0.022098951041698456,0.000866846414282918,0.0003681248053908348,0.535808801651001
baseline,3,250000,21,0.020312050357460976,0.0005036899819970131,0.00011886757420143113,0.7235900163650513
baseline,3,250000,22,0.015440985560417175,0.0002574726240709424,7.515598554164171e-05,0.6523900032043457
baseline,3,250000,23,0.025653010234236717,0.0008379223290830851,0.00016897775640245527,0.7862136363983154
baseline,3,250000,24,0.019602302461862564,0.00042762942030094564,0.00011720840848283842,0.671360194683075
baseline,3,250000,25,0.02095678821206093,0.0004932832671329379,0.0001514015020802617,0.6372569799423218
baseline,3,250000,26,0.023086033761501312,0.0008047689334489405,0.00016890140250325203,0.7698440551757812
baseline,3,250000,27,0.024668656289577484,0.0008697309531271458,0.00021002786525059491,0.7166877388954163
baseline,3,250000,28,0.018659651279449463,0.0004473975277505815,0.00010828477388713509,0.7179510593414307
baseline,3,250000,29,0.02354678325355053,0.0006885804468765855,0.0002104760642396286,0.6340759992599487
baseline,3,250000,30,0.016002271324396133,0.0003212250885553658,7.533926691394299e-05,0.7290217280387878
baseline,3,250000,31,0.022548962384462357,0.0009195724269375205,0.0003017501439899206,0.614171028137207
baseline,3,250000,32,0.01631741225719452,0.00028280162950977683,8.943161083152518e-05,0.6261066794395447
baseline,3,250000,33,0.018451552838087082,0.00035830994602292776,0.00011418099165894091,0.6250860691070557
baseline,3,250000,34,0.01770949363708496,0.0003308926534373313,9.352130291517824e-05,0.6641714572906494
baseline,3,250000,35,0.01575392857193947,0.000338443904183805,8.501434786012396e-05,0.7045372724533081
baseline,3,250000,36,0.02974419854581356,0.001063204021193087,0.0003305928548797965,0.6236893534660339
baseline,3,250000,37,0.021190110594034195,0.0006734759081155062,0.0002270192198920995,0.6063679456710815
baseline,3,250000,38,0.01677287556231022,0.0003222314117010683,0.00010516576003283262,0.6185485124588013
baseline,3,250000,39,0.018770525231957436,0.00036579620791599154,9.451169171370566e-05,0.693491518497467
baseline,3,250000,40,0.026059014722704887,0.0008376980549655855,0.0002443325938656926,0.6522995233535767
baseline,3,250000,41,0.021251322701573372,0.0005981163703836501,0.0002371459995629266,0.558742105960846
baseline,3,250000,42,0.023498378694057465,0.0006666844710707664,0.00016646046424284577,0.7070366144180298
baseline,3,250000,43,0.016996927559375763,0.000306950940284878,8.258246816694736e-05,0.6805465221405029
baseline,3,250000,44,0.022718587890267372,0.0006541412440128624,0.00015366377192549407,0.7243415117263794
baseline,3,250000,45,0.018344100564718246,0.00036655081203207374,0.00010328619828214869,0.6648677587509155
baseline,3,250000,46,0.021130336448550224,0.0005177170969545841,0.0001282267621718347,0.7083670496940613
baseline,3,250000,47,0.022565243765711784,0.0005947222234681249,0.00014514975191559643,0.7147030830383301
baseline,3,250000,48,0.0161498561501503,0.0007157903164625168,0.00018874945817515254,0.6860723495483398
baseline,3,250000,49,0.02503015659749508,0.000835064216516912,0.0002141510631190613,0.6942981481552124
baseline,3,250000,50,0.0217682383954525,0.0008796954643912613,0.00014155129611026496,0.8783977627754211
baseline,3,250000,51,0.024902038276195526,0.0007140026427805424,0.0002805880212690681,0.5576163530349731
baseline,3,250000,52,0.019846085458993912,0.0005816110642626882,0.00011834289034595713,0.7827279567718506
baseline,3,250000,53,0.021514594554901123,0.0005018142983317375,0.00011899629316758364,0.7240242958068848
baseline,3,250000,54,0.01964694820344448,0.0004803336050827056,0.00010407440277049318,0.758746325969696
baseline,3,250000,55,0.023456379771232605,0.0008541697170585394,0.00027393276104703546,0.6202713251113892
baseline,3,250000,56,0.01658700592815876,0.0003170202544424683,0.00010341053712181747,0.6186025142669678
baseline,3,250000,57,0.017198532819747925,0.00037157951737754047,0.00012386559683363885,0.6109027862548828
baseline,3,250000,58,0.02535751275718212,0.00091583002358675,0.0003406855103094131,0.5770102143287659
baseline,3,250000,59,0.02020701766014099,0.0006598041509278119,0.00016548458370380104,0.7042666673660278
baseline,3,250000,60,0.021534182131290436,0.0005550558562390506,0.0001214717049151659,0.7549924254417419
baseline,3,250000,61,0.019023718312382698,0.0005563707090914249,0.00022648254525847733,0.5516667366027832
baseline,3,250000,62,0.023884331807494164,0.001112968660891056,0.0003086269134655595,0.6655806303024292
baseline,3,250000,63,0.01687805727124214,0.0003139089676551521,0.00010039585322374478,0.623071014881134
baseline,3,250000,64,0.014686048962175846,0.0002525608870200813,6.89385415171273e-05,0.6760814189910889
baseline,3,250000,65,0.022738147526979446,0.0006906136404722929,0.00021165635553188622,0.6362283229827881
baseline,3,250000,66,0.028038905933499336,0.0009673199965618551,0.0003776751982513815,0.560753583908081
baseline,3,250000,67,0.016931483522057533,0.0003284802951384336,8.493390487274155e-05,0.6941494345664978
baseline,3,250000,68,0.01836201176047325,0.0003678466018754989,0.00010489476699149236,0.6600707769393921
baseline,3,250000,69,0.022959180176258087,0.001127126393839717,0.0002473454223945737,0.7516309022903442
baseline,3,250000,70,0.019302671775221825,0.0005295680603012443,0.00028529163682833314,0.4799363613128662
baseline,3,250000,71,0.02265739068388939,0.0006032030796632171,0.00023943812993820757,0.5552584528923035
baseline,3,250000,72,0.02327006310224533,0.0006406728643923998,0.0001399520260747522,0.7538859844207764
baseline,3,250000,73,0.024140624329447746,0.0009304248378612101,0.0004393089038785547,0.5127303004264832
baseline,3,250000,74,0.020181093364953995,0.0005679168389178813,0.0001258625416085124,0.7498576641082764
baseline,3,250000,75,0.025757301598787308,0.000954161339905113,0.0003582473436836153,0.5681961178779602
baseline,3,250000,76,0.020460430532693863,0.0005373750464059412,0.00013470933481585234,0.7045917510986328
baseline,3,250000,77,0.02398531138896942,0.0007792927208356559,0.00018567248480394483,0.7209230065345764
baseline,3,250000,78,0.017706219106912613,0.00037506717490032315,8.809827704681084e-05,0.7274583578109741
baseline,3,250000,79,0.0241206306964159,0.0006293148035183549,0.00015737192006781697,0.7051303386688232
baseline,3,250000,80,0.017382945865392685,0.00042101519647985697,0.00023734803835395724,0.4677087664604187
baseline,3,250000,81,0.02310136705636978,0.0007972782477736473,0.0001398047461407259,0.8385282158851624
baseline,3,250000,82,0.02011866308748722,0.0009789031464606524,0.00019911093113478273,0.772903561592102
baseline,3,250000,83,0.015460671856999397,0.0002736349997576326,6.634877354372293e-05,0.7157673239707947
baseline,3,250000,84,0.023844514042139053,0.0008380571380257607,0.0001965366827789694,0.728244423866272
baseline,3,250000,85,0.02726585604250431,0.001375025138258934,0.00023212263477034867,0.8551610708236694
baseline,3,250000,86,0.016214992851018906,0.00033517874544486403,8.770871500018984e-05,0.688637912273407
baseline,3,250000,87,0.021020149812102318,0.0004968814318999648,0.00011933545465581119,0.7186464071273804
baseline,3,250000,88,0.01946759596467018,0.000511736492626369,0.00020417498308233917,0.55610591173172
baseline,3,250000,89,0.017990289255976677,0.0006045711925253272,0.00012829295883420855,0.7661789655685425
baseline,3,250000,90,0.022561103105545044,0.0005346985417418182,0.0001392812846461311,0.6914477348327637
baseline,3,250000,91,0.024730034172534943,0.0008567852200940251,0.00020688227959908545,0.7167186737060547
baseline,3,250000,92,0.022050410509109497,0.0008050802862271667,0.0002628416696097702,0.614919900894165
baseline,3,250000,93,0.021884869784116745,0.0006085449131205678,0.00025069009279832244,0.5491287708282471
baseline,3,250000,94,0.02200980670750141,0.0005328588304109871,0.00012405600864440203,0.7311360836029053
baseline,3,250000,95,0.01933126524090767,0.0005716238520108163,0.00025769235799089074,0.5231002569198608
baseline,3,250000,96,0.024376006796956062,0.0007155355997383595,0.0004633212520275265,0.43199604749679565
baseline,3,250000,97,0.019678175449371338,0.00041784968925639987,0.00011837983038276434,0.6636596918106079
baseline,3,250000,98,0.022850820794701576,0.0007841736078262329,0.00028837399440817535,0.5816844701766968
baseline,3,250000,99,0.01863834261894226,0.00043480857857502997,0.0001015020243357867,0.7314184904098511
baseline,3,250000,100,0.024009184911847115,0.0009349387837573886,0.0002929873298853636,0.6292843222618103
baseline,3,250000,101,0.021958893164992332,0.0005099830450490117,0.0002104792365571484,0.5474022626876831
baseline,3,250000,102,0.029794026166200638,0.0009615166927687824,0.00014939377433620393,0.8943360447883606
baseline,3,250000,103,0.02459138073027134,0.0009549172827973962,0.0001620263501536101,0.8520691394805908
baseline,3,250000,104,0.0183868445456028,0.000749556755181402,0.0001991798635572195,0.6839096546173096
baseline,3,250000,105,0.014475255273282528,0.00037648240686394274,0.0001854754373198375,0.4972727298736572
baseline,3,250000,106,0.0269039124250412,0.0008651389507576823,0.00022044255456421524,0.6989579200744629
baseline,3,250000,107,0.02023816853761673,0.0007227259920910001,0.0001983089023269713,0.662190318107605
baseline,3,250000,108,0.025423189625144005,0.0009122219053097069,0.0003648561250884086,0.5552978515625
baseline,3,250000,109,0.026424624025821686,0.0011750864796340466,0.0003759435785468668,0.6205916404724121
baseline,3,250000,110,0.024424921721220016,0.001019118120893836,0.0003509302041493356,0.5996382236480713
baseline,3,250000,111,0.02276964671909809,0.0006874615210108459,0.00029105498106218874,0.5394524335861206
baseline,3,250000,112,0.01633380353450775,0.0004915163153782487,0.00014136881509330124,0.6568485498428345
baseline,3,250000,113,0.017381135374307632,0.0003056871937587857,8.914462523534894e-05,0.6533883810043335
baseline,3,250000,114,0.02203994244337082,0.0009260600781999528,0.00014892469334881753,0.8786479830741882
baseline,3,250000,115,0.021701350808143616,0.0005848743603564799,0.00014603407180402428,0.7054420709609985
baseline,3,250000,116,0.01710492931306362,0.0005595908151008189,0.00020529354515019804,0.5786926746368408
baseline,3,250000,117,0.019452093169093132,0.0005763533990830183,0.00023570493794977665,0.547661542892456
baseline,3,250000,118,0.016200410202145576,0.0002904448192566633,9.061993478098884e-05,0.631256103515625
baseline,3,250000,119,0.027069583535194397,0.001019827788695693,0.0004698492703028023,0.519273042678833
baseline,3,250000,120,0.016148753464221954,0.0003039106959477067,9.91302658803761e-05,0.6186174154281616
baseline,3,250000,121,0.025833092629909515,0.0009789225878193974,0.00036200848990119994,0.5744168758392334
baseline,3,250000,122,0.015359558165073395,0.00025237927911803126,8.54397367220372e-05,0.6070330739021301
baseline,3,250000,123,0.024996966123580933,0.0011255795834586024,0.0003280470264144242,0.647828221321106
baseline,3,250000,124,0.019235068932175636,0.00040413811802864075,8.90634473762475e-05,0.7523155212402344
baseline,3,250000,125,0.0175078846514225,0.00036889483453705907,0.00010438999743200839,0.6637250185012817
baseline,3,250000,126,0.022636989131569862,0.0010782991303130984,0.0002988544583786279,0.6657801866531372
baseline,3,250000,127,0.01833181083202362,0.0006233449676074088,0.00023008322750683874,0.5793182253837585
baseline,3,1000000,0,0.013854051940143108,0.0022986060939729214,9.478208812652156e-05,1.7061057090759277
baseline,3,1000000,1,0.022138958796858788,0.0012881250586360693,0.0002763207594398409,0.7466076612472534
baseline,3,1000000,2,0.0257529579102993,0.0008325877715833485,0.00016364725888706744,0.7935497164726257
baseline,3,1000000,3,0.020638473331928253,0.0005769747076556087,0.0001225236483151093,0.7655141353607178
baseline,3,1000000,4,0.026676028966903687,0.0011603552848100662,0.00015593190619256347,0.9601102471351624
baseline,3,1000000,5,0.020726099610328674,0.0008311205892823637,0.00017656445561442524,0.7565294504165649
baseline,3,1000000,6,0.02797454036772251,0.0015085565391927958,0.00016865062934812158,1.0505388975143433
baseline,3,1000000,7,0.02127431519329548,0.001092570717446506,0.00014327098324429244,0.9657769799232483
baseline,3,1000000,8,0.017255999147892,0.0005023934645578265,7.00915334164165e-05,0.9415905475616455
baseline,3,1000000,9,0.018610559403896332,0.0005704167415387928,0.00022268823522608727,0.5578522682189941
baseline,3,1000000,10,0.01949537917971611,0.0007595124188810587,0.0002378899371251464,0.6292159557342529
baseline,3,1000000,11,0.02141457609832287,0.0008482178673148155,0.0006148174870759249,0.4033868908882141
baseline,3,1000000,12,0.021236108615994453,0.0008445604471489787,0.0001623208518140018,0.804847240447998
baseline,3,1000000,13,0.02231636829674244,0.0011141299037262797,0.00012219294148962945,1.0551540851593018
baseline,3,1000000,14,0.02559848129749298,0.0008835887419991195,0.0001590963511262089,0.8267918825149536
baseline,3,1000000,15,0.01676897145807743,0.0008005656418390572,0.00032651639776304364,0.5484724044799805
baseline,3,1000000,16,0.02220049314200878,0.0007446096278727055,0.00012914837861899287,0.8459513187408447
baseline,3,1000000,17,0.01636761985719204,0.0005601691082119942,0.0004002332570962608,0.4092048704624176
baseline,3,1000000,18,0.03157675266265869,0.0020677964203059673,0.00027716209297068417,0.9485279321670532
baseline,3,1000000,19,0.036648258566856384,0.0021967769134789705,0.00011896766227437183,1.4604861736297607
baseline,3,1000000,20,0.02196887508034706,0.000876314879860729,0.00016135569603648037,0.8110566735267639
baseline,3,1000000,21,0.026830758899450302,0.0009383545257151127,0.00016279253759421408,0.8431711792945862
baseline,3,1000000,22,0.021925175562500954,0.0005547204636968672,8.562750736018643e-05,0.8965290188789368
baseline,3,1000000,23,0.02708233892917633,0.0011499770916998386,0.0002026455185841769,0.8388146162033081
baseline,3,1000000,24,0.021282238885760307,0.0006416969117708504,9.316411160398275e-05,0.9266471266746521
baseline,3,1000000,25,0.02456623502075672,0.0008736895397305489,0.00016837228031363338,0.800229549407959
baseline,3,1000000,26,0.024851318448781967,0.0019270473858341575,0.00017193933308590204,1.169838786125183
baseline,3,1000000,27,0.024100754410028458,0.001433780649676919,0.00022201317187864333,0.8895770311355591
baseline,3,1000000,28,0.024650633335113525,0.0007669671904295683,0.00013901737111154944,0.8270796537399292
baseline,3,1000000,29,0.03294018283486366,0.002662353217601776,0.0002927245222963393,1.0515010356903076
baseline,3,1000000,30,0.023315556347370148,0.0007682144641876221,0.00014982055290602148,0.798747718334198
baseline,3,1000000,31,0.02594269998371601,0.002427388448268175,0.00030634357244707644,0.9846524000167847
baseline,3,1000000,32,0.02386617846786976,0.0006362013518810272,0.00010029007535194978,0.8855546712875366
baseline,3,1000000,33,0.022519463673233986,0.0007043950026854873,0.00011658961011562496,0.866432785987854
baseline,3,1000000,34,0.020434284582734108,0.0005666156066581607,0.00010957948688883334,0.800651490688324
baseline,3,1000000,35,0.02977333404123783,0.001411966746672988,0.00022228916350286454,0.8834154605865479
baseline,3,1000000,36,0.020417293533682823,0.0006806650781072676,0.00012934152618981898,0.7989697456359863
baseline,3,1000000,37,0.01439925841987133,0.00047563397674821317,0.00013761174341198057,0.6562377214431763
baseline,3,1000000,38,0.02765652909874916,0.0009849207708612084,0.00015975165297277272,0.8754110932350159
baseline,3,1000000,39,0.026324624195694923,0.0007464233785867691,0.00011723151692422107,0.8884072303771973
baseline,3,1000000,40,0.025560840964317322,0.001678347704000771,0.0002770877326838672,0.8554974794387817
baseline,3,1000000,41,0.03373497352004051,0.001400430453941226,0.0002736008900683373,0.7982207536697388
baseline,3,1000000,42,0.030869757756590843,0.001129976357333362,0.0001575070054968819,0.9421901702880859
baseline,3,1000000,43,0.021097123622894287,0.0005867540603503585,0.00011832777818199247,0.784731924533844
baseline,3,1000000,44,0.02087315544486046,0.0019448455423116684,0.00031734435469843447,0.8465731143951416
baseline,3,1000000,45,0.024372633546590805,0.0006269494770094752,0.00012500012235250324,0.7897593975067139
baseline,3,1000000,46,0.033074405044317245,0.0012261292431503534,0.0002126964391209185,0.8479713201522827
baseline,3,1000000,47,0.020906491205096245,0.0008023971458896995,0.00011784617527155206,0.9216548800468445
baseline,3,1000000,48,0.0229167602956295,0.0016945520183071494,0.00027117194258607924,0.870475172996521
baseline,3,1000000,49,0.03281741216778755,0.002190654631704092,0.0003054928674828261,0.9412556886672974
baseline,3,1000000,50,0.04256327822804451,0.0036489206831902266,0.0001289564388571307,1.8072052001953125
baseline,3,1000000,51,0.0153039013966918,0.0006208820268511772,0.00015107312356121838,0.7100907564163208
baseline,3,1000000,52,0.016700422391295433,0.0012249177088961005,8.529654587619007e-05,1.3070926666259766
baseline,3,1000000,53,0.01919565163552761,0.00045485544251278043,8.391902520088479e-05,0.8214870691299438
baseline,3,1000000,54,0.024492880329489708,0.0008942376589402556,0.00014481831749435514,0.8766188025474548
baseline,3,1000000,55,0.03660459816455841,0.0021640865597873926,0.0005202704924158752,0.7146284580230713
baseline,3,1000000,56,0.02307797409594059,0.0006548843812197447,0.00013025813677813858,0.7908039093017578
baseline,3,1000000,57,0.023588169366121292,0.0007702763541601598,0.0001396644947817549,0.826305627822876
baseline,3,1000000,58,0.025819046422839165,0.0010837734444066882,0.00020035849593114108,0.8070871829986572
baseline,3,1000000,59,0.016305482015013695,0.002311358228325844,0.00019243205315433443,1.2191829681396484
baseline,3,1000000,60,0.01605035364627838,0.0003892980166710913,6.379734259098768e-05,0.8718689680099487
baseline,3,1000000,61,0.02465369738638401,0.0013379590818658471,0.00035054655745625496,0.6841033697128296
baseline,3,1000000,62,0.028488047420978546,0.0025883226189762354,0.00022288069885689765,1.166463017463684
baseline,3,1000000,63,0.026144757866859436,0.0008315560990013182,0.0001241694699274376,0.9058663845062256
baseline,3,1000000,64,0.022441323846578598,0.000541438814252615,9.507998038316146e-05,0.840176522731781
baseline,3,1000000,65,0.02166793867945671,0.00176288653165102,0.00035257291165180504,0.7604663372039795
baseline,3,1000000,66,0.031146328896284103,0.0013470265548676252,0.0003376617969479412,0.7002942562103271
baseline,3,1000000,67,0.023483915254473686,0.000669743400067091,0.00012213825539220124,0.8249191045761108
baseline,3,1000000,68,0.023165496066212654,0.0008220628369599581,0.0001228233886649832,0.9112285375595093
baseline,3,1000000,69,0.028156982734799385,0.0034472490660846233,0.00017272384138777852,1.466705560684204
baseline,3,1000000,70,0.01320373360067606,0.0003496353456284851,0.0001763058826327324,0.49428993463516235
baseline,3,1000000,71,0.01741872914135456,0.0007078388007357717,0.00021916835976298898,0.6274065971374512
baseline,3,1000000,72,0.018787501379847527,0.0005608339561149478,7.823704072507098e-05,0.9416310787200928
baseline,3,1000000,73,0.018766384571790695,0.0005916831432841718,0.00017401817603968084,0.646762490272522
baseline,3,1000000,74,0.019927270710468292,0.0007282205042429268,0.00011697461013682187,0.8747879266738892
baseline,3,1000000,75,0.02508074790239334,0.001446835813112557,0.0004637278034351766,0.6201629638671875
baseline,3,1000000,76,0.019830407574772835,0.0007252611685544252,0.000151971384184435,0.7707237005233765
baseline,3,1000000,77,0.018867334350943565,0.0005663413321599364,0.0001206594388349913,0.7626092433929443
baseline,3,1000000,78,0.023529918864369392,0.000759411952458322,0.0001419854088453576,0.8111823797225952
baseline,3,1000000,79,0.019086241722106934,0.0005240959580987692,9.865475294645876e-05,0.8098207712173462
baseline,3,1000000,80,0.01981305703520775,0.0005380322691053152,0.00026528938906267285,0.49506494402885437
baseline,3,1000000,81,0.018702810630202293,0.0015184464864432812,0.0002012556215049699,0.9548779726028442
baseline,3,1000000,82,0.019688298925757408,0.001568248262628913,0.00022110114514362067,0.9381961822509766
baseline,3,1000000,83,0.02576236054301262,0.0009891986846923828,0.00016177684301510453,0.871205747127533
baseline,3,1000000,84,0.017959969118237495,0.0005913313943892717,0.00010226485028397292,0.8481619358062744
baseline,3,1000000,85,0.04761112481355667,0.004021588247269392,0.0003885965852532536,1.1227377653121948
baseline,3,1000000,86,0.024372035637497902,0.0006343894638121128,0.00010085733811138198,0.8829779624938965
baseline,3,1000000,87,0.02372702769935131,0.0009657916962169111,0.00019494527077767998,0.7831772565841675
baseline,3,1000000,88,0.016067365184426308,0.0006267464486882091,0.00025122202350758016,0.5550243854522705
baseline,3,1000000,89,0.02967030555009842,0.0019991309382021427,0.0001138940715463832,1.4421308040618896
baseline,3,1000000,90,0.017413005232810974,0.00044406013330444694,6.610083801206201e-05,0.9149930477142334
baseline,3,1000000,91,0.02524496428668499,0.0016283467411994934,0.00025207785074599087,0.8896749019622803
baseline,3,1000000,92,0.031572867184877396,0.001408782321959734,0.0002623774344101548,0.8093748092651367
baseline,3,1000000,93,0.021567625924944878,0.0012217180337756872,0.0003311482141725719,0.6769218444824219
baseline,3,1000000,94,0.0227234847843647,0.0008538910769857466,0.00014745836961083114,0.8460183143615723
baseline,3,1000000,95,0.025109581649303436,0.0013965487014502287,0.00026604425511322916,0.7995321750640869
baseline,3,1000000,96,0.029029926285147667,0.0016320310533046722,0.0005052778869867325,0.6090539693832397
baseline,3,1000000,97,0.018981890752911568,0.0005873238551430404,9.804976434679702e-05,0.8620455265045166
baseline,3,1000000,98,0.02453540451824665,0.000847316812723875,0.00014165211177896708,0.8499913215637207
baseline,3,1000000,99,0.027613019570708275,0.00106002576649189,0.00014788424596190453,0.945510745048523
baseline,3,1000000,100,0.0228409580886364,0.0014634125400334597,0.00021806904987897724,0.9106000661849976
baseline,3,1000000,101,0.030367536470294,0.001739334431476891,0.0002300823398400098,0.9599449634552002
baseline,3,1000000,102,0.04832134768366814,0.0036745129618793726,0.00025742914294824004,1.3162751197814941
baseline,3,1000000,103,0.023380326107144356,0.0024788412265479565,0.00017044426931533962,1.3286824226379395
baseline,3,1000000,104,0.044362977147102356,0.003198370337486267,0.0003772989730350673,0.9664150476455688
baseline,3,1000000,105,0.03025193326175213,0.001574998372234404,0.0005019519594497979,0.6108033061027527
baseline,3,1000000,106,0.040191907435655594,0.002289098920300603,0.000356776436092332,0.8806597590446472
baseline,3,1000000,107,0.03492584452033043,0.0027896533720195293,0.0002631070092320442,1.0912116765975952
baseline,3,1000000,108,0.027474667876958847,0.0014170871581882238,0.0003571047855075449,0.7016561627388
baseline,3,1000000,109,0.035413529723882675,0.001607608748599887,0.0003464573819655925,0.7513203024864197
baseline,3,1000000,110,0.023158811032772064,0.0015910150250419974,0.00020911169121973217,0.9643027782440186
baseline,3,1000000,111,0.038604170083999634,0.002189669758081436,0.00034006041823886335,0.8438345193862915
baseline,3,1000000,112,0.026101049035787582,0.002036512363702059,0.0001769447699189186,1.1667351722717285
baseline,3,1000000,113,0.023414449766278267,0.0006487303180620074,0.00012525237980298698,0.8017479777336121
baseline,3,1000000,114,0.04224880784749985,0.0036140703596174717,0.0001276965776924044,1.8074361085891724
baseline,3,1000000,115,0.02235979586839676,0.0007733731181360781,0.00016073862207122147,0.7697881460189819
baseline,3,1000000,116,0.01739913411438465,0.0005494154756888747,0.00021025180467404425,0.5692305564880371
baseline,3,1000000,117,0.021127326413989067,0.0009162541246041656,0.00018783369159791619,0.7772265672683716
baseline,3,1000000,118,0.02736719697713852,0.0008607310592196882,0.0001266559265786782,0.9169409275054932
baseline,3,1000000,119,0.02272745594382286,0.0007243629079312086,0.0002251630648970604,0.6309159994125366
baseline,3,1000000,120,0.022882116958498955,0.0006325284484773874,0.0001258574047824368,0.7906621694564819
baseline,3,1000000,121,0.01884814351797104,0.0018003424629569054,0.0003870385407935828,0.7544131875038147
baseline,3,1000000,122,0.02186697907745838,0.0006248550489544868,0.0001403883652528748,0.7415412664413452
baseline,3,1000000,123,0.0309046171605587,0.0014276830479502678,0.00035751910763792694,0.6920912265777588
baseline,3,1000000,124,0.02377869002521038,0.0009581412887200713,0.00018159043975174427,0.8056896924972534
baseline,3,1000000,125,0.0185258649289608,0.0004251962818671018,7.944186654640362e-05,0.8155813217163086
baseline,3,1000000,126,0.026209143921732903,0.0021282299421727657,0.00018327613361179829,1.1663824319839478
baseline,3,1000000,127,0.0356728658080101,0.0021780950482934713,0.0003721619432326406,0.8463079929351807
meanOT,0,5001,0,0.004494818858802319,2.0205698092468083e-05,9.819782462727744e-06,0.5071526765823364
meanOT,0,5001,1,0.004539067856967449,2.0606861653504893e-05,1.0072624718304724e-05,0.5056935548782349
meanOT,0,5001,2,0.004860972054302692,2.363141902606003e-05,1.1531717063917313e-05,0.5061162710189819
meanOT,0,5001,3,0.003511428600177169,1.233067723660497e-05,6.114019015512895e-06,0.5020924806594849
meanOT,0,5001,4,0.004609324969351292,2.1250276404316537e-05,1.0210072105110157e-05,0.5100592374801636
meanOT,0,5001,5,0.004442725330591202,1.9744105884456076e-05,9.583352039044257e-06,0.5074728727340698
meanOT,0,5001,6,0.004386765882372856,1.924550815601833e-05,9.369469808007125e-06,0.5067106485366821
meanOT,0,5001,7,0.0033582833129912615,1.1278248166490812e-05,5.586371116805822e-06,0.5023537874221802
meanOT,0,5001,8,0.004520274233072996,2.0438474166439846e-05,9.836274330154993e-06,0.509637713432312
meanOT,0,5001,9,0.00419010641053319,1.755861558194738e-05,8.574833373131696e-06,0.5059241056442261
meanOT,0,5001,10,0.003689694683998823,1.3614730960398447e-05,6.733411737513961e-06,0.502736508846283
meanOT,0,5001,11,0.002632349729537964,6.9292946136556566e-06,3.4543077163107228e-06,0.5007469058036804
meanOT,0,5001,12,0.003549132263287902,1.2597420209203847e-05,6.214933819137514e-06,0.50335693359375
meanOT,0,5001,13,0.0031924364157021046,1.0192088666372001e-05,5.046496880822815e-06,0.5024471879005432
meanOT,0,5001,14,0.0041420841589570045,1.716056067380123e-05,8.369196621060837e-06,0.5062639117240906
meanOT,0,5001,15,0.004758600611239672,2.2648229787591845e-05,1.1021409591194242e-05,0.5068168640136719
meanOT,0,5001,16,0.004414182621985674,1.9485723896650597e-05,9.536498509987723e-06,0.5053783059120178
meanOT,0,5001,17,0.0026959688402712345,7.268273748195497e-06,3.6242201986169675e-06,0.5006826519966125
meanOT,0,5001,18,0.003593283472582698,1.2912585589219816e-05,6.3392594711331185e-06,0.5045926570892334
meanOT,0,5001,19,0.002952934242784977,8.720402547623962e-06,4.304862613935256e-06,0.5032022595405579
meanOT,0,5001,20,0.004038547165691853,1.6311656509060413e-05,7.994402949407231e-06,0.5050207376480103
meanOT,0,5001,21,0.004126331303268671,1.7038519217749126e-05,8.228811566368677e-06,0.5087453126907349
meanOT,0,5001,22,0.0037136476021260023,1.3792931895295624e-05,6.798219146730844e-06,0.5035982131958008
meanOT,0,5001,23,0.0037272602785378695,1.3894624316890258e-05,6.798176400479861e-06,0.5054528713226318
meanOT,0,5001,24,0.003965705167502165,1.5728055586805567e-05,7.720514986431226e-06,0.5046235918998718
meanOT,0,5001,25,0.004038267768919468,1.6308629710692912e-05,8.041513865464367e-06,0.5034925937652588
meanOT,0,5001,26,0.004061272833496332,1.6496565876877867e-05,8.032173354877159e-06,0.5066795945167542
meanOT,0,5001,27,0.003941734787076712,1.5542464097961783e-05,7.5744837886304595e-06,0.5064501166343689
meanOT,0,5001,28,0.004274240229278803,1.8273956811754033e-05,8.819642971502617e-06,0.5089132785797119
meanOT,0,5001,29,0.004621571395546198,2.1361911421990953e-05,1.0449979527038522e-05,0.5054928064346313
meanOT,0,5001,30,0.004305518232285976,1.854216679930687e-05,8.957240424933843e-06,0.5086815357208252
meanOT,0,5001,31,0.004385360516607761,1.9236294974689372e-05,9.350969776278362e-06,0.507090151309967
meanOT,0,5001,32,0.004232062492519617,1.7912396288011223e-05,8.819334652798716e-06,0.5038623809814453
meanOT,0,5001,33,0.003811732865869999,1.4530653970723506e-05,7.175332939368673e-06,0.5031238794326782
meanOT,0,5001,34,0.004415967967361212,1.950508521986194e-05,9.539168786432128e-06,0.5055584907531738
meanOT,0,5001,35,0.004609879571944475,2.12571831070818e-05,1.0335475053580012e-05,0.5070375800132751
meanOT,0,5001,36,0.004274546168744564,1.827503729145974e-05,8.90361570782261e-06,0.5065226554870605
meanOT,0,5001,37,0.004319135099649429,1.865801095846109e-05,9.154920007858891e-06,0.5047290325164795
meanOT,0,5001,38,0.0033248215913772583,1.1056295988964848e-05,5.453049652714981e-06,0.503429651260376
meanOT,0,5001,39,0.0038441193755716085,1.4778425793338101e-05,7.257204288180219e-06,0.5045250654220581
meanOT,0,5001,40,0.004194882698357105,1.7604881577426568e-05,8.513860848324839e-06,0.5084007978439331
meanOT,0,5001,41,0.004440824035555124,1.9723389414139092e-05,9.608964319340885e-06,0.5065300464630127
meanOT,0,5001,42,0.004319267813116312,1.866788988991175e-05,8.916380465961993e-06,0.5115714073181152
meanOT,0,5001,43,0.0044104596599936485,1.946555494214408e-05,9.398438123753294e-06,0.5088132619857788
meanOT,0,5001,44,0.0037507680244743824,1.407283798471326e-05,6.835764452262083e-06,0.5072834491729736
meanOT,0,5001,45,0.003663192968815565,1.3422211850411259e-05,6.5794342845038045e-06,0.5049765110015869
meanOT,0,5001,46,0.003105048555880785,9.641529686632566e-06,4.785785677086096e-06,0.5018226504325867
meanOT,0,5001,47,0.004516203422099352,2.040242907241918e-05,9.906042578222696e-06,0.5073919892311096
meanOT,0,5001,48,0.004646518267691135,2.1598651073873043e-05,1.0371610187576152e-05,0.5102026462554932
meanOT,0,5001,49,0.0041676973924040794,1.7373102309647948e-05,8.519193215761334e-06,0.5048850774765015
meanOT,0,5001,50,0.004013584926724434,1.6116737242555246e-05,7.825858119758777e-06,0.507371187210083
meanOT,0,5001,51,0.004190030507743359,1.7558399122208357e-05,8.615108527010307e-06,0.5047369599342346
meanOT,0,5001,52,0.004162367898970842,1.7331716662738472e-05,8.41617747937562e-06,0.5073602199554443
meanOT,0,5001,53,0.003225920954719186,1.0407289664726704e-05,5.142936061020009e-06,0.5029410123825073
meanOT,0,5001,54,0.005494636483490467,3.0212935598683544e-05,1.4464118066825904e-05,0.510978102684021
meanOT,0,5001,55,0.004231639672070742,1.7911195755004883e-05,8.64791581989266e-06,0.5088145732879639
meanOT,0,5001,56,0.004212906118482351,1.775107011781074e-05,8.705149411980528e-06,0.5048671960830688
meanOT,0,5001,57,0.00370259047485888,1.3710212442674674e-05,6.760802079952555e-06,0.5034732818603516
meanOT,0,5001,58,0.00369053753092885,1.3620593563246075e-05,6.726368610543432e-06,0.5031079053878784
meanOT,0,5001,59,0.004810558166354895,2.3153534129960462e-05,1.107411844714079e-05,0.5112184286117554
meanOT,0,5001,60,0.0030071658547967672,9.043447789736092e-06,4.476605681702495e-06,0.5025120973587036
meanOT,0,5001,61,0.003431546501815319,1.1776332939916756e-05,5.8052223721460905e-06,0.5035578012466431
meanOT,0,5001,62,0.003919939044862986,1.5369212633231655e-05,7.427992386510596e-06,0.5085612535476685
meanOT,0,5001,63,0.0039001258555799723,1.5214345694403164e-05,7.457012088707415e-06,0.5050071477890015
meanOT,0,5001,64,0.0043049156665802,1.8538336007623002e-05,9.00330542208394e-06,0.5073261857032776
meanOT,0,5001,65,0.004195067565888166,1.7613605450605974e-05,8.293153769045603e-06,0.5152492523193359
meanOT,0,5001,66,0.0037358051631599665,1.3956743714516051e-05,6.874728114780737e-06,0.5037530660629272
meanOT,0,5001,67,0.004264102783054113,1.8185255612479523e-05,8.900242391973734e-06,0.5053727626800537
meanOT,0,5001,68,0.0046563539654016495,2.1688385459128767e-05,1.0461239071446471e-05,0.509066641330719
meanOT,0,5001,69,0.004238377790898085,1.797595905372873e-05,8.544517186237499e-06,0.5128085613250732
meanOT,0,5001,70,0.004205286502838135,1.768527909007389e-05,8.734748007555027e-06,0.5030762553215027
meanOT,0,5001,71,0.004073678515851498,1.6596341083641164e-05,8.183833415387198e-06,0.503478467464447
meanOT,0,5001,72,0.0048339227214455605,2.337457044632174e-05,1.1247701877437066e-05,0.5096734762191772
meanOT,0,5001,73,0.004301426466554403,1.8504848412703723e-05,9.068479812412988e-06,0.5050431489944458
meanOT,0,5001,74,0.003982819616794586,1.5867461115703918e-05,7.708476005063858e-06,0.5072507858276367
meanOT,0,5001,75,0.0039865742437541485,1.5895140677457675e-05,7.769785042910371e-06,0.5056859254837036
meanOT,0,5001,76,0.004517826717346907,2.041470361291431e-05,9.930568921845406e-06,0.5069174766540527
meanOT,0,5001,77,0.003298866795375943,1.088436329155229e-05,5.312667326506926e-06,0.5060563683509827
meanOT,0,5001,78,0.004070339258760214,1.6570780644542538e-05,8.091899871942587e-06,0.5059404373168945
meanOT,0,5001,79,0.0034701721742749214,1.2042950402246788e-05,5.964227057120297e-06,0.5023922920227051
meanOT,0,5001,80,0.004512797109782696,2.0368388504721224e-05,9.954432243830524e-06,0.5057348012924194
meanOT,0,5001,81,0.004810154903680086,2.3168791813077405e-05,1.0828255653905217e-05,0.5171597003936768
meanOT,0,5001,82,0.0032120731193572283,1.0317726264474913e-05,5.080581559013808e-06,0.503835916519165
meanOT,0,5001,83,0.003692756872624159,1.3637602933158632e-05,6.729852429998573e-06,0.5032917261123657
meanOT,0,5001,84,0.004161492921411991,1.7322097846772522e-05,8.418734978477005e-06,0.5071423053741455
meanOT,0,5001,85,0.004363883286714554,1.905396129586734e-05,9.202792170981411e-06,0.5087280869483948
meanOT,0,5001,86,0.003373352810740471,1.138081461249385e-05,5.612491349893389e-06,0.5034571886062622
meanOT,0,5001,87,0.004377128090709448,1.9166483980370685e-05,9.329489330411889e-06,0.5067516565322876
meanOT,0,5001,88,0.00503351166844368,2.5339320927741937e-05,1.226637868967373e-05,0.5081495046615601
meanOT,0,5001,89,0.004881875589489937,2.385300467722118e-05,1.1448664736235514e-05,0.5103244781494141
meanOT,0,5001,90,0.004522410687059164,2.0462990505620837e-05,9.914310794556513e-06,0.5079325437545776
meanOT,0,5001,91,0.00406538276001811,1.6532652807654813e-05,8.056772458076011e-06,0.5064585208892822
meanOT,0,5001,92,0.004499082453548908,2.024471905315295e-05,9.878986020339653e-06,0.5061187744140625
meanOT,0,5001,93,0.0042895106598734856,1.840486584114842e-05,8.952681127993856e-06,0.5069239139556885
meanOT,0,5001,94,0.004846474155783653,2.34945891861571e-05,1.1411954801587854e-05,0.5072899460792542
meanOT,0,5001,95,0.002971859648823738,8.83221764524933e-06,4.3669406295521185e-06,0.5028057098388672
meanOT,0,5001,96,0.003905095625668764,1.5250590877258219e-05,7.530109542130958e-06,0.5031481981277466
meanOT,0,5001,97,0.004516623914241791,2.040479375864379e-05,9.962680451280903e-06,0.5059769153594971
meanOT,0,5001,98,0.005571980495005846,3.1059324101079255e-05,1.4796276445849799e-05,0.5122376084327698
meanOT,0,5001,99,0.004610488191246986,2.127062907675281e-05,1.0185636710957624e-05,0.5109150409698486
meanOT,0,5001,100,0.003804356325417757,1.4479496712738182e-05,6.996229785727337e-06,0.5086253881454468
meanOT,0,5001,101,0.004776215646415949,2.2825053747510538e-05,1.1010840353264939e-05,0.509035587310791
meanOT,0,5001,102,0.0037512837443500757,1.4073939382797107e-05,6.937378202565014e-06,0.5035743117332458
meanOT,0,5001,103,0.004648319445550442,2.1650330381817184e-05,1.0139354344573803e-05,0.5166301727294922
meanOT,0,5001,104,0.004067066591233015,1.6547219274798408e-05,7.963825737533625e-06,0.5096296668052673
meanOT,0,5001,105,0.004698236472904682,2.208020305261016e-05,1.0614705388434231e-05,0.5099178552627563
meanOT,0,5001,106,0.0038726255297660828,1.5002124200691469e-05,7.238014404720161e-06,0.5090025663375854
meanOT,0,5001,107,0.0049115740694105625,2.415733615634963e-05,1.131409499066649e-05,0.5166150331497192
meanOT,0,5001,108,0.0031211997848004103,9.742087058839388e-06,4.840930614591343e-06,0.5015514492988586
meanOT,0,5001,109,0.003826795844361186,1.4647273019363638e-05,7.186705715866992e-06,0.5047389268875122
meanOT,0,5001,110,0.00526418536901474,2.7724483516067266e-05,1.3373075489653274e-05,0.509058952331543
meanOT,0,5001,111,0.004509330727159977,2.0336476154625416e-05,9.935653906723019e-06,0.5058156251907349
meanOT,0,5001,112,0.004421257879585028,1.9575079932110384e-05,9.250534276361577e-06,0.514305591583252
meanOT,0,5001,113,0.004412946291267872,1.948093449755106e-05,9.432227670913562e-06,0.508101761341095
meanOT,0,5001,114,0.004016100894659758,1.6136980775627308e-05,7.83491850597784e-06,0.5073961019515991
meanOT,0,5001,115,0.004464553203433752,1.993416663026437e-05,9.674262400949374e-06,0.5075079202651978
meanOT,0,5001,116,0.0036032088100910187,1.2985803550691344e-05,6.3618331296311226e-06,0.5051226019859314
meanOT,0,5001,117,0.003919732291251421,1.5366094885393977e-05,7.502113476220984e-06,0.505991518497467
meanOT,0,5001,118,0.004793150350451469,2.2983924282016233e-05,1.11681547423359e-05,0.5071936249732971
meanOT,0,5001,119,0.004623440094292164,2.137959199899342e-05,1.0438938261358999e-05,0.5059692859649658
meanOT,0,5001,120,0.0038812411949038506,1.5066005289554596e-05,7.388759513560217e-06,0.5048549771308899
meanOT,0,5001,121,0.0033232467249035835,1.1046173312934116e-05,5.414761290012393e-06,0.5049751996994019
meanOT,0,5001,122,0.0035745888017117977,1.2778954442183021e-05,6.3050979406398255e-06,0.5033328533172607
meanOT,0,5001,123,0.003818739205598831,1.4583818483515643e-05,7.202248980320292e-06,0.5031007528305054
meanOT,0,5001,124,0.003940231632441282,1.5526587958447635e-05,7.647184247616678e-06,0.5037795305252075
meanOT,0,5001,125,0.0038657046388834715,1.4945473594707437e-05,7.340682259382447e-06,0.5044753551483154
meanOT,0,5001,126,0.0038566894363611937,1.487723693571752e-05,7.190323231043294e-06,0.5085576772689819
meanOT,0,5001,127,0.0037212076131254435,1.3849794413545169e-05,6.748055966454558e-06,0.5065072774887085
meanOT,0,50000,0,0.19836299121379852,0.06227053701877594,0.016215074807405472,0.686598539352417
meanOT,0,50000,1,0.24296270310878754,0.07778038084506989,0.020474916324019432,0.6813410520553589
meanOT,0,50000,2,0.32545432448387146,0.12216228991746902,0.03167666867375374,0.681929349899292
meanOT,0,50000,3,0.345212459564209,0.14559727907180786,0.05782104656100273,0.5433855056762695
meanOT,0,50000,4,0.3119039535522461,0.13907507061958313,0.030463024973869324,0.7417733669281006
meanOT,0,50000,5,0.2038465291261673,0.07184633612632751,0.016833875328302383,0.7218865156173706
meanOT,0,50000,6,0.3053256571292877,0.11333979666233063,0.028440559282898903,0.6928203701972961
meanOT,0,50000,7,0.3741341829299927,0.15831375122070312,0.053223248571157455,0.5919601917266846
meanOT,0,50000,8,0.34531888365745544,0.1403682827949524,0.0345488078892231,0.6982117295265198
meanOT,0,50000,9,0.24882248044013977,0.07399550825357437,0.01809803955256939,0.7068482637405396
meanOT,0,50000,10,0.2957157790660858,0.09907370060682297,0.04101917892694473,0.5373560190200806
meanOT,0,50000,11,0.5485255122184753,0.36535197496414185,0.11606460064649582,0.5871327519416809
meanOT,0,50000,12,0.194748654961586,0.044845279306173325,0.01570906676352024,0.5907827615737915
meanOT,0,50000,13,0.23018482327461243,0.07856617122888565,0.02835998684167862,0.5789909362792969
meanOT,0,50000,14,0.39332786202430725,0.18622148036956787,0.04549609124660492,0.6964511871337891
meanOT,0,50000,15,0.2948093116283417,0.14006012678146362,0.03663991019129753,0.6746037602424622
meanOT,0,50000,16,0.324201762676239,0.13232359290122986,0.041735559701919556,0.6146986484527588
meanOT,0,50000,17,0.5628124475479126,0.4016337990760803,0.1291634440422058,0.5799580812454224
meanOT,0,50000,18,0.23639433085918427,0.07171770930290222,0.02651725895702839,0.5718083381652832
meanOT,0,50000,19,0.2682826519012451,0.08134914934635162,0.025780903175473213,0.619411289691925
meanOT,0,50000,20,0.2356174886226654,0.0713752806186676,0.021944856271147728,0.6302517652511597
meanOT,0,50000,21,0.31365519762039185,0.13323992490768433,0.028110558167099953,0.7573097944259644
meanOT,0,50000,22,0.31532809138298035,0.11383507400751114,0.04040811210870743,0.5806918144226074
meanOT,0,50000,23,0.2672745883464813,0.09618793427944183,0.0324520543217659,0.598098874092102
meanOT,0,50000,24,0.2679559588432312,0.08983282744884491,0.02744346112012863,0.6288453340530396
meanOT,0,50000,25,0.34754884243011475,0.13660144805908203,0.04738969728350639,0.5847800970077515
meanOT,0,50000,26,0.2508900761604309,0.0800112634897232,0.020842837169766426,0.6831186413764954
meanOT,0,50000,27,0.23923996090888977,0.08760745823383331,0.019444862380623817,0.7413601875305176
meanOT,0,50000,28,0.3197728097438812,0.13117137551307678,0.02700602263212204,0.7667367458343506
meanOT,0,50000,29,0.2580595910549164,0.09080080687999725,0.02310561016201973,0.6920837163925171
meanOT,0,50000,30,0.23027615249156952,0.07402721792459488,0.017874853685498238,0.7117598056793213
meanOT,0,50000,31,0.2595066726207733,0.08463777601718903,0.021467993035912514,0.6918909549713135
meanOT,0,50000,32,0.3177773654460907,0.14782212674617767,0.048640307039022446,0.6000500321388245
meanOT,0,50000,33,0.27112266421318054,0.08699928224086761,0.03111790493130684,0.581244945526123
meanOT,0,50000,34,0.2814425230026245,0.09015218913555145,0.026347676292061806,0.642745316028595
meanOT,0,50000,35,0.20392294228076935,0.0633472427725792,0.018899591639637947,0.6397509574890137
meanOT,0,50000,36,0.24390175938606262,0.07567046582698822,0.020797356963157654,0.6665205359458923
meanOT,0,50000,37,0.22663921117782593,0.06463044881820679,0.019363392144441605,0.6391472220420837
meanOT,0,50000,38,0.252047598361969,0.07447473704814911,0.024098513647913933,0.6123393177986145
meanOT,0,50000,39,0.2551949918270111,0.08999361842870712,0.02561444416642189,0.6539031863212585
meanOT,0,50000,40,0.20617274940013885,0.06972874701023102,0.015614725649356842,0.7389278411865234
meanOT,0,50000,41,0.3051654100418091,0.1286681890487671,0.03581991791725159,0.6572269797325134
meanOT,0,50000,42,0.241933211684227,0.08141033351421356,0.02160225249826908,0.6778332591056824
meanOT,0,50000,43,0.19627995789051056,0.05347488820552826,0.012945180758833885,0.7104873657226562
meanOT,0,50000,44,0.2670106291770935,0.09266577661037445,0.02567388117313385,0.6613442897796631
meanOT,0,50000,45,0.2553834319114685,0.07159479707479477,0.025424448773264885,0.584901750087738
meanOT,0,50000,46,0.30464404821395874,0.11633937060832977,0.04541753605008125,0.5513216853141785
meanOT,0,50000,47,0.3377092182636261,0.14744216203689575,0.03580914065241814,0.702292799949646
meanOT,0,50000,48,0.17191489040851593,0.07779272645711899,0.018149254843592644,0.7232135534286499
meanOT,0,50000,49,0.23873484134674072,0.06544715166091919,0.015073009766638279,0.7283533215522766
meanOT,0,50000,50,0.2106669396162033,0.06316286325454712,0.016561107710003853,0.6842638850212097
meanOT,0,50000,51,0.23479127883911133,0.06594684720039368,0.02207960933446884,0.6027250289916992
meanOT,0,50000,52,0.22949108481407166,0.07245314866304398,0.01637563481926918,0.7359949350357056
meanOT,0,50000,53,0.2698010504245758,0.08042722195386887,0.03836056590080261,0.5007402896881104
meanOT,0,50000,54,0.27734771370887756,0.11709915846586227,0.025147033855319023,0.7497052550315857
meanOT,0,50000,55,0.2281167358160019,0.06369494646787643,0.015729185193777084,0.7014666199684143
meanOT,0,50000,56,0.3711678981781006,0.15833023190498352,0.04334065318107605,0.6586562395095825
meanOT,0,50000,57,0.30893996357917786,0.11269272118806839,0.033200036734342575,0.6399075388908386
meanOT,0,50000,58,0.2205434888601303,0.07772686332464218,0.022800814360380173,0.6432303190231323
meanOT,0,50000,59,0.24223290383815765,0.11784031987190247,0.02642250806093216,0.7342639565467834
meanOT,0,50000,60,0.26206761598587036,0.08227899670600891,0.027204204350709915,0.6059468984603882
meanOT,0,50000,61,0.31185781955718994,0.1261725127696991,0.04127883538603783,0.6043064594268799
meanOT,0,50000,62,0.2021123766899109,0.07160086184740067,0.018156331032514572,0.6937882900238037
meanOT,0,50000,63,0.29769572615623474,0.11603812873363495,0.03234206885099411,0.6569104790687561
meanOT,0,50000,64,0.22692826390266418,0.06663389503955841,0.018383055925369263,0.6659871339797974
meanOT,0,50000,65,0.2798847556114197,0.09067823737859726,0.01906481385231018,0.7616575956344604
meanOT,0,50000,66,0.24483628571033478,0.07059437781572342,0.022738764062523842,0.6149784326553345
meanOT,0,50000,67,0.25685444474220276,0.08457745611667633,0.027385085821151733,0.6108479499816895
meanOT,0,50000,68,0.3296775221824646,0.13083498179912567,0.03679046407341957,0.6524304151535034
meanOT,0,50000,69,0.24306975305080414,0.08604305982589722,0.019446277990937233,0.7350479960441589
meanOT,0,50000,70,0.24930766224861145,0.07568347454071045,0.024863218888640404,0.6071360111236572
meanOT,0,50000,71,0.28481075167655945,0.09316560626029968,0.03396618366241455,0.574593186378479
meanOT,0,50000,72,0.34478169679641724,0.14170968532562256,0.034862980246543884,0.6982378959655762
meanOT,0,50000,73,0.22619499266147614,0.05834335461258888,0.015872005373239517,0.6721240282058716
meanOT,0,50000,74,0.2756766080856323,0.09979618340730667,0.022092180326581,0.74256432056427
meanOT,0,50000,75,0.18539641797542572,0.06882771849632263,0.02004990540444851,0.6470279693603516
meanOT,0,50000,76,0.2874760925769806,0.1094852015376091,0.029294956475496292,0.6702532768249512
meanOT,0,50000,77,0.2712157070636749,0.08084122836589813,0.02073793299496174,0.6878536343574524
meanOT,0,50000,78,0.3604985773563385,0.15742230415344238,0.03953520953655243,0.689372718334198
meanOT,0,50000,79,0.25594469904899597,0.08414412289857864,0.029420990496873856,0.5876984596252441
meanOT,0,50000,80,0.253225177526474,0.08282360434532166,0.024486443027853966,0.6411139965057373
meanOT,0,50000,81,0.18866801261901855,0.06206491217017174,0.01398274302482605,0.738256573677063
meanOT,0,50000,82,0.2167847901582718,0.062158696353435516,0.017885031178593636,0.6523171663284302
meanOT,0,50000,83,0.23057447373867035,0.06937608122825623,0.023271389305591583,0.6029256582260132
meanOT,0,50000,84,0.2856583297252655,0.09086182713508606,0.021428514271974564,0.7194532155990601
meanOT,0,50000,85,0.21103204786777496,0.06305035948753357,0.01486107986420393,0.722049355506897
meanOT,0,50000,86,0.31445035338401794,0.11957791447639465,0.041416898369789124,0.5875728130340576
meanOT,0,50000,87,0.21951745450496674,0.0866033062338829,0.024712515994906425,0.652802586555481
meanOT,0,50000,88,0.1773766130208969,0.05789535492658615,0.014274423010647297,0.7057639360427856
meanOT,0,50000,89,0.23309944570064545,0.08357752859592438,0.018516814336180687,0.7435593605041504
meanOT,0,50000,90,0.2278413623571396,0.0610525980591774,0.018426021561026573,0.6364395618438721
meanOT,0,50000,91,0.23414677381515503,0.08679795265197754,0.01928635686635971,0.741011917591095
meanOT,0,50000,92,0.24848410487174988,0.0898117944598198,0.02100575901567936,0.7185834050178528
meanOT,0,50000,93,0.2800251543521881,0.11246249824762344,0.026245545595884323,0.7171430587768555
meanOT,0,50000,94,0.2535770535469055,0.08217877894639969,0.02476104162633419,0.6345567107200623
meanOT,0,50000,95,0.21525047719478607,0.06706579029560089,0.02262301556766033,0.6000036001205444
meanOT,0,50000,96,0.23901072144508362,0.08141398429870605,0.024876348674297333,0.6309452056884766
meanOT,0,50000,97,0.3441482484340668,0.13832558691501617,0.03613243252038956,0.6783398389816284
meanOT,0,50000,98,0.20582182705402374,0.06526017934083939,0.015120144002139568,0.7272366285324097
meanOT,0,50000,99,0.2668232023715973,0.08951939642429352,0.023932572454214096,0.6733617782592773
meanOT,0,50000,100,0.23797957599163055,0.07829126715660095,0.020930597558617592,0.6759986877441406
meanOT,0,50000,101,0.22333034873008728,0.06309287995100021,0.01586756855249405,0.6982535123825073
meanOT,0,50000,102,0.2011314481496811,0.05749528110027313,0.01808817684650421,0.623526930809021
meanOT,0,50000,103,0.10298976302146912,0.026683365926146507,0.0047278194688260555,0.8317533135414124
meanOT,0,50000,104,0.2299066036939621,0.06277139484882355,0.014536647126078606,0.727482259273529
meanOT,0,50000,105,0.2955676317214966,0.11126822233200073,0.03139064088463783,0.6543738842010498
meanOT,0,50000,106,0.2322695106267929,0.07573119550943375,0.015271692536771297,0.7803020477294922
meanOT,0,50000,107,0.18672992289066315,0.08095240592956543,0.016442082822322845,0.7754418849945068
meanOT,0,50000,108,0.248105987906456,0.0933806300163269,0.03113372251391411,0.6005626916885376
meanOT,0,50000,109,0.2334670126438141,0.08527436852455139,0.025868715718388557,0.6300517916679382
meanOT,0,50000,110,0.26426446437835693,0.10055304318666458,0.024419670924544334,0.7066037654876709
meanOT,0,50000,111,0.24497583508491516,0.11929275840520859,0.030638696625828743,0.6864380836486816
meanOT,0,50000,112,0.1388508677482605,0.07709994167089462,0.01601433753967285,0.7661635875701904
meanOT,0,50000,113,0.27136605978012085,0.09947831183671951,0.023282751441001892,0.7209291458129883
meanOT,0,50000,114,0.22181084752082825,0.07095800340175629,0.018551861867308617,0.6845468282699585
meanOT,0,50000,115,0.2583118975162506,0.09643147140741348,0.02423745021224022,0.6938449740409851
meanOT,0,50000,116,0.2795417010784149,0.08968411386013031,0.03199555724859238,0.5803189277648926
meanOT,0,50000,117,0.23302103579044342,0.08765116333961487,0.026920907199382782,0.627639889717102
meanOT,0,50000,118,0.26472607254981995,0.14721699059009552,0.039352115243673325,0.6697874665260315
meanOT,0,50000,119,0.25089791417121887,0.07465271651744843,0.018516896292567253,0.7002919912338257
meanOT,0,50000,120,0.37471717596054077,0.1590394675731659,0.04356051981449127,0.6584295034408569
meanOT,0,50000,121,0.2512526512145996,0.08784519135951996,0.028541220352053642,0.6103765368461609
meanOT,0,50000,122,0.36499887704849243,0.17843572795391083,0.05638863891363144,0.610228419303894
meanOT,0,50000,123,0.23609404265880585,0.07488980144262314,0.02358194999396801,0.6198514103889465
meanOT,0,50000,124,0.26892536878585815,0.08486837893724442,0.025440776720643044,0.6366127729415894
meanOT,0,50000,125,0.28090402483940125,0.09746481478214264,0.027333347126841545,0.6571460962295532
meanOT,0,50000,126,0.2009473741054535,0.0678265392780304,0.017246821895241737,0.6931473016738892
meanOT,0,50000,127,0.23276789486408234,0.07711648941040039,0.018678486347198486,0.7081155776977539
meanOT,0,100000,0,0.12963418662548065,0.027535829693078995,0.00704393582418561,0.6947845220565796
meanOT,0,100000,1,0.14891023933887482,0.0331907719373703,0.008046654053032398,0.7141846418380737
meanOT,0,100000,2,0.2963826358318329,0.10314720124006271,0.023124346509575844,0.7359159588813782
meanOT,0,100000,3,0.3630486726760864,0.14546498656272888,0.05129963159561157,0.5787602663040161
meanOT,0,100000,4,0.18967849016189575,0.046183109283447266,0.009442686103284359,0.7760038375854492
meanOT,0,100000,5,0.13442260026931763,0.024847278371453285,0.006901122163981199,0.6670870184898376
meanOT,0,100000,6,0.18324515223503113,0.05604865401983261,0.013965555466711521,0.7027732729911804
meanOT,0,100000,7,0.32476988434791565,0.12409714609384537,0.03566952049732208,0.6449806690216064
meanOT,0,100000,8,0.21320226788520813,0.071725994348526,0.014693234115839005,0.7733427882194519
meanOT,0,100000,9,0.1153976246714592,0.015219484455883503,0.004144861362874508,0.673766553401947
meanOT,0,100000,10,0.14179891347885132,0.02338726818561554,0.010469593107700348,0.5240948796272278
meanOT,0,100000,11,0.28544580936431885,0.12848606705665588,0.042433831840753555,0.5977619886398315
meanOT,0,100000,12,0.13260164856910706,0.022395124658942223,0.00876559317111969,0.561253547668457
meanOT,0,100000,13,0.2416604608297348,0.07347221672534943,0.026897234842181206,0.5761416554450989
meanOT,0,100000,14,0.1977287083864212,0.058696817606687546,0.011971557512879372,0.7740979194641113
meanOT,0,100000,15,0.14758186042308807,0.02605661377310753,0.008562066592276096,0.6125365495681763
meanOT,0,100000,16,0.26221275329589844,0.07448356598615646,0.019751999527215958,0.6787508726119995
meanOT,0,100000,17,0.2779586911201477,0.1337135285139084,0.047776978462934494,0.5737386345863342
meanOT,0,100000,18,0.11744283884763718,0.01770530268549919,0.006907767616212368,0.5627092123031616
meanOT,0,100000,19,0.19915755093097687,0.04964689910411835,0.0166403166949749,0.6040958166122437
meanOT,0,100000,20,0.15545812249183655,0.030357934534549713,0.009514166042208672,0.627920389175415
meanOT,0,100000,21,0.2430439293384552,0.0723956823348999,0.013691733591258526,0.8040159940719604
meanOT,0,100000,22,0.21479880809783936,0.05715778470039368,0.019403807818889618,0.5999040603637695
meanOT,0,100000,23,0.2712247669696808,0.09887725114822388,0.02575450763106346,0.6823598146438599
meanOT,0,100000,24,0.21102756261825562,0.048973917961120605,0.013498921878635883,0.6676145792007446
meanOT,0,100000,25,0.2368442267179489,0.08709711581468582,0.03045228123664856,0.5878480672836304
meanOT,0,100000,26,0.18244585394859314,0.039982203394174576,0.009790322743356228,0.7086862325668335
meanOT,0,100000,27,0.15832637250423431,0.03576221317052841,0.0093867601826787,0.6846275925636292
meanOT,0,100000,28,0.15357482433319092,0.027884557843208313,0.005600468721240759,0.7854006290435791
meanOT,0,100000,29,0.1206711009144783,0.01971360854804516,0.005928050260990858,0.6421191096305847
meanOT,0,100000,30,0.25309303402900696,0.07274584472179413,0.016369186341762543,0.7387670278549194
meanOT,0,100000,31,0.18775950372219086,0.04031914845108986,0.009581645019352436,0.7198354601860046
meanOT,0,100000,32,0.27515092492103577,0.09313499927520752,0.03182505816221237,0.5936053991317749
meanOT,0,100000,33,0.27963703870773315,0.09202790260314941,0.03253705054521561,0.5834345817565918
meanOT,0,100000,34,0.21577435731887817,0.05656681954860687,0.016628379002213478,0.6449202299118042
meanOT,0,100000,35,0.1962755173444748,0.046368345618247986,0.013023276813328266,0.6617954969406128
meanOT,0,100000,36,0.13216975331306458,0.026665057986974716,0.007897951640188694,0.6443539261817932
meanOT,0,100000,37,0.1331101506948471,0.02010374516248703,0.007822846062481403,0.5641466379165649
meanOT,0,100000,38,0.2397967278957367,0.07232042402029037,0.022196050733327866,0.6287152171134949
meanOT,0,100000,39,0.2754110097885132,0.08597904443740845,0.0232759490609169,0.6701750755310059
meanOT,0,100000,40,0.14241361618041992,0.02355300635099411,0.005432415287941694,0.7337331175804138
meanOT,0,100000,41,0.2089197337627411,0.06300488859415054,0.016569456085562706,0.6824296712875366
meanOT,0,100000,42,0.14875799417495728,0.032110702246427536,0.006640249863266945,0.7738474607467651
meanOT,0,100000,43,0.1705465167760849,0.032140303403139114,0.00813808012753725,0.6986359357833862
meanOT,0,100000,44,0.13178136944770813,0.02529805153608322,0.008476156741380692,0.6075308322906494
meanOT,0,100000,45,0.20113886892795563,0.049897123128175735,0.01386323757469654,0.6649779081344604
meanOT,0,100000,46,0.31986841559410095,0.1245458722114563,0.038458362221717834,0.6224499940872192
meanOT,0,100000,47,0.16737020015716553,0.03547009080648422,0.009146499447524548,0.6919004917144775
meanOT,0,100000,48,0.13490012288093567,0.026064515113830566,0.007087226025760174,0.6745668053627014
meanOT,0,100000,49,0.19653157889842987,0.051863960921764374,0.01211798470467329,0.7236208915710449
meanOT,0,100000,50,0.10472572594881058,0.01444825530052185,0.0039016290102154016,0.676814079284668
meanOT,0,100000,51,0.13026870787143707,0.02371518313884735,0.0069426363334059715,0.6489278078079224
meanOT,0,100000,52,0.1532110869884491,0.030674481764435768,0.00780017115175724,0.6955181360244751
meanOT,0,100000,53,0.2784404158592224,0.08440729975700378,0.027896681800484657,0.6056957840919495
meanOT,0,100000,54,0.1615564227104187,0.042035408318042755,0.009668879210948944,0.7306090593338013
meanOT,0,100000,55,0.12271080911159515,0.02710670791566372,0.0066244518384337425,0.709748387336731
meanOT,0,100000,56,0.24933363497257233,0.07099553197622299,0.018230155110359192,0.6895148754119873
meanOT,0,100000,57,0.26876333355903625,0.08024046570062637,0.022955823689699173,0.651135265827179
meanOT,0,100000,58,0.15887582302093506,0.03251054510474205,0.010013982653617859,0.6324968338012695
meanOT,0,100000,59,0.15631309151649475,0.02974720671772957,0.006375256925821304,0.760095477104187
meanOT,0,100000,60,0.298481822013855,0.09837523102760315,0.02430427446961403,0.7010909914970398
meanOT,0,100000,61,0.1297447234392166,0.0314607247710228,0.010336630046367645,0.611383318901062
meanOT,0,100000,62,0.115256167948246,0.024378933012485504,0.0058060334995388985,0.7216778993606567
meanOT,0,100000,63,0.2264740914106369,0.07345505058765411,0.019953306764364243,0.6707104444503784
meanOT,0,100000,64,0.21904192864894867,0.05514509975910187,0.01380898617208004,0.7002118825912476
meanOT,0,100000,65,0.13618068397045135,0.025416716933250427,0.005972734652459621,0.7250684499740601
meanOT,0,100000,66,0.14260274171829224,0.026241842657327652,0.009580101817846298,0.5809242129325867
meanOT,0,100000,67,0.2061554342508316,0.05840206891298294,0.016522135585546494,0.6571899652481079
meanOT,0,100000,68,0.27891767024993896,0.09689551591873169,0.02596643753349781,0.6721391081809998
meanOT,0,100000,69,0.15509118139743805,0.03659149631857872,0.008507953956723213,0.7264904975891113
meanOT,0,100000,70,0.14026802778244019,0.027120251208543777,0.008989149704575539,0.608900785446167
meanOT,0,100000,71,0.15638984739780426,0.027715791016817093,0.01141951885074377,0.5460478067398071
meanOT,0,100000,72,0.2135198712348938,0.07114274799823761,0.014570148661732674,0.7735005617141724
meanOT,0,100000,73,0.13745084404945374,0.021977730095386505,0.006265017203986645,0.658357560634613
meanOT,0,100000,74,0.18682585656642914,0.050985854119062424,0.011526551097631454,0.7369838953018188
meanOT,0,100000,75,0.13627587258815765,0.024990927428007126,0.007278038654476404,0.6492732763290405
meanOT,0,100000,76,0.22578562796115875,0.06137814372777939,0.015701381489634514,0.6930264234542847
meanOT,0,100000,77,0.11897696554660797,0.017725571990013123,0.004844137467443943,0.6730852127075195
meanOT,0,100000,78,0.20002160966396332,0.05691585689783096,0.011741505935788155,0.7698092460632324
meanOT,0,100000,79,0.30149737000465393,0.10182556509971619,0.02803775854408741,0.6614882946014404
meanOT,0,100000,80,0.15243494510650635,0.02959948591887951,0.008229891769587994,0.6649177074432373
meanOT,0,100000,81,0.13088451325893402,0.030485350638628006,0.00639700423926115,0.7686288356781006
meanOT,0,100000,82,0.20823590457439423,0.04705670848488808,0.011138669215142727,0.7216770052909851
meanOT,0,100000,83,0.23293592035770416,0.06433214247226715,0.01737094484269619,0.6724735498428345
meanOT,0,100000,84,0.24763956665992737,0.07624215632677078,0.0165092796087265,0.7511481046676636
meanOT,0,100000,85,0.11537270247936249,0.020252732560038567,0.005027916748076677,0.7064124941825867
meanOT,0,100000,86,0.3084021210670471,0.114949069917202,0.02946614846587181,0.6870598196983337
meanOT,0,100000,87,0.23063558340072632,0.06568949669599533,0.01613360270857811,0.7060012221336365
meanOT,0,100000,88,0.15953275561332703,0.037140749394893646,0.008553714491426945,0.7309823632240295
meanOT,0,100000,89,0.09936786442995071,0.025106988847255707,0.005529157351702452,0.7471010684967041
meanOT,0,100000,90,0.16931164264678955,0.03559146821498871,0.009613403119146824,0.6767098903656006
meanOT,0,100000,91,0.1505972445011139,0.03313901275396347,0.008706181310117245,0.6845436692237854
meanOT,0,100000,92,0.14705902338027954,0.029557576403021812,0.007756541017442942,0.6851812601089478
meanOT,0,100000,93,0.13006474077701569,0.03392782434821129,0.007918245159089565,0.7236687541007996
meanOT,0,100000,94,0.3101159334182739,0.10484981536865234,0.024611549451947212,0.7183311581611633
meanOT,0,100000,95,0.10939439386129379,0.026612378656864166,0.009107100777328014,0.6005145907402039
meanOT,0,100000,96,0.0937487855553627,0.022842682898044586,0.00789330992847681,0.59725022315979
meanOT,0,100000,97,0.20925931632518768,0.05403737723827362,0.014543088153004646,0.6746979355812073
meanOT,0,100000,98,0.10717582702636719,0.014856399968266487,0.003921483643352985,0.68470299243927
meanOT,0,100000,99,0.20559187233448029,0.061926208436489105,0.012413584627211094,0.7833930253982544
meanOT,0,100000,100,0.1618291437625885,0.03332086279988289,0.0079825883731246,0.7170674204826355
meanOT,0,100000,101,0.12115352600812912,0.01822390779852867,0.005355470813810825,0.649872899055481
meanOT,0,100000,102,0.10247284919023514,0.014093676581978798,0.0050346264615654945,0.5892876386642456
meanOT,0,100000,103,0.1066887304186821,0.01967473328113556,0.004247382748872042,0.757501482963562
meanOT,0,100000,104,0.12902706861495972,0.026697026565670967,0.005588785279542208,0.7665289640426636
meanOT,0,100000,105,0.14868029952049255,0.029737509787082672,0.007900528609752655,0.6809341907501221
meanOT,0,100000,106,0.12168893963098526,0.018311671912670135,0.00392772676423192,0.7583352327346802
meanOT,0,100000,107,0.08809956163167953,0.018648600205779076,0.004018194042146206,0.7575795650482178
meanOT,0,100000,108,0.2359866052865982,0.06564876437187195,0.02228493243455887,0.598943293094635
meanOT,0,100000,109,0.13781419396400452,0.024879910051822662,0.007130504585802555,0.6562729477882385
meanOT,0,100000,110,0.18382088840007782,0.05903200805187225,0.012435104697942734,0.7629193663597107
meanOT,0,100000,111,0.12219040840864182,0.028377559036016464,0.00706432806327939,0.7025158405303955
meanOT,0,100000,112,0.11874925345182419,0.02433055266737938,0.00441338075324893,0.8229604959487915
meanOT,0,100000,113,0.16753704845905304,0.03885204344987869,0.008850418031215668,0.7362186908721924
meanOT,0,100000,114,0.10891448706388474,0.015545014292001724,0.004189970437437296,0.6773161888122559
meanOT,0,100000,115,0.22881537675857544,0.06849454343318939,0.015055811032652855,0.7466838359832764
meanOT,0,100000,116,0.12394638359546661,0.017726272344589233,0.007695748005062342,0.5336641669273376
meanOT,0,100000,117,0.1521882563829422,0.03729815036058426,0.011533449403941631,0.6301190853118896
meanOT,0,100000,118,0.24166424572467804,0.06999697536230087,0.021338239312171936,0.6328597068786621
meanOT,0,100000,119,0.15253210067749023,0.02892632596194744,0.007417362183332443,0.6940560340881348
meanOT,0,100000,120,0.24580714106559753,0.06835014373064041,0.017560379579663277,0.689568817615509
meanOT,0,100000,121,0.1389077752828598,0.023457728326320648,0.008192122913897038,0.5949839353561401
meanOT,0,100000,122,0.22354340553283691,0.06239914894104004,0.024401061236858368,0.5572360754013062
meanOT,0,100000,123,0.14148323237895966,0.027102667838335037,0.007321647368371487,0.6761486530303955
meanOT,0,100000,124,0.2190963178873062,0.0695032924413681,0.01844358630478382,0.6775259971618652
meanOT,0,100000,125,0.2320735603570938,0.06507734954357147,0.018889499828219414,0.6481437683105469
meanOT,0,100000,126,0.1270117312669754,0.029002446681261063,0.006892252713441849,0.7220641374588013
meanOT,0,100000,127,0.1340397745370865,0.02133028395473957,0.005027603358030319,0.7230571508407593
meanOT,0,250000,0,0.27775511145591736,0.10875510424375534,0.018731599673628807,0.841977596282959
meanOT,0,250000,1,0.12918594479560852,0.03382933884859085,0.009199806489050388,0.6677703857421875
meanOT,0,250000,2,0.5583197474479675,0.38667744398117065,0.11350549757480621,0.6137794256210327
meanOT,0,250000,3,0.6263296604156494,0.45404568314552307,0.15075400471687317,0.5652602910995483
meanOT,0,250000,4,0.4600328207015991,0.25090616941452026,0.06068175658583641,0.6961185336112976
meanOT,0,250000,5,0.24389566481113434,0.09167425334453583,0.026533177122473717,0.6476244926452637
meanOT,0,250000,6,0.3567408323287964,0.18654097616672516,0.034483324736356735,0.8036284446716309
meanOT,0,250000,7,0.570734441280365,0.39144057035446167,0.12417615950107574,0.5867829918861389
meanOT,0,250000,8,0.4788992702960968,0.27677446603775024,0.06461268663406372,0.7069234848022461
meanOT,0,250000,9,0.12173527479171753,0.027266185730695724,0.009132921695709229,0.6058822870254517
meanOT,0,250000,10,0.19166263937950134,0.05219072103500366,0.018974564969539642,0.5779221057891846
meanOT,0,250000,11,0.41563868522644043,0.21658068895339966,0.0762171745300293,0.5707151889801025
meanOT,0,250000,12,0.2538977563381195,0.09991416335105896,0.02852931059896946,0.6465785503387451
meanOT,0,250000,13,0.4068295657634735,0.20755046606063843,0.04074258357286453,0.7807478904724121
meanOT,0,250000,14,0.541418731212616,0.3496471643447876,0.08701158314943314,0.6759809255599976
meanOT,0,250000,15,0.20918799936771393,0.06105414032936096,0.02493257075548172,0.5444334149360657
meanOT,0,250000,16,0.5016576051712036,0.32784608006477356,0.07798941433429718,0.6943472027778625
meanOT,0,250000,17,0.31972548365592957,0.13657814264297485,0.05366988480091095,0.546698808670044
meanOT,0,250000,18,0.3064025044441223,0.12441638857126236,0.02965938113629818,0.7056607604026794
meanOT,0,250000,19,0.39686766266822815,0.21223585307598114,0.03688801825046539,0.8308586478233337
meanOT,0,250000,20,0.2977432310581207,0.0987766832113266,0.03315667435526848,0.5989744663238525
meanOT,0,250000,21,0.40820538997650146,0.2071167230606079,0.05425743758678436,0.6705344915390015
meanOT,0,250000,22,0.6485496163368225,0.49265509843826294,0.13894440233707428,0.61677086353302
meanOT,0,250000,23,0.5758035778999329,0.38752901554107666,0.10869894921779633,0.6292374134063721
meanOT,0,250000,24,0.538454532623291,0.34833937883377075,0.09742109477519989,0.6347475051879883
meanOT,0,250000,25,0.6535578966140747,0.5157636404037476,0.1503545343875885,0.6029388308525085
meanOT,0,250000,26,0.30179116129875183,0.11781306564807892,0.023428279906511307,0.779102087020874
meanOT,0,250000,27,0.20525553822517395,0.056561026722192764,0.011647715233266354,0.7727043032646179
meanOT,0,250000,28,0.4808565080165863,0.26318567991256714,0.06633332371711731,0.6797073483467102
meanOT,0,250000,29,0.16948993504047394,0.04143990948796272,0.00955417100340128,0.7290248870849609
meanOT,0,250000,30,0.5754064321517944,0.40787726640701294,0.10603690892457962,0.6549907326698303
meanOT,0,250000,31,0.26677876710891724,0.10533904284238815,0.01731296442449093,0.8621215224266052
meanOT,0,250000,32,0.7029609084129333,0.5670074224472046,0.1614656150341034,0.6061898469924927
meanOT,0,250000,33,0.6117969155311584,0.43707337975502014,0.1360308825969696,0.5887054204940796
meanOT,0,250000,34,0.5126643180847168,0.32921916246414185,0.08884574472904205,0.6490222811698914
meanOT,0,250000,35,0.5944854617118835,0.41896939277648926,0.10747603327035904,0.6590467691421509
meanOT,0,250000,36,0.2968725264072418,0.09255488216876984,0.03271268308162689,0.5831077098846436
meanOT,0,250000,37,0.28674814105033875,0.10817864537239075,0.040037211030721664,0.5658016800880432
meanOT,0,250000,38,0.6406432390213013,0.4724293351173401,0.1316981017589569,0.6232857704162598
meanOT,0,250000,39,0.5895112156867981,0.42303091287612915,0.1200043186545372,0.6217032670974731
meanOT,0,250000,40,0.19757018983364105,0.049362123012542725,0.012650396674871445,0.6884579062461853
meanOT,0,250000,41,0.2138848900794983,0.05664793401956558,0.01648135297000408,0.6476267576217651
meanOT,0,250000,42,0.4480128288269043,0.23765680193901062,0.06520230323076248,0.6519566774368286
meanOT,0,250000,43,0.49885138869285583,0.3018434941768646,0.08552920073270798,0.6339653730392456
meanOT,0,250000,44,0.2652531564235687,0.08392452448606491,0.015773646533489227,0.8080896139144897
meanOT,0,250000,45,0.5923939347267151,0.41919100284576416,0.12684893608093262,0.6001745462417603
meanOT,0,250000,46,0.5945528745651245,0.4094378352165222,0.12383429706096649,0.6015139818191528
meanOT,0,250000,47,0.5916224122047424,0.40069830417633057,0.09478676319122314,0.6906846761703491
meanOT,0,250000,48,0.24614863097667694,0.07719509303569794,0.022610850632190704,0.6422794461250305
meanOT,0,250000,49,0.21894453465938568,0.08726505190134048,0.01532655768096447,0.8318513035774231
meanOT,0,250000,50,0.17285896837711334,0.041469402611255646,0.007788955699652433,0.8091215491294861
meanOT,0,250000,51,0.19169901311397552,0.05260802060365677,0.02137834206223488,0.5462707877159119
meanOT,0,250000,52,0.316134512424469,0.1807352602481842,0.04026598110795021,0.7328852415084839
meanOT,0,250000,53,0.6395578384399414,0.5267832279205322,0.1543392837047577,0.6000614166259766
meanOT,0,250000,54,0.5571891069412231,0.38158878684043884,0.08972005546092987,0.6950558423995972
meanOT,0,250000,55,0.22492220997810364,0.059793949127197266,0.013830868527293205,0.7288309335708618
meanOT,0,250000,56,0.5844542384147644,0.42992591857910156,0.135748952627182,0.5843521952629089
meanOT,0,250000,57,0.5731578469276428,0.4154665172100067,0.1201435998082161,0.6159752011299133
meanOT,0,250000,58,0.15789470076560974,0.030924120917916298,0.011257712729275227,0.5785635709762573
meanOT,0,250000,59,0.16949038207530975,0.05527430772781372,0.01075888704508543,0.7933285236358643
meanOT,0,250000,60,0.6032044291496277,0.4078495502471924,0.09790947288274765,0.6842385530471802
meanOT,0,250000,61,0.12616769969463348,0.024859175086021423,0.008985406719148159,0.5837720036506653
meanOT,0,250000,62,0.16968432068824768,0.0428251288831234,0.011729920282959938,0.6673517227172852
meanOT,0,250000,63,0.595305860042572,0.41640275716781616,0.11711174249649048,0.6257884502410889
meanOT,0,250000,64,0.5360854268074036,0.35481736063957214,0.08843343704938889,0.6754801273345947
meanOT,0,250000,65,0.16607502102851868,0.03550111502408981,0.01309497281908989,0.5769264698028564
meanOT,0,250000,66,0.3214798867702484,0.12627187371253967,0.04581058770418167,0.5702172517776489
meanOT,0,250000,67,0.5441746115684509,0.3459707498550415,0.0997968390583992,0.6243036985397339
meanOT,0,250000,68,0.596177875995636,0.4362924098968506,0.12166648358106613,0.6268537640571594
meanOT,0,250000,69,0.21055707335472107,0.06784860789775848,0.016023267060518265,0.7207719683647156
meanOT,0,250000,70,0.17543348670005798,0.051781609654426575,0.021727900952100754,0.5370886325836182
meanOT,0,250000,71,0.20006063580513,0.046961523592472076,0.01970108412206173,0.5372576117515564
meanOT,0,250000,72,0.4950582981109619,0.29066649079322815,0.0676577091217041,0.7068281173706055
meanOT,0,250000,73,0.12085629999637604,0.035151079297065735,0.01268194429576397,0.581133246421814
meanOT,0,250000,74,0.45848512649536133,0.24625298380851746,0.06574195623397827,0.6605616807937622
meanOT,0,250000,75,0.11923055350780487,0.03296684846282005,0.011709379963576794,0.5819451808929443
meanOT,0,250000,76,0.569348156452179,0.403601735830307,0.1163383200764656,0.6185101866722107
meanOT,0,250000,77,0.21470479667186737,0.06464967876672745,0.017827453091740608,0.6643508672714233
meanOT,0,250000,78,0.5103291869163513,0.30317074060440063,0.07849054038524628,0.6658378839492798
meanOT,0,250000,79,0.6258910298347473,0.4620051980018616,0.13208910822868347,0.6154550313949585
meanOT,0,250000,80,0.11303826421499252,0.017069892957806587,0.007977120578289032,0.5132604837417603
meanOT,0,250000,81,0.19213679432868958,0.05504395812749863,0.011951351538300514,0.7499793767929077
meanOT,0,250000,82,0.21268920600414276,0.06257858872413635,0.014482606202363968,0.727493405342102
meanOT,0,250000,83,0.5834473371505737,0.39747756719589233,0.10608915239572525,0.6465261578559875
meanOT,0,250000,84,0.5592225790023804,0.41656553745269775,0.10030939429998398,0.6821187734603882
meanOT,0,250000,85,0.14558368921279907,0.03584468364715576,0.007659238763153553,0.76034015417099
meanOT,0,250000,86,0.5225749611854553,0.3409774899482727,0.11111269146203995,0.5835122466087341
meanOT,0,250000,87,0.5076836347579956,0.32524216175079346,0.08729581534862518,0.6516603231430054
meanOT,0,250000,88,0.15993309020996094,0.03346163034439087,0.011653662659227848,0.5943421125411987
meanOT,0,250000,89,0.28177767992019653,0.11577264964580536,0.01970304176211357,0.8460016250610352
meanOT,0,250000,90,0.6321538686752319,0.5352369546890259,0.13796867430210114,0.6456221342086792
meanOT,0,250000,91,0.2123636156320572,0.060582589358091354,0.012490624561905861,0.7719271183013916
meanOT,0,250000,92,0.22384761273860931,0.10727251321077347,0.026441210880875587,0.7007438540458679
meanOT,0,250000,93,0.16696789860725403,0.04324693977832794,0.016678202897310257,0.5627713799476624
meanOT,0,250000,94,0.5296357870101929,0.344499796628952,0.08786391466856003,0.6682056188583374
meanOT,0,250000,95,0.09969770908355713,0.020462773740291595,0.009391242638230324,0.5138520002365112
meanOT,0,250000,96,0.11428263038396835,0.01497749425470829,0.008228015154600143,0.4709548354148865
meanOT,0,250000,97,0.5608709454536438,0.43778908252716064,0.11379685997962952,0.652053952217102
meanOT,0,250000,98,0.15128843486309052,0.0429181270301342,0.011829355731606483,0.6683985590934753
meanOT,0,250000,99,0.4245598018169403,0.22546732425689697,0.057350073009729385,0.6798677444458008
meanOT,0,250000,100,0.3271571695804596,0.13093218207359314,0.025582825765013695,0.7874104976654053
meanOT,0,250000,101,0.16666340827941895,0.04661417007446289,0.01191847212612629,0.693645179271698
meanOT,0,250000,102,0.24968577921390533,0.09730958193540573,0.015625018626451492,0.8738741874694824
meanOT,0,250000,103,0.21861906349658966,0.06607329845428467,0.009625633247196674,0.9152095317840576
meanOT,0,250000,104,0.14863727986812592,0.037095651030540466,0.009601022116839886,0.6892863512039185
meanOT,0,250000,105,0.20389404892921448,0.053844764828681946,0.02141752280294895,0.5504957437515259
meanOT,0,250000,106,0.11788783967494965,0.055756717920303345,0.01767534203827381,0.6210618019104004
meanOT,0,250000,107,0.1563529670238495,0.038934268057346344,0.009088908322155476,0.7259773015975952
meanOT,0,250000,108,0.25718095898628235,0.07862208783626556,0.026208069175481796,0.6005020141601562
meanOT,0,250000,109,0.156490296125412,0.04877454414963722,0.015776224434375763,0.6143394708633423
meanOT,0,250000,110,0.17629766464233398,0.06154178828001022,0.017284231260418892,0.6556157469749451
meanOT,0,250000,111,0.16566166281700134,0.045399025082588196,0.01764356531202793,0.5557574033737183
meanOT,0,250000,112,0.15957225859165192,0.038422562181949615,0.008526862598955631,0.7440999746322632
meanOT,0,250000,113,0.48897168040275574,0.27121809124946594,0.07333201915025711,0.6539115905761719
meanOT,0,250000,114,0.18432672321796417,0.047002725303173065,0.008828585036098957,0.8087073564529419
meanOT,0,250000,115,0.5583385825157166,0.3795824646949768,0.10460786521434784,0.6369636058807373
meanOT,0,250000,116,0.2500990033149719,0.114509716629982,0.03972052037715912,0.5856665968894958
meanOT,0,250000,117,0.18850809335708618,0.0536765493452549,0.017979944124817848,0.6040319800376892
meanOT,0,250000,118,0.6055396199226379,0.4528021812438965,0.1316186487674713,0.6106209754943848
meanOT,0,250000,119,0.2729349434375763,0.10606806725263596,0.04126233980059624,0.5524901151657104
meanOT,0,250000,120,0.5902732014656067,0.4417533278465271,0.13888809084892273,0.5845475196838379
meanOT,0,250000,121,0.16173823177814484,0.051262181252241135,0.015937797725200653,0.624814510345459
meanOT,0,250000,122,0.6004557013511658,0.4505898356437683,0.14578494429588318,0.5741528272628784
meanOT,0,250000,123,0.12724347412586212,0.021919235587120056,0.008475787937641144,0.5623116493225098
meanOT,0,250000,124,0.5762175917625427,0.4236863851547241,0.096196249127388,0.7044950127601624
meanOT,0,250000,125,0.6291833519935608,0.4951918125152588,0.12428790330886841,0.6597152948379517
meanOT,0,250000,126,0.150124192237854,0.03430265933275223,0.009401374496519566,0.6679471731185913
meanOT,0,250000,127,0.13969671726226807,0.028076117858290672,0.007824155502021313,0.6664333343505859
meanOT,0,1000000,0,0.02944817766547203,0.004304896108806133,8.155028626788408e-05,2.549574375152588
meanOT,0,1000000,1,0.025460591539740562,0.0016594494227319956,0.00025878456654027104,0.8754029870033264
meanOT,0,1000000,2,0.05841615051031113,0.004312957637012005,0.0008108104229904711,0.804337739944458
meanOT,0,1000000,3,0.048107050359249115,0.004063369706273079,0.0006993153365328908,0.848309338092804
meanOT,0,1000000,4,0.03237611800432205,0.002919035032391548,0.0004360852763056755,0.9083287715911865
meanOT,0,1000000,5,0.026444517076015472,0.0012463551247492433,0.0001497564953751862,0.9522072672843933
meanOT,0,1000000,6,0.04237287864089012,0.0054327864199876785,0.0005969387129880488,1.0409958362579346
meanOT,0,1000000,7,0.08067043125629425,0.007932227104902267,0.0013492327416315675,0.8540456891059875
meanOT,0,1000000,8,0.04744865745306015,0.0038028168492019176,0.00048151970258913934,0.989711344242096
meanOT,0,1000000,9,0.030283650383353233,0.0012961364118382335,0.00029785072547383606,0.7234271764755249
meanOT,0,1000000,10,0.028968218713998795,0.0017667245119810104,0.0004121881793253124,0.7259910106658936
meanOT,0,1000000,11,0.026833564043045044,0.002119977492839098,0.0013270667986944318,0.4350418448448181
meanOT,0,1000000,12,0.035105302929878235,0.0025534573942422867,0.0005128025659359992,0.7723441123962402
meanOT,0,1000000,13,0.02651919797062874,0.0025412668474018574,0.00038120761746540666,0.9043895602226257
meanOT,0,1000000,14,0.025989510118961334,0.0028494754806160927,0.00038176646921783686,0.9412983655929565
meanOT,0,1000000,15,0.02817273698747158,0.0013114939210936427,0.0003604869998525828,0.6572297811508179
meanOT,0,1000000,16,0.040399421006441116,0.002486614277586341,0.00038843785296194255,0.8863362669944763
meanOT,0,1000000,17,0.022141791880130768,0.0015546402428299189,0.0009588105021975935,0.43899619579315186
meanOT,0,1000000,18,0.028527382761240005,0.0022603808902204037,0.0003546619263943285,0.874419093132019
meanOT,0,1000000,19,0.04013187810778618,0.004194434732198715,0.0002042097767116502,1.5718766450881958
meanOT,0,1000000,20,0.033977676182985306,0.0026302181649953127,0.00027917278930544853,1.0597553253173828
meanOT,0,1000000,21,0.03765542432665825,0.0021793576888740063,0.00024294888135045767,1.0522685050964355
meanOT,0,1000000,22,0.02883862890303135,0.0010266104945912957,0.00016897599562071264,0.8694849610328674
meanOT,0,1000000,23,0.04484354704618454,0.0036360560916364193,0.0005384224350564182,0.915102481842041
meanOT,0,1000000,24,0.027666740119457245,0.0014010576996952295,0.00018797699885908514,0.9602982997894287
meanOT,0,1000000,25,0.05038788914680481,0.004659080412238836,0.0010879572946578264,0.7246966361999512
meanOT,0,1000000,26,0.030577175319194794,0.003922036848962307,0.0004797864821739495,0.9966467618942261
meanOT,0,1000000,27,0.0388358011841774,0.004184624645859003,0.0006365604931488633,0.8800496459007263
meanOT,0,1000000,28,0.045696597546339035,0.004342854022979736,0.0006572537240572274,0.9067963361740112
meanOT,0,1000000,29,0.02255660481750965,0.002779860980808735,0.00036751991137862206,0.9565632343292236
meanOT,0,1000000,30,0.046645402908325195,0.004249176941812038,0.0004138828662689775,1.1219027042388916
meanOT,0,1000000,31,0.030836299061775208,0.002876472659409046,0.0004361026512924582,0.8879623413085938
meanOT,0,1000000,32,0.06323818862438202,0.004910752177238464,0.0009516158024780452,0.8008557558059692
meanOT,0,1000000,33,0.03460231050848961,0.0018907809862866998,0.000324759166687727,0.8484618663787842
meanOT,0,1000000,34,0.06166843697428703,0.007040729746222496,0.0010733033996075392,0.9036557674407959
meanOT,0,1000000,35,0.046146146953105927,0.003170955227687955,0.0005728089599870145,0.8264831304550171
meanOT,0,1000000,36,0.018184388056397438,0.001107078860513866,0.00030464198789559305,0.6700754165649414
meanOT,0,1000000,37,0.017128627747297287,0.0008335030870512128,0.0002155047404812649,0.6862324476242065
meanOT,0,1000000,38,0.04855775460600853,0.003379794303327799,0.0006825262680649757,0.785785436630249
meanOT,0,1000000,39,0.04257412627339363,0.0025004360359162092,0.000435217865742743,0.8433936238288879
meanOT,0,1000000,40,0.029667753726243973,0.0020704420749098063,0.00027007958851754665,0.9566290378570557
meanOT,0,1000000,41,0.03570142388343811,0.0018555980641394854,0.00044480248470790684,0.7092499136924744
meanOT,0,1000000,42,0.03591568022966385,0.0018535265699028969,0.000180685892701149,1.1248713731765747
meanOT,0,1000000,43,0.07376252859830856,0.007489583920687437,0.001397230545990169,0.8105408549308777
meanOT,0,1000000,44,0.040005918592214584,0.0028332574293017387,0.00036818685475736856,0.9495179057121277
meanOT,0,1000000,45,0.08771194517612457,0.010550728999078274,0.0016910036792978644,0.8811571598052979
meanOT,0,1000000,46,0.0319492369890213,0.0026706289499998093,0.0004038264451082796,0.9043728709220886
meanOT,0,1000000,47,0.06262650340795517,0.006026103626936674,0.0009742597467266023,0.8757106065750122
meanOT,0,1000000,48,0.02170921303331852,0.0013184829149395227,0.00020232218957971781,0.8650426864624023
meanOT,0,1000000,49,0.034205611795186996,0.0024299127981066704,0.0003651578153949231,0.8800192475318909
meanOT,0,1000000,50,0.02601803094148636,0.004144088365137577,0.00010941890650428832,2.126558303833008
meanOT,0,1000000,51,0.02561129257082939,0.001474856398999691,0.00038365821819752455,0.6711505651473999
meanOT,0,1000000,52,0.05268053710460663,0.0051652053371071815,0.000788311124779284,0.8934363126754761
meanOT,0,1000000,53,0.04359245300292969,0.0029215700924396515,0.00047290869406424463,0.8728857040405273
meanOT,0,1000000,54,0.04617593064904213,0.003279433585703373,0.0004863794310949743,0.9147355556488037
meanOT,0,1000000,55,0.026931649073958397,0.0016265413723886013,0.00019014001009054482,1.011350154876709
meanOT,0,1000000,56,0.10573629289865494,0.014130866155028343,0.002385288942605257,0.8562098741531372
meanOT,0,1000000,57,0.062154170125722885,0.0055225626565515995,0.0009112628758884966,0.8650984764099121
meanOT,0,1000000,58,0.021155912429094315,0.000711244298145175,0.00020722461340483278,0.6449137926101685
meanOT,0,1000000,59,0.03873388096690178,0.0026134708896279335,0.00024911054060794413,1.1278719902038574
meanOT,0,1000000,60,0.042543698102235794,0.0024064555764198303,0.0003528742236085236,0.9184315204620361
meanOT,0,1000000,61,0.019604818895459175,0.000969052838627249,0.0002731960848905146,0.6497179865837097
meanOT,0,1000000,62,0.030485136434435844,0.003285518381744623,0.00038182022399269044,0.9947996139526367
meanOT,0,1000000,63,0.04751580208539963,0.0028008935041725636,0.00045414557098411024,0.8761720657348633
meanOT,0,1000000,64,0.05521383881568909,0.006205429323017597,0.0009503506007604301,0.899991512298584
meanOT,0,1000000,65,0.02706345170736313,0.002198808128014207,0.00016260170377790928,1.1332297325134277
meanOT,0,1000000,66,0.024223357439041138,0.0013550665462389588,0.0003574342408683151,0.6838532090187073
meanOT,0,1000000,67,0.03568321466445923,0.004013300873339176,0.0004621731350198388,1.0232880115509033
meanOT,0,1000000,68,0.05477728322148323,0.00527020450681448,0.0011564834276214242,0.7524469494819641
meanOT,0,1000000,69,0.03495141863822937,0.0033186005894094706,0.0001711560325929895,1.4436653852462769
meanOT,0,1000000,70,0.024908296763896942,0.0015519403386861086,0.00029438064666464925,0.7884103059768677
meanOT,0,1000000,71,0.016573071479797363,0.0010918304324150085,0.0003005914040841162,0.6604697704315186
meanOT,0,1000000,72,0.05166201293468475,0.004340389743447304,0.0005493632052093744,0.9898842573165894
meanOT,0,1000000,73,0.019576920196413994,0.001082107424736023,0.00019211575272493064,0.8224668502807617
meanOT,0,1000000,74,0.05008441209793091,0.00426498195156455,0.0006227553822100163,0.9198808073997498
meanOT,0,1000000,75,0.02857748046517372,0.0014889976009726524,0.00046314531937241554,0.6201028227806091
meanOT,0,1000000,76,0.05013538524508476,0.004901415668427944,0.0007248300244100392,0.9077109098434448
meanOT,0,1000000,77,0.02420375496149063,0.0011631298111751676,0.0002030086179729551,0.8335613012313843
meanOT,0,1000000,78,0.02431579679250717,0.0024796067737042904,0.00037570850690826774,0.8895671367645264
meanOT,0,1000000,79,0.02829262614250183,0.0017461358802393079,0.000255979917710647,0.9187037944793701
meanOT,0,1000000,80,0.03338180109858513,0.0019111335277557373,0.0005471044569276273,0.6426101326942444
meanOT,0,1000000,81,0.03251977637410164,0.0025704200379550457,0.000245274743065238,1.1331517696380615
meanOT,0,1000000,82,0.010794229805469513,0.0016263911966234446,0.00012629613047465682,1.1881637573242188
meanOT,0,1000000,83,0.041450385004282,0.003171742195263505,0.0005271753179840744,0.8629658818244934
meanOT,0,1000000,84,0.047698091715574265,0.0034392420202493668,0.0003865773614961654,1.0500168800354004
meanOT,0,1000000,85,0.03476511314511299,0.0033918956760317087,0.00027164610219188035,1.1898118257522583
meanOT,0,1000000,86,0.022050436586141586,0.002960612066090107,0.0002858369261957705,1.1261893510818481
meanOT,0,1000000,87,0.031611118465662,0.0024627121165394783,0.00028303885483182967,1.031690001487732
meanOT,0,1000000,88,0.024035252630710602,0.0013437764719128609,0.00026780442567542195,0.7718747854232788
meanOT,0,1000000,89,0.06088025122880936,0.005149317439645529,0.0005330453859642148,1.0828266143798828
meanOT,0,1000000,90,0.04361189156770706,0.002429083688184619,0.00042081132414750755,0.8463742136955261
meanOT,0,1000000,91,0.041963569819927216,0.004747174680233002,0.0007214333745650947,0.8804387450218201
meanOT,0,1000000,92,0.03393465653061867,0.0020865292754024267,0.0004399425524752587,0.758521318435669
meanOT,0,1000000,93,0.01048952154815197,0.0014059987151995301,0.00019666088337544352,0.9010457396507263
meanOT,0,1000000,94,0.03816179931163788,0.002299074549227953,0.00047913548769429326,0.7730776071548462
meanOT,0,1000000,95,0.021718358621001244,0.001009746571071446,0.00020547663734760135,0.7559772729873657
meanOT,0,1000000,96,0.0263681560754776,0.0014330553822219372,0.000394177419366315,0.651052713394165
meanOT,0,1000000,97,0.07696737349033356,0.007347535341978073,0.001385088311508298,0.8062548041343689
meanOT,0,1000000,98,0.0223756805062294,0.0010948742274194956,0.0002165044570574537,0.7937324643135071
meanOT,0,1000000,99,0.03107481449842453,0.0019096529576927423,0.0003208296257071197,0.8555293083190918
meanOT,0,1000000,100,0.028644558042287827,0.0028046495281159878,0.00024338973162230104,1.1549633741378784
meanOT,0,1000000,101,0.030026132240891457,0.001765626948326826,0.0003005230682902038,0.8458412289619446
meanOT,0,1000000,102,0.04660525918006897,0.0032989594619721174,0.00016382116882596165,1.4941654205322266
meanOT,0,1000000,103,0.028635255992412567,0.0036245714873075485,0.0002228445518994704,1.3934767246246338
meanOT,0,1000000,104,0.03061557747423649,0.0035561108961701393,0.00016999474610202014,1.463171362876892
meanOT,0,1000000,105,0.02217860333621502,0.0007592709152959287,0.000122606084914878,0.818773627281189
meanOT,0,1000000,106,0.02305496670305729,0.0015701521188020706,0.0002739701303653419,0.836356520652771
meanOT,0,1000000,107,0.04624948650598526,0.004760595969855785,0.00023949590104166418,1.439217209815979
meanOT,0,1000000,108,0.026349566876888275,0.002893186639994383,0.0005929816979914904,0.7678829431533813
meanOT,0,1000000,109,0.03422928228974342,0.0020991377532482147,0.00041045076795853674,0.7921165227890015
meanOT,0,1000000,110,0.03029070794582367,0.0014812289737164974,0.0002074115036521107,0.9158816337585449
meanOT,0,1000000,111,0.024428840726614,0.003240846563130617,0.00020912845502607524,1.2522767782211304
meanOT,0,1000000,112,0.03539412468671799,0.0027205231599509716,0.00021464939345605671,1.1808252334594727
meanOT,0,1000000,113,0.08104845881462097,0.011466863565146923,0.001540650613605976,0.9443593621253967
meanOT,0,1000000,114,0.026819143444299698,0.004105782136321068,0.00010840714821824804,2.126495838165283
meanOT,0,1000000,115,0.037264689803123474,0.0033170864917337894,0.0004582963010761887,0.9484264850616455
meanOT,0,1000000,116,0.016741067171096802,0.0011392607120797038,0.0003193493466824293,0.6614276170730591
meanOT,0,1000000,117,0.0209019985049963,0.0015170680126175284,0.00022411506506614387,0.8987906575202942
meanOT,0,1000000,118,0.028789211064577103,0.0009991420665755868,0.00018070290389005095,0.8292770385742188
meanOT,0,1000000,119,0.03785865008831024,0.002700050827115774,0.0006372929201461375,0.713030993938446
meanOT,0,1000000,120,0.11298584192991257,0.015940239652991295,0.002689105924218893,0.8563288450241089
meanOT,0,1000000,121,0.03025434911251068,0.0020197993144392967,0.0003453480312600732,0.8272145986557007
meanOT,0,1000000,122,0.11503055691719055,0.016379615291953087,0.0031677258666604757,0.8012451529502869
meanOT,0,1000000,123,0.03265983983874321,0.0013879368780180812,0.00036460242699831724,0.6637919545173645
meanOT,0,1000000,124,0.04829231649637222,0.00474027544260025,0.0005792874144390225,1.0001598596572876
meanOT,0,1000000,125,0.05297498777508736,0.005230148322880268,0.0006503121112473309,0.9966514110565186
meanOT,0,1000000,126,0.029085420072078705,0.0029223538003861904,0.0003393482184037566,0.9952364563941956
meanOT,0,1000000,127,0.023190569132566452,0.001702428562566638,0.00024117431894410402,0.9112884998321533
meanOT,1,5001,0,0.003356644883751869,1.1268668458797038e-05,5.543536644836422e-06,0.5040764808654785
meanOT,1,5001,1,0.004009563475847244,1.607938429515343e-05,7.855657713662367e-06,0.505820631980896
meanOT,1,5001,2,0.0031703899148851633,1.0052910511149094e-05,4.924414497509133e-06,0.5051524043083191
meanOT,1,5001,3,0.0032717869617044926,1.0704894521040842e-05,5.316872830007924e-06,0.5016684532165527
meanOT,1,5001,4,0.004059466999024153,1.6485657397424802e-05,8.02325848781038e-06,0.5067931413650513
meanOT,1,5001,5,0.004645308945327997,2.1589372408925556e-05,1.0504139027034398e-05,0.5068649053573608
meanOT,1,5001,6,0.0042290217243134975,1.788997724361252e-05,8.687774425197858e-06,0.5073453187942505
meanOT,1,5001,7,0.0035179960541427135,1.2376685845083557e-05,6.147176918602781e-06,0.501669704914093
meanOT,1,5001,8,0.00395821500569582,1.5672427252866328e-05,7.605935934407171e-06,0.5075104236602783
meanOT,1,5001,9,0.004446490202099085,1.9776911358349025e-05,9.580641744832974e-06,0.5079661011695862
meanOT,1,5001,10,0.004273587372153997,1.8264810933033004e-05,8.997149961942341e-06,0.5037417411804199
meanOT,1,5001,11,0.0027357381768524647,7.4842955655185506e-06,3.734791334863985e-06,0.5004911422729492
meanOT,1,5001,12,0.003451041178777814,1.1910202374565415e-05,5.878950105397962e-06,0.5032261610031128
meanOT,1,5001,13,0.002935317810624838,8.61647458805237e-06,4.265573352313368e-06,0.5024930238723755
meanOT,1,5001,14,0.005002253223210573,2.5031331460922956e-05,1.2153718671470415e-05,0.5073872208595276
meanOT,1,5001,15,0.004458480514585972,1.9883740606019273e-05,9.734802915772889e-06,0.5052870512008667
meanOT,1,5001,16,0.0034688212908804417,1.2034316569042858e-05,5.933634383836761e-06,0.5035051703453064
meanOT,1,5001,17,0.002655785297974944,7.0532314566662535e-06,3.5188893434678903e-06,0.5005476474761963
meanOT,1,5001,18,0.004433449823409319,1.9658973542391323e-05,9.633630725147668e-06,0.5050543546676636
meanOT,1,5001,19,0.0037571447901427746,1.411699122400023e-05,6.991019745328231e-06,0.5024052262306213
meanOT,1,5001,20,0.00419959332793951,1.764081207511481e-05,8.625410373497289e-06,0.5056177973747253
meanOT,1,5001,21,0.004165531601756811,1.735924342938233e-05,8.355984391528182e-06,0.5095884799957275
meanOT,1,5001,22,0.003291589906439185,1.0835288776434027e-05,5.346239049686119e-06,0.5033264756202698
meanOT,1,5001,23,0.004032592289149761,1.6264284568023868e-05,8.001373316801619e-06,0.5040670037269592
meanOT,1,5001,24,0.0032038523349910975,1.0265090168104507e-05,5.052856522524962e-06,0.5039259791374207
meanOT,1,5001,25,0.003666521282866597,1.3444172509480268e-05,6.658039637841284e-06,0.5023972392082214
meanOT,1,5001,26,0.0045794653706252575,2.097728429362178e-05,1.0175020179303829e-05,0.5076444149017334
meanOT,1,5001,27,0.004781929310411215,2.2870986867928877e-05,1.1072729648731183e-05,0.5081213712692261
meanOT,1,5001,28,0.004975355230271816,2.476384543115273e-05,1.1883250408573076e-05,0.5103800296783447
meanOT,1,5001,29,0.004738475661724806,2.24569121201057e-05,1.0980578736052848e-05,0.5056090354919434
meanOT,1,5001,30,0.004558883141726255,2.0794417650904506e-05,1.003840679913992e-05,0.5088545083999634
meanOT,1,5001,31,0.005289084743708372,2.7984806365566328e-05,1.3612363545689732e-05,0.506928026676178
meanOT,1,5001,32,0.0031244135461747646,9.762261470314115e-06,4.8290744416590314e-06,0.5026863813400269
meanOT,1,5001,33,0.0029341501649469137,8.609442375018261e-06,4.2625056266842876e-06,0.5024687051773071
meanOT,1,5001,34,0.0033022521529346704,1.0905665476457216e-05,5.367563971958589e-06,0.5039543509483337
meanOT,1,5001,35,0.003931437619030476,1.5460675058420748e-05,7.56410099711502e-06,0.5054623484611511
meanOT,1,5001,36,0.004912213422358036,2.4135988496709615e-05,1.1794374586315826e-05,0.5057632923126221
meanOT,1,5001,37,0.0045243739150464535,2.047424641204998e-05,1.0014016879722476e-05,0.5055363774299622
meanOT,1,5001,38,0.0040894802659749985,1.672622784099076e-05,8.23622576717753e-06,0.50383460521698
meanOT,1,5001,39,0.003567788517102599,1.2729848094750196e-05,6.265218871703837e-06,0.5039609670639038
meanOT,1,5001,40,0.004411799367517233,1.9469149265205488e-05,9.436403161089402e-06,0.5078355073928833
meanOT,1,5001,41,0.004054195247590542,1.6438491002190858e-05,8.05206218501553e-06,0.5051618218421936
meanOT,1,5001,42,0.004750360734760761,2.2583664758712985e-05,1.0889069926633965e-05,0.5091599822044373
meanOT,1,5001,43,0.0038285923656076193,1.4663290130556561e-05,7.067435035423841e-06,0.5092581510543823
meanOT,1,5001,44,0.00404362753033638,1.6355661500710994e-05,7.96941458247602e-06,0.5064935684204102
meanOT,1,5001,45,0.004329243209213018,1.8746570276562124e-05,9.211976248479914e-06,0.5043561458587646
meanOT,1,5001,46,0.0034043421037495136,1.158990380645264e-05,5.753659479523776e-06,0.5017894506454468
meanOT,1,5001,47,0.0044690691865980625,1.997887375182472e-05,9.74463273450965e-06,0.5062388181686401
meanOT,1,5001,48,0.006611742544919252,4.37703711213544e-05,2.0978461179765873e-05,0.51068514585495
meanOT,1,5001,49,0.0038648585323244333,1.4938674212316982e-05,7.335951977438526e-06,0.5045231580734253
meanOT,1,5001,50,0.0037387660704553127,1.3981174561195076e-05,6.809212209191173e-06,0.5066134333610535
meanOT,1,5001,51,0.003572131274268031,1.2761037396558095e-05,6.303093414317118e-06,0.5030598044395447
meanOT,1,5001,52,0.0047113182954490185,2.220421811216511e-05,1.0816549547598697e-05,0.5065541863441467
meanOT,1,5001,53,0.003234120784327388,1.0460435987624805e-05,5.1680804062925745e-06,0.5029954314231873
meanOT,1,5001,54,0.0037855033297091722,1.4332348655443639e-05,6.976006261538714e-06,0.5067673325538635
meanOT,1,5001,55,0.0042130243964493275,1.7757483874447644e-05,8.649867595522664e-06,0.5065692663192749
meanOT,1,5001,56,0.003505769418552518,1.2291931852814741e-05,6.062509328330634e-06,0.503428041934967
meanOT,1,5001,57,0.0038355092983692884,1.4712708434672095e-05,7.24998199075344e-06,0.5036526918411255
meanOT,1,5001,58,0.0036070372443646193,1.3011614100832958e-05,6.421551915991586e-06,0.5032676458358765
meanOT,1,5001,59,0.004787782672792673,2.2934738808544353e-05,1.1070789696532302e-05,0.5088737607002258
meanOT,1,5001,60,0.003313210094347596,1.097796302929055e-05,5.442580004455522e-06,0.5021254420280457
meanOT,1,5001,61,0.0038905288092792034,1.5137517038965598e-05,7.462692337867338e-06,0.5035386681556702
meanOT,1,5001,62,0.005296468269079924,2.8063430363545194e-05,1.3536590813600924e-05,0.5090583562850952
meanOT,1,5001,63,0.00426297215744853,1.8176888261223212e-05,8.85775989445392e-06,0.5064665079116821
meanOT,1,5001,64,0.004365826025605202,1.906653596961405e-05,9.298581062466837e-06,0.506267786026001
meanOT,1,5001,65,0.004568241536617279,2.088075598294381e-05,1.0017325621447526e-05,0.5104461312294006
meanOT,1,5001,66,0.0035294003318995237,1.2458395758585539e-05,6.1258401728991885e-06,0.5041987299919128
meanOT,1,5001,67,0.0031538682524114847,9.947486432793085e-06,4.912736130791018e-06,0.5030936002731323
meanOT,1,5001,68,0.0034565788228064775,1.1950784028158523e-05,5.820149453938939e-06,0.5066226720809937
meanOT,1,5001,69,0.00457336101680994,2.0931924154865555e-05,1.0013282008003443e-05,0.511174201965332
meanOT,1,5001,70,0.0037936330772936344,1.439232346456265e-05,7.132237897167215e-06,0.5022337436676025
meanOT,1,5001,71,0.002953454153612256,8.723175596969668e-06,4.308015832066303e-06,0.5030980110168457
meanOT,1,5001,72,0.004463769495487213,1.9931803763029166e-05,9.670718100096565e-06,0.507570743560791
meanOT,1,5001,73,0.003987067844718695,1.5898134734015912e-05,7.790639756422024e-06,0.5050562620162964
meanOT,1,5001,74,0.00449656555429101,2.0229315850883722e-05,9.813771612243727e-06,0.5076043605804443
meanOT,1,5001,75,0.004644322209060192,2.1574443962890655e-05,1.0503310477361083e-05,0.5067097544670105
meanOT,1,5001,76,0.0037383222952485085,1.3977368325868156e-05,6.850516911072191e-06,0.5050151348114014
meanOT,1,5001,77,0.004323482979089022,1.869595143944025e-05,9.130307262239512e-06,0.5059224963188171
meanOT,1,5001,78,0.005090504419058561,2.5921717679011635e-05,1.2607230928551871e-05,0.5069604516029358
meanOT,1,5001,79,0.0033529214560985565,1.1242775144637562e-05,5.555165444093291e-06,0.5029698610305786
meanOT,1,5001,80,0.0033859936520457268,1.1465841453173198e-05,5.622824573947582e-06,0.5048696994781494
meanOT,1,5001,81,0.004721482750028372,2.2326414182316512e-05,1.0457469215907622e-05,0.5165932178497314
meanOT,1,5001,82,0.004020432475954294,1.6166290151886642e-05,7.925233148853295e-06,0.5049545764923096
meanOT,1,5001,83,0.0038865383248776197,1.5107055332919117e-05,7.422806902468437e-06,0.5043814182281494
meanOT,1,5001,84,0.0043598925694823265,1.901727227959782e-05,9.237016456609126e-06,0.5072956085205078
meanOT,1,5001,85,0.004150562919676304,1.723080094961915e-05,8.383789463550784e-06,0.50685715675354
meanOT,1,5001,86,0.0033257477916777134,1.106144736695569e-05,5.4518973229278345e-06,0.5036001205444336
meanOT,1,5001,87,0.0044817388989031315,2.0092209524591453e-05,9.730788406159263e-06,0.5080336928367615
meanOT,1,5001,88,0.003201653016731143,1.0251683306705672e-05,5.003025762562174e-06,0.5060985088348389
meanOT,1,5001,89,0.005483121611177921,3.009792089869734e-05,1.4265325262385886e-05,0.5135456323623657
meanOT,1,5001,90,0.004427107982337475,1.960423651325982e-05,9.546671208227053e-06,0.5066425800323486
meanOT,1,5001,91,0.0046006860211491585,2.1170422769500874e-05,1.0248872058582492e-05,0.508135199546814
meanOT,1,5001,92,0.004410410765558481,1.945518670254387e-05,9.498408871877473e-06,0.5059937238693237
meanOT,1,5001,93,0.005177921149879694,2.6822348445421085e-05,1.2956118553120177e-05,0.5087014436721802
meanOT,1,5001,94,0.00396004319190979,1.568466359458398e-05,7.709420970059e-06,0.5042893886566162
meanOT,1,5001,95,0.004051860421895981,1.6419722669525072e-05,8.081832675088663e-06,0.503942608833313
meanOT,1,5001,96,0.00361311761662364,1.3055314411758445e-05,6.456077699112939e-06,0.5027623772621155
meanOT,1,5001,97,0.0035196843091398478,1.2389468793116976e-05,6.077309080865234e-06,0.5048056840896606
meanOT,1,5001,98,0.004114461597055197,1.6936506654019468e-05,8.17811996967066e-06,0.5087896585464478
meanOT,1,5001,99,0.005360728595405817,2.8763877708115615e-05,1.3894057701691054e-05,0.5086991190910339
meanOT,1,5001,100,0.004033965058624744,1.6279611372738145e-05,7.931428626761772e-06,0.506523072719574
meanOT,1,5001,101,0.004398988094180822,1.935677573783323e-05,9.355512702313717e-06,0.5085521340370178
meanOT,1,5001,102,0.0036766345147043467,1.3519430467567872e-05,6.650471732427832e-06,0.5040880441665649
meanOT,1,5001,103,0.004419672302901745,1.9557966879801825e-05,9.23509469430428e-06,0.514509916305542
meanOT,1,5001,104,0.003888848004862666,1.5124751371331513e-05,7.316466053453041e-06,0.5083312392234802
meanOT,1,5001,105,0.0034610494039952755,1.1981215720879845e-05,5.842297468916513e-06,0.5063050389289856
meanOT,1,5001,106,0.004529871046543121,2.05275064217858e-05,9.961855539586395e-06,0.5075170993804932
meanOT,1,5001,107,0.004094868432730436,1.6775566109572537e-05,8.046843504416756e-06,0.5104802250862122
meanOT,1,5001,108,0.0032657147385179996,1.0665171430446208e-05,5.283246991893975e-06,0.5023277401924133
meanOT,1,5001,109,0.004742684308439493,2.249972749268636e-05,1.1038918273698073e-05,0.5047517418861389
meanOT,1,5001,110,0.004055466968566179,1.6448451788164675e-05,8.03059901954839e-06,0.5059895515441895
meanOT,1,5001,111,0.004158009774982929,1.7291335097979754e-05,8.391632945858873e-06,0.5075093507766724
meanOT,1,5001,112,0.004535649437457323,2.0600946299964562e-05,9.773106285138056e-06,0.5133101940155029
meanOT,1,5001,113,0.004941243212670088,2.442410186631605e-05,1.1805171197920572e-05,0.5085403919219971
meanOT,1,5001,114,0.0041083963587880135,1.6882200725376606e-05,8.219398296205327e-06,0.5066961050033569
meanOT,1,5001,115,0.004189727827906609,1.756060737534426e-05,8.528078978997655e-06,0.5073376893997192
meanOT,1,5001,116,0.0037238195072859526,1.3869325812265743e-05,6.809994829382049e-06,0.504554033279419
meanOT,1,5001,117,0.003437640378251672,1.1818901839433238e-05,5.816848442918854e-06,0.503962516784668
meanOT,1,5001,118,0.0034657625947147608,1.201264421979431e-05,5.893469733564416e-06,0.5047628283500671
meanOT,1,5001,119,0.0037092831917107105,1.3760536603513174e-05,6.7395749283605255e-06,0.5051901340484619
meanOT,1,5001,120,0.0034886791836470366,1.2172340575489216e-05,6.0034217312932014e-06,0.5034323930740356
meanOT,1,5001,121,0.004018441773951054,1.615135079191532e-05,7.899347110651433e-06,0.5055475234985352
meanOT,1,5001,122,0.003584380028769374,1.2849121048930101e-05,6.332358680083416e-06,0.5036252737045288
meanOT,1,5001,123,0.003411871148273349,1.1641312084975652e-05,5.759783562098164e-06,0.5026335716247559
meanOT,1,5001,124,0.004349615424871445,1.8920698494184762e-05,9.275172487832606e-06,0.5049639940261841
meanOT,1,5001,125,0.004523742012679577,2.046818917733617e-05,1.0016561645898037e-05,0.5053974390029907
meanOT,1,5001,126,0.005174452438950539,2.678559030755423e-05,1.291795342694968e-05,0.5091031193733215
meanOT,1,5001,127,0.005241734441369772,2.7493755624163896e-05,1.3355097507883329e-05,0.507277250289917
meanOT,1,50000,0,0.29244184494018555,0.09961165487766266,0.028984839096665382,0.6442937850952148
meanOT,1,50000,1,0.2649698853492737,0.12340465933084488,0.03791852295398712,0.623937726020813
meanOT,1,50000,2,0.32161012291908264,0.13078626990318298,0.037571098655462265,0.6463934183120728
meanOT,1,50000,3,0.2975686192512512,0.0982462465763092,0.047581225633621216,0.4947506785392761
meanOT,1,50000,4,0.2792152464389801,0.10227721929550171,0.027323424816131592,0.6734858751296997
meanOT,1,50000,5,0.30388742685317993,0.12790952622890472,0.03353787586092949,0.6779029369354248
meanOT,1,50000,6,0.34631460905075073,0.15097540616989136,0.04166145622730255,0.6584858894348145
meanOT,1,50000,7,0.28972840309143066,0.10014322400093079,0.036919161677360535,0.5704510807991028
meanOT,1,50000,8,0.3830369710922241,0.168007031083107,0.04061170667409897,0.7035137414932251
meanOT,1,50000,9,0.27085715532302856,0.09581360965967178,0.025421082973480225,0.676612138748169
meanOT,1,50000,10,0.23958823084831238,0.06810541450977325,0.027598632499575615,0.5462782382965088
meanOT,1,50000,11,0.3625549376010895,0.14034438133239746,0.08064369857311249,0.44188541173934937
meanOT,1,50000,12,0.25618743896484375,0.07697704434394836,0.025152727961540222,0.6091814041137695
meanOT,1,50000,13,0.3340885639190674,0.1420356184244156,0.0445210225880146,0.6162283420562744
meanOT,1,50000,14,0.22953641414642334,0.08397407829761505,0.024122187867760658,0.6506787538528442
meanOT,1,50000,15,0.2758159935474396,0.12481610476970673,0.03852076083421707,0.6225274801254272
meanOT,1,50000,16,0.3583964705467224,0.17020832002162933,0.04650723934173584,0.6592506170272827
meanOT,1,50000,17,0.3489632308483124,0.12995104491710663,0.07759524136781693,0.43515509366989136
meanOT,1,50000,18,0.22938011586666107,0.06546840071678162,0.025523962453007698,0.5576577186584473
meanOT,1,50000,19,0.33687904477119446,0.15873929858207703,0.04990625008940697,0.6136468648910522
meanOT,1,50000,20,0.3080381453037262,0.11229772865772247,0.03421398997306824,0.6279716491699219
meanOT,1,50000,21,0.3524928092956543,0.14621174335479736,0.03901929780840874,0.6698620319366455
meanOT,1,50000,22,0.3378462791442871,0.1400216519832611,0.05792802572250366,0.532667875289917
meanOT,1,50000,23,0.38034185767173767,0.19520704448223114,0.05378267541527748,0.6543151140213013
meanOT,1,50000,24,0.37069106101989746,0.1534375250339508,0.05219264701008797,0.5893582105636597
meanOT,1,50000,25,0.34794798493385315,0.13858038187026978,0.06027935445308685,0.5187621116638184
meanOT,1,50000,26,0.2228987067937851,0.0871322974562645,0.021993249654769897,0.6949836015701294
meanOT,1,50000,27,0.23219166696071625,0.07651014626026154,0.01957736723124981,0.6907957196235657
meanOT,1,50000,28,0.34226343035697937,0.15925976634025574,0.03843855485320091,0.7043978571891785
meanOT,1,50000,29,0.2706124782562256,0.0800771713256836,0.025816109031438828,0.6137855052947998
meanOT,1,50000,30,0.36624982953071594,0.1609933078289032,0.0444832369685173,0.6565805673599243
meanOT,1,50000,31,0.35579127073287964,0.1732160747051239,0.0460132360458374,0.6684352159500122
meanOT,1,50000,32,0.3618759512901306,0.15118756890296936,0.04997798055410385,0.5982781648635864
meanOT,1,50000,33,0.318310409784317,0.11026893556118011,0.047567218542099,0.5249127745628357
meanOT,1,50000,34,0.3255692720413208,0.11894001811742783,0.043788760900497437,0.5688750743865967
meanOT,1,50000,35,0.37303370237350464,0.18109188973903656,0.04425344616174698,0.6977137327194214
meanOT,1,50000,36,0.2780300974845886,0.13164415955543518,0.039478253573179245,0.6282228231430054
meanOT,1,50000,37,0.25761470198631287,0.07921931892633438,0.03275304287672043,0.5393492579460144
meanOT,1,50000,38,0.38765957951545715,0.1793941855430603,0.052910156548023224,0.6324385404586792
meanOT,1,50000,39,0.32668882608413696,0.13633811473846436,0.05284639075398445,0.5517507791519165
meanOT,1,50000,40,0.2729041576385498,0.13423067331314087,0.03006157837808132,0.7347826957702637
meanOT,1,50000,41,0.31534069776535034,0.13866205513477325,0.03719845041632652,0.6682807207107544
meanOT,1,50000,42,0.3104715049266815,0.15438534319400787,0.036766473203897476,0.7092164754867554
meanOT,1,50000,43,0.3394860327243805,0.14177724719047546,0.041038744151592255,0.6424471139907837
meanOT,1,50000,44,0.18989169597625732,0.059098392724990845,0.018603436648845673,0.6196539402008057
meanOT,1,50000,45,0.38628795742988586,0.16215014457702637,0.046050868928432465,0.6461306810379028
meanOT,1,50000,46,0.34608832001686096,0.13695335388183594,0.0525430366396904,0.5550965666770935
meanOT,1,50000,47,0.361825555562973,0.15839949250221252,0.04630199447274208,0.6380936503410339
meanOT,1,50000,48,0.2580382823944092,0.10550013184547424,0.024832772091031075,0.7162254452705383
meanOT,1,50000,49,0.2808114290237427,0.12184486538171768,0.027970939874649048,0.7260475754737854
meanOT,1,50000,50,0.22904984652996063,0.08922290802001953,0.022152692079544067,0.6967414617538452
meanOT,1,50000,51,0.2607106566429138,0.08128459751605988,0.02704622410237789,0.60379558801651
meanOT,1,50000,52,0.31556299328804016,0.16264721751213074,0.03933127969503403,0.703717052936554
meanOT,1,50000,53,0.3251119554042816,0.12588466703891754,0.05232952535152435,0.5323780179023743
meanOT,1,50000,54,0.4021154046058655,0.19945481419563293,0.043246399611234665,0.7410966157913208
meanOT,1,50000,55,0.2871576249599457,0.10730770975351334,0.028034208342432976,0.6800212860107422
meanOT,1,50000,56,0.34230849146842957,0.1816142350435257,0.05560668930411339,0.6190118789672852
meanOT,1,50000,57,0.3473689556121826,0.1506466269493103,0.04790182039141655,0.611186146736145
meanOT,1,50000,58,0.20180644094944,0.05437559261918068,0.020155059173703194,0.5733877420425415
meanOT,1,50000,59,0.3408084809780121,0.1606328785419464,0.031232541427016258,0.7835861444473267
meanOT,1,50000,60,0.3096308410167694,0.11392827332019806,0.04151254519820213,0.5731092095375061
meanOT,1,50000,61,0.2543129324913025,0.09056684374809265,0.0316084623336792,0.5873926877975464
meanOT,1,50000,62,0.23503847420215607,0.08809373527765274,0.018603099510073662,0.7589359283447266
meanOT,1,50000,63,0.30140167474746704,0.100009024143219,0.03780099377036095,0.5632413029670715
meanOT,1,50000,64,0.3229563236236572,0.13782116770744324,0.034546371549367905,0.6918544769287109
meanOT,1,50000,65,0.318608820438385,0.15549805760383606,0.031312495470047,0.7748919725418091
meanOT,1,50000,66,0.19763588905334473,0.052735403180122375,0.021554050967097282,0.5451604127883911
meanOT,1,50000,67,0.30878108739852905,0.11208929121494293,0.03704800456762314,0.6028706431388855
meanOT,1,50000,68,0.34987878799438477,0.1593325138092041,0.044984519481658936,0.6497801542282104
meanOT,1,50000,69,0.2257525473833084,0.12488849461078644,0.022176971659064293,0.8264262676239014
meanOT,1,50000,70,0.2843097448348999,0.10406230390071869,0.038504187017679214,0.5674233436584473
meanOT,1,50000,71,0.26831716299057007,0.09804698824882507,0.038642026484012604,0.5501582026481628
meanOT,1,50000,72,0.39724910259246826,0.1799951195716858,0.043364472687244415,0.7036628723144531
meanOT,1,50000,73,0.2623029947280884,0.08288680016994476,0.03149167448282242,0.5633817315101624
meanOT,1,50000,74,0.30093321204185486,0.13540485501289368,0.040962230414152145,0.6276792883872986
meanOT,1,50000,75,0.25592371821403503,0.08746977150440216,0.027410130947828293,0.6209579706192017
meanOT,1,50000,76,0.3670531213283539,0.2017938792705536,0.0513850562274456,0.681425154209137
meanOT,1,50000,77,0.27543699741363525,0.08868114650249481,0.0233137384057045,0.6805261373519897
meanOT,1,50000,78,0.2289881557226181,0.07996981590986252,0.023395048454403877,0.6449835896492004
meanOT,1,50000,79,0.3591306209564209,0.14089101552963257,0.05704500898718834,0.5381735563278198
meanOT,1,50000,80,0.2523175776004791,0.08818477392196655,0.02823830209672451,0.6141780018806458
meanOT,1,50000,81,0.2863824963569641,0.10658684372901917,0.020448783412575722,0.797429084777832
meanOT,1,50000,82,0.25207680463790894,0.08030390739440918,0.023741241544485092,0.6410838961601257
meanOT,1,50000,83,0.34402593970298767,0.15458595752716064,0.05400857329368591,0.5797815322875977
meanOT,1,50000,84,0.3577539026737213,0.15871594846248627,0.0415203794836998,0.6755139231681824
meanOT,1,50000,85,0.28375256061553955,0.13043424487113953,0.033465754240751266,0.684015154838562
meanOT,1,50000,86,0.3458481431007385,0.12955839931964874,0.04994519054889679,0.5536245107650757
meanOT,1,50000,87,0.3007875084877014,0.10420268774032593,0.034129902720451355,0.6064352989196777
meanOT,1,50000,88,0.24866443872451782,0.1036032885313034,0.02842489816248417,0.6638253927230835
meanOT,1,50000,89,0.30605459213256836,0.14492502808570862,0.029868507757782936,0.7664600610733032
meanOT,1,50000,90,0.33297693729400635,0.13685819506645203,0.04163779318332672,0.6265280246734619
meanOT,1,50000,91,0.22665199637413025,0.07759944349527359,0.019822346046566963,0.6912902593612671
meanOT,1,50000,92,0.23222412168979645,0.07316146045923233,0.023918164893984795,0.6105103492736816
meanOT,1,50000,93,0.2591603994369507,0.08787833899259567,0.026677487418055534,0.6321125030517578
meanOT,1,50000,94,0.3213350474834442,0.11197911202907562,0.03383198752999306,0.6309892535209656
meanOT,1,50000,95,0.20744362473487854,0.052932009100914,0.018171243369579315,0.5966649651527405
meanOT,1,50000,96,0.1891828328371048,0.0696631520986557,0.024417484179139137,0.5882042646408081
meanOT,1,50000,97,0.3099503219127655,0.11393938958644867,0.037396207451820374,0.6044830083847046
meanOT,1,50000,98,0.26521503925323486,0.1066942885518074,0.024003030732274055,0.733434796333313
meanOT,1,50000,99,0.2758435010910034,0.12295693904161453,0.028666902333498,0.720368504524231
meanOT,1,50000,100,0.2692788541316986,0.11373382061719894,0.02940736524760723,0.6820822954177856
meanOT,1,50000,101,0.1921016424894333,0.0638425350189209,0.020957952365279198,0.6096113324165344
meanOT,1,50000,102,0.20411916077136993,0.05162512883543968,0.018309831619262695,0.5771152973175049
meanOT,1,50000,103,0.2627917230129242,0.08684390783309937,0.01567082479596138,0.8242170810699463
meanOT,1,50000,104,0.23567937314510345,0.0930948406457901,0.023349931463599205,0.6962249875068665
meanOT,1,50000,105,0.26017341017723083,0.11428123712539673,0.028277775272727013,0.6990103721618652
meanOT,1,50000,106,0.31824031472206116,0.12740157544612885,0.026591073721647263,0.7595690488815308
meanOT,1,50000,107,0.2935539484024048,0.15422853827476501,0.030688973143696785,0.7764255404472351
meanOT,1,50000,108,0.19921401143074036,0.056293658912181854,0.024792568758130074,0.5251269936561584
meanOT,1,50000,109,0.3269675672054291,0.12272841483354568,0.036091387271881104,0.6386114954948425
meanOT,1,50000,110,0.3556007742881775,0.18686668574810028,0.04921809211373329,0.6710480451583862
meanOT,1,50000,111,0.23435723781585693,0.09533558040857315,0.028169183060526848,0.6392577290534973
meanOT,1,50000,112,0.2815455496311188,0.12536637485027313,0.02321706712245941,0.8070586323738098
meanOT,1,50000,113,0.3223905861377716,0.13623476028442383,0.03508880361914635,0.6816809773445129
meanOT,1,50000,114,0.23685415089130402,0.09399887919425964,0.02329585701227188,0.6969547271728516
meanOT,1,50000,115,0.317158579826355,0.1769038289785385,0.04773041978478432,0.6629829406738281
meanOT,1,50000,116,0.35032033920288086,0.14195770025253296,0.04560406878590584,0.6085965037345886
meanOT,1,50000,117,0.2886532247066498,0.12398596107959747,0.035069677978754044,0.650644838809967
meanOT,1,50000,118,0.3946402668952942,0.1773242950439453,0.05856123939156532,0.5965744853019714
meanOT,1,50000,119,0.2801913619041443,0.10426468402147293,0.028867704793810844,0.6600860953330994
meanOT,1,50000,120,0.2971552908420563,0.13656434416770935,0.04240443930029869,0.618958592414856
meanOT,1,50000,121,0.3088994026184082,0.1124320924282074,0.03463459387421608,0.6248584389686584
meanOT,1,50000,122,0.3502618372440338,0.13993477821350098,0.046024106442928314,0.6015734672546387
meanOT,1,50000,123,0.2739110589027405,0.09111271798610687,0.03265191242098808,0.5772704482078552
meanOT,1,50000,124,0.34684231877326965,0.14327722787857056,0.047473013401031494,0.5976217985153198
meanOT,1,50000,125,0.3650165796279907,0.14884313941001892,0.049974843859672546,0.5928937196731567
meanOT,1,50000,126,0.22790592908859253,0.08818795531988144,0.01862018182873726,0.758976399898529
meanOT,1,50000,127,0.2529297471046448,0.09258197247982025,0.025450274348258972,0.6646901369094849
meanOT,1,100000,0,0.23112204670906067,0.06404121220111847,0.01765466295182705,0.6659249067306519
meanOT,1,100000,1,0.13566114008426666,0.03429423272609711,0.013148174621164799,0.5640208125114441
meanOT,1,100000,2,0.29873526096343994,0.1262659728527069,0.030963940545916557,0.7021465301513672
meanOT,1,100000,3,0.3158036172389984,0.16253319382667542,0.0586344413459301,0.5698858499526978
meanOT,1,100000,4,0.23411239683628082,0.0721336156129837,0.018128320574760437,0.698562502861023
meanOT,1,100000,5,0.13747665286064148,0.024456381797790527,0.007278017699718475,0.6445975303649902
meanOT,1,100000,6,0.25123023986816406,0.09736011177301407,0.027199637144804,0.6570218205451965
meanOT,1,100000,7,0.3764429986476898,0.16477122902870178,0.04103865846991539,0.6926729679107666
meanOT,1,100000,8,0.28307127952575684,0.11743965744972229,0.02490478940308094,0.7564138770103455
meanOT,1,100000,9,0.1346626877784729,0.02289446070790291,0.006939167622476816,0.6380853652954102
meanOT,1,100000,10,0.15769852697849274,0.03155425190925598,0.01647954247891903,0.4830728769302368
meanOT,1,100000,11,0.23212985694408417,0.07026748359203339,0.031178459525108337,0.5125058889389038
meanOT,1,100000,12,0.14855676889419556,0.02577793039381504,0.010870871134102345,0.537841796875
meanOT,1,100000,13,0.27300506830215454,0.10133564472198486,0.03564160689711571,0.5846762657165527
meanOT,1,100000,14,0.279972642660141,0.0909356027841568,0.03015994466841221,0.6036919355392456
meanOT,1,100000,15,0.1525677740573883,0.03225507214665413,0.01317001972347498,0.5489416122436523
meanOT,1,100000,16,0.39765405654907227,0.2066805362701416,0.04804689809679985,0.7149669528007507
meanOT,1,100000,17,0.2234952598810196,0.05341183394193649,0.026614192873239517,0.48737239837646484
meanOT,1,100000,18,0.1178436279296875,0.015401799231767654,0.008924150839447975,0.46015653014183044
meanOT,1,100000,19,0.25395330786705017,0.09203489124774933,0.026986856013536453,0.6414015293121338
meanOT,1,100000,20,0.11062708497047424,0.01695054955780506,0.007609042339026928,0.5242934226989746
meanOT,1,100000,21,0.25043055415153503,0.07299796491861343,0.017632273957133293,0.711967945098877
meanOT,1,100000,22,0.2579803466796875,0.0811789333820343,0.032904572784900665,0.5449786186218262
meanOT,1,100000,23,0.43384987115859985,0.24634000658988953,0.058542802929878235,0.7001875638961792
meanOT,1,100000,24,0.35563144087791443,0.14066191017627716,0.04637271910905838,0.6002243757247925
meanOT,1,100000,25,0.39267420768737793,0.1696050763130188,0.052275802940130234,0.6186295747756958
meanOT,1,100000,26,0.20381666719913483,0.060349151492118835,0.015620671212673187,0.6877847909927368
meanOT,1,100000,27,0.1933155059814453,0.04485005885362625,0.012485278770327568,0.6644983291625977
meanOT,1,100000,28,0.23407724499702454,0.06465314328670502,0.013128344900906086,0.7779965400695801
meanOT,1,100000,29,0.1935293972492218,0.04165021330118179,0.01323486864566803,0.6202452182769775
meanOT,1,100000,30,0.30390816926956177,0.1038193479180336,0.02393445372581482,0.7262224555015564
meanOT,1,100000,31,0.32544589042663574,0.17079052329063416,0.04228527471423149,0.6935100555419922
meanOT,1,100000,32,0.3843287229537964,0.18043123185634613,0.0630858838558197,0.578355073928833
meanOT,1,100000,33,0.3373273015022278,0.13084085285663605,0.04605725035071373,0.5814962387084961
meanOT,1,100000,34,0.29522523283958435,0.09788481146097183,0.03066086769104004,0.6208747625350952
meanOT,1,100000,35,0.3156162202358246,0.1279904842376709,0.035395558923482895,0.6597867012023926
meanOT,1,100000,36,0.18271496891975403,0.038896359503269196,0.01953844726085663,0.49007007479667664
meanOT,1,100000,37,0.13243690133094788,0.018565300852060318,0.009983491152524948,0.47817039489746094
meanOT,1,100000,38,0.36979952454566956,0.16459979116916656,0.045276012271642685,0.6576423048973083
meanOT,1,100000,39,0.3000401258468628,0.11931916326284409,0.034554701298475266,0.6451836228370667
meanOT,1,100000,40,0.11381039023399353,0.01528162881731987,0.00474132876843214,0.6323256492614746
meanOT,1,100000,41,0.24453981220722198,0.08380009233951569,0.023425303399562836,0.6588364839553833
meanOT,1,100000,42,0.3011707663536072,0.1162947416305542,0.027086347341537476,0.7201710939407349
meanOT,1,100000,43,0.2600283920764923,0.07399231195449829,0.02073177881538868,0.6586756706237793
meanOT,1,100000,44,0.0843791663646698,0.00988796167075634,0.0031720951665192842,0.6196723580360413
meanOT,1,100000,45,0.4136439263820648,0.20861399173736572,0.05550543963909149,0.6653425693511963
meanOT,1,100000,46,0.3552863597869873,0.15648524463176727,0.041659314185380936,0.6699419021606445
meanOT,1,100000,47,0.30634236335754395,0.11373768746852875,0.029614543542265892,0.6811894178390503
meanOT,1,100000,48,0.1865708976984024,0.05181686580181122,0.013077658601105213,0.6939302682876587
meanOT,1,100000,49,0.19678793847560883,0.050116948783397675,0.012027077376842499,0.7152689695358276
meanOT,1,100000,50,0.13934804499149323,0.027361206710338593,0.0086998101323843,0.6217346787452698
meanOT,1,100000,51,0.12858721613883972,0.02338145673274994,0.007246577180922031,0.6289384365081787
meanOT,1,100000,52,0.28536489605903625,0.11634622514247894,0.02640099637210369,0.7315115928649902
meanOT,1,100000,53,0.310007780790329,0.1244812160730362,0.049649059772491455,0.5441081523895264
meanOT,1,100000,54,0.3167051374912262,0.12687957286834717,0.030332567170262337,0.708471953868866
meanOT,1,100000,55,0.10618553310632706,0.027452377602458,0.008679904043674469,0.6242813467979431
meanOT,1,100000,56,0.40019550919532776,0.20081348717212677,0.05513668805360794,0.655058741569519
meanOT,1,100000,57,0.3575538098812103,0.1548255980014801,0.046231962740421295,0.6308841109275818
meanOT,1,100000,58,0.11667225509881973,0.019939012825489044,0.007665667217224836,0.5648320913314819
meanOT,1,100000,59,0.17176537215709686,0.06460365653038025,0.01432709489017725,0.7396327257156372
meanOT,1,100000,60,0.37292441725730896,0.17221833765506744,0.04990101605653763,0.6394023895263672
meanOT,1,100000,61,0.14537450671195984,0.03308429569005966,0.012363022193312645,0.5733678936958313
meanOT,1,100000,62,0.12359438091516495,0.020193075761198997,0.00541503494605422,0.6783525347709656
meanOT,1,100000,63,0.3032470643520355,0.10159766674041748,0.03882220759987831,0.559341311454773
meanOT,1,100000,64,0.2857755124568939,0.11442853510379791,0.02689204178750515,0.718315064907074
meanOT,1,100000,65,0.19050467014312744,0.046015940606594086,0.01212275493890047,0.6826935410499573
meanOT,1,100000,66,0.11211059987545013,0.014147748239338398,0.007364576682448387,0.48608338832855225
meanOT,1,100000,67,0.3413691818714142,0.14034432172775269,0.03561527654528618,0.6880174875259399
meanOT,1,100000,68,0.24513274431228638,0.08475127071142197,0.025195114314556122,0.6399141550064087
meanOT,1,100000,69,0.18965180218219757,0.04507031291723251,0.01106063649058342,0.7084561586380005
meanOT,1,100000,70,0.12564623355865479,0.0335339717566967,0.012332026846706867,0.5752065777778625
meanOT,1,100000,71,0.12158157676458359,0.01840294525027275,0.009784392081201077,0.47863641381263733
meanOT,1,100000,72,0.307312548160553,0.13399481773376465,0.02833699621260166,0.7561370730400085
meanOT,1,100000,73,0.14899811148643494,0.03119354322552681,0.014195944182574749,0.5177634954452515
meanOT,1,100000,74,0.3056444525718689,0.10676085948944092,0.0310610830783844,0.6442944407463074
meanOT,1,100000,75,0.0874413549900055,0.013633211143314838,0.004388666711747646,0.6184301972389221
meanOT,1,100000,76,0.33183932304382324,0.11910386383533478,0.030143486335873604,0.6905919313430786
meanOT,1,100000,77,0.13696624338626862,0.028477594256401062,0.008639463223516941,0.6376301050186157
meanOT,1,100000,78,0.29208633303642273,0.0990019217133522,0.03345385938882828,0.5971948504447937
meanOT,1,100000,79,0.3781036138534546,0.15882016718387604,0.05194512754678726,0.6005629301071167
meanOT,1,100000,80,0.14262475073337555,0.024799538776278496,0.008471939712762833,0.6007388830184937
meanOT,1,100000,81,0.17369312047958374,0.035256367176771164,0.007689142134040594,0.7525639533996582
meanOT,1,100000,82,0.1268453150987625,0.028927074745297432,0.007220948580652475,0.701413094997406
meanOT,1,100000,83,0.31252920627593994,0.12683776021003723,0.03972979635000229,0.6170021295547485
meanOT,1,100000,84,0.3155750036239624,0.13626143336296082,0.03159260004758835,0.7202304005622864
meanOT,1,100000,85,0.11059946566820145,0.013990513980388641,0.004348361399024725,0.6318791508674622
meanOT,1,100000,86,0.3175787031650543,0.13005459308624268,0.035812269896268845,0.6593381762504578
meanOT,1,100000,87,0.24941952526569366,0.08605299890041351,0.024724390357732773,0.6472322940826416
meanOT,1,100000,88,0.18038278818130493,0.04273289814591408,0.013118654489517212,0.6303287744522095
meanOT,1,100000,89,0.2087780386209488,0.06640788912773132,0.01336598675698042,0.7797164916992188
meanOT,1,100000,90,0.26144683361053467,0.07326380908489227,0.023838473483920097,0.6109474897384644
meanOT,1,100000,91,0.20011986792087555,0.0487833097577095,0.013576650060713291,0.6642313599586487
meanOT,1,100000,92,0.10847712308168411,0.014808740466833115,0.005905449390411377,0.5570972561836243
meanOT,1,100000,93,0.15080951154232025,0.03043922409415245,0.009211803786456585,0.6389713883399963
meanOT,1,100000,94,0.305584579706192,0.11790383607149124,0.0325792096555233,0.6610243320465088
meanOT,1,100000,95,0.1115327849984169,0.027145659551024437,0.007342137861996889,0.6728888750076294
meanOT,1,100000,96,0.09364882856607437,0.04387262463569641,0.01290352176874876,0.6401360034942627
meanOT,1,100000,97,0.26035818457603455,0.08219080418348312,0.027696121484041214,0.5998136401176453
meanOT,1,100000,98,0.14306728541851044,0.022753510624170303,0.005584622733294964,0.7102173566818237
meanOT,1,100000,99,0.2714579105377197,0.10440162569284439,0.023805251345038414,0.7295039892196655
meanOT,1,100000,100,0.26907917857170105,0.08868685364723206,0.025424692779779434,0.6511960029602051
meanOT,1,100000,101,0.11806724965572357,0.017354024574160576,0.005421323701739311,0.6298478841781616
meanOT,1,100000,102,0.111019067466259,0.01667192578315735,0.006230269558727741,0.5724571943283081
meanOT,1,100000,103,0.15222609043121338,0.029929090291261673,0.006582156289368868,0.7457270622253418
meanOT,1,100000,104,0.1517888903617859,0.028888238593935966,0.006952994037419558,0.7170113325119019
meanOT,1,100000,105,0.202649787068367,0.05587397515773773,0.017208537086844444,0.6294757723808289
meanOT,1,100000,106,0.18137165904045105,0.03804419934749603,0.009384499862790108,0.7049257755279541
meanOT,1,100000,107,0.1314723640680313,0.035217396914958954,0.0077781821601092815,0.7478083372116089
meanOT,1,100000,108,0.1466572880744934,0.03063884750008583,0.011648504063487053,0.5682839155197144
meanOT,1,100000,109,0.22734884917736053,0.073175810277462,0.02051103301346302,0.6596606969833374
meanOT,1,100000,110,0.2387854903936386,0.07276590168476105,0.0187237486243248,0.6884868144989014
meanOT,1,100000,111,0.11956175416707993,0.023679640144109726,0.00877154991030693,0.5749287009239197
meanOT,1,100000,112,0.1458921879529953,0.03687144070863724,0.007478433195501566,0.775174617767334
meanOT,1,100000,113,0.26113417744636536,0.08524270355701447,0.020839449018239975,0.7064691781997681
meanOT,1,100000,114,0.14697721600532532,0.030737027525901794,0.009785708971321583,0.6209685802459717
meanOT,1,100000,115,0.30651941895484924,0.11335267126560211,0.02234794571995735,0.786562442779541
meanOT,1,100000,116,0.13772693276405334,0.0247061587870121,0.011427192017436028,0.5158374309539795
meanOT,1,100000,117,0.2203901708126068,0.05873250588774681,0.018336037173867226,0.623516321182251
meanOT,1,100000,118,0.24188265204429626,0.08721256256103516,0.0312125775963068,0.5805202722549438
meanOT,1,100000,119,0.12685368955135345,0.020905593410134315,0.007134037557989359,0.5999748706817627
meanOT,1,100000,120,0.3856906592845917,0.18684270977973938,0.05152948200702667,0.6548595428466797
meanOT,1,100000,121,0.1882254183292389,0.04189565032720566,0.014224113896489143,0.6013703346252441
meanOT,1,100000,122,0.34478580951690674,0.1391129195690155,0.04138130322098732,0.6329536437988281
meanOT,1,100000,123,0.10228642076253891,0.014514358714222908,0.006344239227473736,0.5292056798934937
meanOT,1,100000,124,0.31703120470046997,0.12821358442306519,0.03727753832936287,0.6421368718147278
meanOT,1,100000,125,0.27148768305778503,0.12177769094705582,0.037641000002622604,0.622183084487915
meanOT,1,100000,126,0.11826268583536148,0.018756413832306862,0.005028013605624437,0.6786110997200012
meanOT,1,100000,127,0.1439080834388733,0.028414547443389893,0.00867193192243576,0.6357896327972412
meanOT,1,250000,0,0.15916918218135834,0.05208223685622215,0.005359507165849209,1.0884618759155273
meanOT,1,250000,1,0.11327077448368073,0.018092822283506393,0.00707173440605402,0.5610493421554565
meanOT,1,250000,2,0.5999645590782166,0.41955944895744324,0.12055468559265137,0.6182025074958801
meanOT,1,250000,3,0.5811958312988281,0.3887454867362976,0.12408581376075745,0.5853606462478638
meanOT,1,250000,4,0.5081108808517456,0.31317728757858276,0.07007238268852234,0.7184501886367798
meanOT,1,250000,5,0.08935294300317764,0.013156701810657978,0.004330185707658529,0.6112419366836548
meanOT,1,250000,6,0.25960710644721985,0.11864480376243591,0.02075968310236931,0.8341587781906128
meanOT,1,250000,7,0.5304225087165833,0.3129217326641083,0.10700908303260803,0.5706276893615723
meanOT,1,250000,8,0.4726531505584717,0.2899157702922821,0.0637291893362999,0.7289935946464539
meanOT,1,250000,9,0.08531699329614639,0.013551248237490654,0.004163009580224752,0.6332817673683167
meanOT,1,250000,10,0.15863998234272003,0.029296349734067917,0.014557188376784325,0.494484007358551
meanOT,1,250000,11,0.30320823192596436,0.1378972828388214,0.03172024339437485,0.6948057413101196
meanOT,1,250000,12,0.17387832701206207,0.04771940037608147,0.015128163620829582,0.6122298836708069
meanOT,1,250000,13,0.2946538031101227,0.10907076299190521,0.02837407775223255,0.6824404001235962
meanOT,1,250000,14,0.5309034585952759,0.31655168533325195,0.08648471534252167,0.6459357738494873
meanOT,1,250000,15,0.14030779898166656,0.024833370000123978,0.010308424942195415,0.541968047618866
meanOT,1,250000,16,0.45768657326698303,0.24390451610088348,0.05784640088677406,0.7039664387702942
meanOT,1,250000,17,0.2803112268447876,0.11537671089172363,0.033613406121730804,0.6270840167999268
meanOT,1,250000,18,0.13127386569976807,0.027934033423662186,0.009157049469649792,0.609832763671875
meanOT,1,250000,19,0.29023540019989014,0.11488218605518341,0.01954854466021061,0.8460077047348022
meanOT,1,250000,20,0.11928348988294601,0.018060171976685524,0.0063078817911446095,0.594511091709137
meanOT,1,250000,21,0.46853241324424744,0.25640273094177246,0.06109192594885826,0.7010203003883362
meanOT,1,250000,22,0.5716450214385986,0.4098759889602661,0.12143723666667938,0.6077055931091309
meanOT,1,250000,23,0.6055541038513184,0.4351273775100708,0.10101407021284103,0.695049524307251
meanOT,1,250000,24,0.5617270469665527,0.3683399558067322,0.10106880217790604,0.6389044523239136
meanOT,1,250000,25,0.6027816534042358,0.4239223897457123,0.1342286914587021,0.5841544270515442
meanOT,1,250000,26,0.29099521040916443,0.15180963277816772,0.029860595241189003,0.7815831303596497
meanOT,1,250000,27,0.13615554571151733,0.024413686245679855,0.007680336479097605,0.6270989775657654
meanOT,1,250000,28,0.4321826696395874,0.2352827489376068,0.049782466143369675,0.7478122115135193
meanOT,1,250000,29,0.14352671802043915,0.02973317727446556,0.007074744440615177,0.7198247909545898
meanOT,1,250000,30,0.5376497507095337,0.34515875577926636,0.07064753770828247,0.7520541548728943
meanOT,1,250000,31,0.17757850885391235,0.040846385061740875,0.011141333729028702,0.6721442937850952
meanOT,1,250000,32,0.6114627122879028,0.4688846468925476,0.14909455180168152,0.5769388675689697
meanOT,1,250000,33,0.5706651210784912,0.37530481815338135,0.13425295054912567,0.5490552186965942
meanOT,1,250000,34,0.5281420946121216,0.3251093924045563,0.09168675541877747,0.6342061758041382
meanOT,1,250000,35,0.6277241110801697,0.4609314799308777,0.12152151763439178,0.6448466777801514
meanOT,1,250000,36,0.15569865703582764,0.034930553287267685,0.012522798962891102,0.5850424766540527
meanOT,1,250000,37,0.17952166497707367,0.0372207835316658,0.012166050262749195,0.6118217706680298
meanOT,1,250000,38,0.6131548881530762,0.487954318523407,0.1298312097787857,0.6380616426467896
meanOT,1,250000,39,0.5217280983924866,0.3454800546169281,0.09635505825281143,0.6348119378089905
meanOT,1,250000,40,0.09160646796226501,0.013500077649950981,0.004549315199255943,0.6059290766716003
meanOT,1,250000,41,0.21194519102573395,0.05174175649881363,0.022083448246121407,0.5334081649780273
meanOT,1,250000,42,0.3863300681114197,0.2337113320827484,0.051182784140110016,0.7332660555839539
meanOT,1,250000,43,0.5199409127235413,0.32593822479248047,0.08326408267021179,0.6693862676620483
meanOT,1,250000,44,0.10043075680732727,0.014420321211218834,0.004271704237908125,0.6452688574790955
meanOT,1,250000,45,0.5089012384414673,0.30146315693855286,0.10209356248378754,0.5755000710487366
meanOT,1,250000,46,0.548217236995697,0.3661155104637146,0.10398010909557343,0.6273276209831238
meanOT,1,250000,47,0.6457345485687256,0.49534210562705994,0.11709821969270706,0.6820809841156006
meanOT,1,250000,48,0.0940973088145256,0.012345731258392334,0.003963171504437923,0.6210690140724182
meanOT,1,250000,49,0.11747082322835922,0.031482815742492676,0.008256047032773495,0.6862844228744507
meanOT,1,250000,50,0.15067589282989502,0.030549045652151108,0.005743360612541437,0.8084045648574829
meanOT,1,250000,51,0.16052740812301636,0.03778960183262825,0.012271750718355179,0.6108844876289368
meanOT,1,250000,52,0.33360275626182556,0.16819551587104797,0.033174268901348114,0.7776496410369873
meanOT,1,250000,53,0.6559442281723022,0.49430352449417114,0.15443679690361023,0.5813759565353394
meanOT,1,250000,54,0.5843122005462646,0.4050173759460449,0.08659068495035172,0.7288552522659302
meanOT,1,250000,55,0.09885997325181961,0.0219481959939003,0.006367741152644157,0.6517243981361389
meanOT,1,250000,56,0.5219225883483887,0.333129346370697,0.11647280305624008,0.5610823035240173
meanOT,1,250000,57,0.6152976155281067,0.4544731378555298,0.1235237792134285,0.6332747340202332
meanOT,1,250000,58,0.1240348145365715,0.020210109651088715,0.009006966836750507,0.5239599943161011
meanOT,1,250000,59,0.1783764362335205,0.04745631292462349,0.01020849123597145,0.7526730895042419
meanOT,1,250000,60,0.5990675687789917,0.4517139494419098,0.11194538325071335,0.6689640879631042
meanOT,1,250000,61,0.07016699016094208,0.006953928153961897,0.003264868166297674,0.512692928314209
meanOT,1,250000,62,0.14325042068958282,0.02861962839961052,0.0072556291706860065,0.6926614046096802
meanOT,1,250000,63,0.5817215442657471,0.38777774572372437,0.10427094995975494,0.6446576118469238
meanOT,1,250000,64,0.6082172393798828,0.42618808150291443,0.10369983315467834,0.6780962944030762
meanOT,1,250000,65,0.15414969623088837,0.036115311086177826,0.008485025726258755,0.7211003303527832
meanOT,1,250000,66,0.1937614530324936,0.051353566348552704,0.023297948762774467,0.5162912607192993
meanOT,1,250000,67,0.42516276240348816,0.22822141647338867,0.06377537548542023,0.6466169357299805
meanOT,1,250000,68,0.5873974561691284,0.41446149349212646,0.1269068419933319,0.595487117767334
meanOT,1,250000,69,0.1027618870139122,0.028697974979877472,0.006358757149428129,0.7420005798339844
meanOT,1,250000,70,0.11827489733695984,0.015539509244263172,0.008418412879109383,0.4730721712112427
meanOT,1,250000,71,0.18997079133987427,0.04570566117763519,0.019867612048983574,0.5275193452835083
meanOT,1,250000,72,0.48974043130874634,0.3108421266078949,0.06799805909395218,0.7290843725204468
meanOT,1,250000,73,0.06673960387706757,0.0070668961852788925,0.0026047455612570047,0.5798525810241699
meanOT,1,250000,74,0.5023247599601746,0.28782039880752563,0.06368548423051834,0.726905345916748
meanOT,1,250000,75,0.13948121666908264,0.026090629398822784,0.013045473955571651,0.48840612173080444
meanOT,1,250000,76,0.5970555543899536,0.43027371168136597,0.10817492753267288,0.6654151678085327
meanOT,1,250000,77,0.2019476294517517,0.04724811017513275,0.012535135261714458,0.6789679527282715
meanOT,1,250000,78,0.5332619547843933,0.316761314868927,0.0896349847316742,0.6335688829421997
meanOT,1,250000,79,0.6416385173797607,0.460885226726532,0.1435435563325882,0.5856283903121948
meanOT,1,250000,80,0.10221274197101593,0.012969966977834702,0.006846053525805473,0.48309749364852905
meanOT,1,250000,81,0.16206492483615875,0.033157989382743835,0.0070374212227761745,0.7617194056510925
meanOT,1,250000,82,0.07595899701118469,0.014990250580012798,0.003811269998550415,0.6955678462982178
meanOT,1,250000,83,0.6127344369888306,0.46033138036727905,0.1243373304605484,0.6357240676879883
meanOT,1,250000,84,0.5068376660346985,0.3445837199687958,0.0783122107386589,0.7111397385597229
meanOT,1,250000,85,0.11136232316493988,0.01804821565747261,0.0036647478118538857,0.7763662934303284
meanOT,1,250000,86,0.6059472560882568,0.44940996170043945,0.12580952048301697,0.6242029666900635
meanOT,1,250000,87,0.5447664260864258,0.36167144775390625,0.09436945617198944,0.6581118106842041
meanOT,1,250000,88,0.15624429285526276,0.029541898518800735,0.01167097594588995,0.5542227029800415
meanOT,1,250000,89,0.22043964266777039,0.07167378067970276,0.01618700660765171,0.7329022288322449
meanOT,1,250000,90,0.6483649015426636,0.4998086094856262,0.1341346949338913,0.6345587372779846
meanOT,1,250000,91,0.14934304356575012,0.028382599353790283,0.008905837312340736,0.6275144815444946
meanOT,1,250000,92,0.10454966127872467,0.01631125994026661,0.004272147081792355,0.6869583129882812
meanOT,1,250000,93,0.1259336620569229,0.02620743028819561,0.007143028080463409,0.6726949214935303
meanOT,1,250000,94,0.5368692278862,0.34076425433158875,0.09442009776830673,0.6381606459617615
meanOT,1,250000,95,0.07101675868034363,0.008054286241531372,0.004069531802088022,0.4945000112056732
meanOT,1,250000,96,0.0986756756901741,0.01228396687656641,0.006325636059045792,0.48859867453575134
meanOT,1,250000,97,0.6125832796096802,0.42797040939331055,0.12207581847906113,0.6197893619537354
meanOT,1,250000,98,0.08555109053850174,0.010950478725135326,0.004270546603947878,0.561475396156311
meanOT,1,250000,99,0.46584922075271606,0.24417877197265625,0.06105194240808487,0.6844319105148315
meanOT,1,250000,100,0.21995596587657928,0.06531178951263428,0.01884564943611622,0.6510759592056274
meanOT,1,250000,101,0.1089116632938385,0.024912625551223755,0.0093809450045228,0.5711661577224731
meanOT,1,250000,102,0.12710638344287872,0.02258879318833351,0.004282709676772356,0.8074284791946411
meanOT,1,250000,103,0.13859473168849945,0.030144603922963142,0.004119184799492359,0.9474180936813354
meanOT,1,250000,104,0.1140572726726532,0.018939994275569916,0.004223283380270004,0.7427322864532471
meanOT,1,250000,105,0.11583055555820465,0.017537109553813934,0.009200545959174633,0.4818808436393738
meanOT,1,250000,106,0.1183403953909874,0.028204454109072685,0.008151749148964882,0.649726390838623
meanOT,1,250000,107,0.08418510854244232,0.019756976515054703,0.0047760470770299435,0.7122471928596497
meanOT,1,250000,108,0.1332833170890808,0.02297665737569332,0.011229808442294598,0.5003668069839478
meanOT,1,250000,109,0.11278105527162552,0.014964038506150246,0.0050892699509859085,0.6037507653236389
meanOT,1,250000,110,0.11087552458047867,0.020290778949856758,0.008573178201913834,0.5367474555969238
meanOT,1,250000,111,0.09097599983215332,0.01293671503663063,0.004074338357895613,0.626835823059082
meanOT,1,250000,112,0.08507946878671646,0.014694122597575188,0.004378900863230228,0.6403986215591431
meanOT,1,250000,113,0.4851579964160919,0.27168065309524536,0.06309922784566879,0.7093921899795532
meanOT,1,250000,114,0.15700335800647736,0.033536721020936966,0.006293113809078932,0.8090070486068726
meanOT,1,250000,115,0.5126136541366577,0.3436191976070404,0.07408248633146286,0.7317383885383606
meanOT,1,250000,116,0.1529451310634613,0.031923193484544754,0.013634437695145607,0.5345608592033386
meanOT,1,250000,117,0.10814696550369263,0.015762632712721825,0.005507281515747309,0.5947492718696594
meanOT,1,250000,118,0.6262312531471252,0.4653605818748474,0.1434399038553238,0.5884835720062256
meanOT,1,250000,119,0.2464333325624466,0.08072789013385773,0.026758965104818344,0.6012517213821411
meanOT,1,250000,120,0.5135445594787598,0.3168378174304962,0.11126307398080826,0.5615144968032837
meanOT,1,250000,121,0.132588192820549,0.019933972507715225,0.00851435400545597,0.5355762243270874
meanOT,1,250000,122,0.5567205548286438,0.41057735681533813,0.12650080025196075,0.5946935415267944
meanOT,1,250000,123,0.07895148545503616,0.008388292044401169,0.003212287789210677,0.5645582675933838
meanOT,1,250000,124,0.5630078315734863,0.3874824643135071,0.09466838091611862,0.6799228191375732
meanOT,1,250000,125,0.5515648126602173,0.34742146730422974,0.09305519610643387,0.6500327587127686
meanOT,1,250000,126,0.14093349874019623,0.028774525970220566,0.0072660804726183414,0.6940394639968872
meanOT,1,250000,127,0.0863795056939125,0.014181399717926979,0.004863337613642216,0.5993826985359192
meanOT,1,1000000,0,0.04312821105122566,0.004433538299053907,0.00030159117886796594,1.2310384511947632
meanOT,1,1000000,1,0.018209828063845634,0.0021866713650524616,0.00023456965573132038,1.0353693962097168
meanOT,1,1000000,2,0.027499228715896606,0.0012549861567094922,0.000193782543647103,0.8956345319747925
meanOT,1,1000000,3,0.02422051690518856,0.0012869056081399322,0.00025518517941236496,0.7886916995048523
meanOT,1,1000000,4,0.02427138201892376,0.0023296864237636328,0.00036744834505952895,0.8830578327178955
meanOT,1,1000000,5,0.02438882552087307,0.0027854538056999445,0.00044915624312125146,0.8470072746276855
meanOT,1,1000000,6,0.01699964702129364,0.0018024081364274025,0.00012685525871347636,1.279363989830017
meanOT,1,1000000,7,0.0330856628715992,0.0013386881910264492,0.000280610634945333,0.767928957939148
meanOT,1,1000000,8,0.022940361872315407,0.001581733813509345,0.0002121543511748314,0.9520249366760254
meanOT,1,1000000,9,0.026918228715658188,0.0014209466753527522,0.00042032019700855017,0.6410504579544067
meanOT,1,1000000,10,0.033000584691762924,0.001703111920505762,0.0003431449003983289,0.775971531867981
meanOT,1,1000000,11,0.033111583441495895,0.0025025163777172565,0.0009965957142412663,0.5275834798812866
meanOT,1,1000000,12,0.033884093165397644,0.0028923864010721445,0.0002583102905191481,1.1289629936218262
meanOT,1,1000000,13,0.03306664526462555,0.0016018307069316506,0.00020908565784338862,0.9664101004600525
meanOT,1,1000000,14,0.024328939616680145,0.002659568330273032,0.00035933504113927484,0.9372618198394775
meanOT,1,1000000,15,0.025632139295339584,0.0010233342181891203,0.0003036950947716832,0.6434656381607056
meanOT,1,1000000,16,0.027914458885788918,0.0012970732059329748,0.00021049377392046154,0.8606343865394592
meanOT,1,1000000,17,0.026193339377641678,0.0015562651678919792,0.0008053032215684652,0.4664422869682312
meanOT,1,1000000,18,0.025085730478167534,0.0016020326875150204,0.00026989437174052,0.8508365750312805
meanOT,1,1000000,19,0.027368810027837753,0.0013109412975609303,0.00013482874783221632,1.082774043083191
meanOT,1,1000000,20,0.027199747040867805,0.0017574066296219826,0.00015304668340831995,1.1506325006484985
meanOT,1,1000000,21,0.02748987078666687,0.0019720327109098434,0.00026387465186417103,0.9484474658966064
meanOT,1,1000000,22,0.022782830521464348,0.0013088647974655032,0.0002168089267797768,0.8642338514328003
meanOT,1,1000000,23,0.026997916400432587,0.0017689813394099474,0.00022818501747678965,0.9774693846702576
meanOT,1,1000000,24,0.029472623020410538,0.001568344421684742,0.0001890222483780235,1.010373592376709
meanOT,1,1000000,25,0.02918103151023388,0.0014173996169120073,0.00028447541990317404,0.7849783897399902
meanOT,1,1000000,26,0.019838860258460045,0.0022134832106530666,0.00022689602337777615,1.0723953247070312
meanOT,1,1000000,27,0.025670409202575684,0.0016392858233302832,0.0002172555832657963,0.9141062498092651
meanOT,1,1000000,28,0.01577051915228367,0.0006441978039219975,7.436728628817946e-05,1.0300822257995605
meanOT,1,1000000,29,0.03640754893422127,0.0032267386559396982,0.0002857583458535373,1.145956039428711
meanOT,1,1000000,30,0.022753514349460602,0.0011458266526460648,0.00015346903819590807,0.9602979421615601
meanOT,1,1000000,31,0.0249079130589962,0.0015384407015517354,0.0002855848870240152,0.8113470077514648
meanOT,1,1000000,32,0.02907475270330906,0.0017886353889480233,0.00030671581043861806,0.8504980802536011
meanOT,1,1000000,33,0.027624303475022316,0.0016636175569146872,0.00031020279857330024,0.8084075450897217
meanOT,1,1000000,34,0.027274753898382187,0.0013364271726459265,0.00016716268146410584,0.9865029454231262
meanOT,1,1000000,35,0.029005790129303932,0.0012087348150089383,0.0001497932680649683,0.9929446578025818
meanOT,1,1000000,36,0.041027627885341644,0.0026811554562300444,0.0003289356245659292,0.9911227226257324
meanOT,1,1000000,37,0.025881754234433174,0.0014038054505363107,0.0002402629907010123,0.8427616953849792
meanOT,1,1000000,38,0.029954228550195694,0.0013295934768393636,0.000212181854294613,0.8810693025588989
meanOT,1,1000000,39,0.02375533990561962,0.0009741063113324344,0.000172863103216514,0.8333965539932251
meanOT,1,1000000,40,0.022679783403873444,0.0014607175253331661,0.0002655348216649145,0.8193700313568115
meanOT,1,1000000,41,0.02336556278169155,0.0015510029625147581,0.0003737483930308372,0.704016387462616
meanOT,1,1000000,42,0.029157670214772224,0.0016210062894970179,0.00024773579207248986,0.8917893171310425
meanOT,1,1000000,43,0.022519433870911598,0.0006954893469810486,8.493461064063013e-05,0.993715226650238
meanOT,1,1000000,44,0.02512487582862377,0.0027657179161906242,0.0002580612781457603,1.1158783435821533
meanOT,1,1000000,45,0.023164287209510803,0.001094222185201943,0.00016044384392444044,0.9124597311019897
meanOT,1,1000000,46,0.030346998944878578,0.0015455163083970547,0.000251978199230507,0.866158127784729
meanOT,1,1000000,47,0.034081026911735535,0.0015144242206588387,0.00017508982273284346,1.037309169769287
meanOT,1,1000000,48,0.02994372695684433,0.003659226465970278,0.0005570932989940047,0.8711661100387573
meanOT,1,1000000,49,0.03776032105088234,0.002001807326450944,0.0001773997937561944,1.122012972831726
meanOT,1,1000000,50,0.02912275679409504,0.0049811359494924545,0.00012161320773884654,2.1800220012664795
meanOT,1,1000000,51,0.01993533968925476,0.001057727262377739,0.0001184324937639758,1.029325008392334
meanOT,1,1000000,52,0.0370948389172554,0.0023287669755518436,0.00020183097512926906,1.1635644435882568
meanOT,1,1000000,53,0.03180171549320221,0.00134022266138345,0.00022381384042091668,0.861420750617981
meanOT,1,1000000,54,0.02645173855125904,0.0017324883956462145,0.00017461077368352562,1.1066226959228516
meanOT,1,1000000,55,0.030162440612912178,0.002445179969072342,0.0003407360927667469,0.9270372986793518
meanOT,1,1000000,56,0.026729766279459,0.0013393709668889642,0.0002495193912182003,0.8071287870407104
meanOT,1,1000000,57,0.029300646856427193,0.0017020718660205603,0.0002870931348297745,0.8561517596244812
meanOT,1,1000000,58,0.018897296860814095,0.0005978853441774845,0.0001892323634820059,0.624738872051239
meanOT,1,1000000,59,0.031798068434000015,0.0027316014748066664,0.00021358660887926817,1.2150583267211914
meanOT,1,1000000,60,0.02586362138390541,0.0009470934164710343,0.00017406331608071923,0.8180278539657593
meanOT,1,1000000,61,0.0237966887652874,0.0014534210786223412,0.0003272211761213839,0.7286760807037354
meanOT,1,1000000,62,0.018427422270178795,0.004318014718592167,0.00014248750812839717,1.8488593101501465
meanOT,1,1000000,63,0.030887175351381302,0.0017122766003012657,0.0002605420886538923,0.8990527391433716
meanOT,1,1000000,64,0.027948342263698578,0.0012099983869120479,0.00023968880122993141,0.7927145957946777
meanOT,1,1000000,65,0.02135852538049221,0.0017412833403795958,0.0003420092980377376,0.7566673159599304
meanOT,1,1000000,66,0.032796844840049744,0.0020605656318366528,0.00037159715429879725,0.8257121443748474
meanOT,1,1000000,67,0.03094523958861828,0.0012750389287248254,0.00019251412595622241,0.8953798413276672
meanOT,1,1000000,68,0.027767421677708626,0.0013699170667678118,0.00020919782400596887,0.8923968076705933
meanOT,1,1000000,69,0.03284359723329544,0.0032060688827186823,0.00020310765830799937,1.2722413539886475
meanOT,1,1000000,70,0.018902424722909927,0.0014544230652973056,0.0001803379855118692,0.9870626330375671
meanOT,1,1000000,71,0.03368055075407028,0.002306050155311823,0.0003792096395045519,0.8637677431106567
meanOT,1,1000000,72,0.02429584413766861,0.0018018650589510798,0.00024168079835362732,0.952023983001709
meanOT,1,1000000,73,0.018435336649417877,0.0008609085343778133,0.0001444170338800177,0.8515791893005371
meanOT,1,1000000,74,0.026888532564044,0.0009204966481775045,0.00013730369391851127,0.9105563163757324
meanOT,1,1000000,75,0.01990395411849022,0.0014916660729795694,0.00027303359820507467,0.8035755753517151
meanOT,1,1000000,76,0.026000645011663437,0.0010622518602758646,0.00013648685126099735,0.9724714159965515
meanOT,1,1000000,77,0.02789575420320034,0.001013261964544654,0.00018661025387700647,0.8058446049690247
meanOT,1,1000000,78,0.026307879015803337,0.0029041841626167297,0.00042403597035445273,0.9024745225906372
meanOT,1,1000000,79,0.029332097619771957,0.0011272162664681673,0.00021012949582654983,0.809539258480072
meanOT,1,1000000,80,0.02680998295545578,0.0010063196532428265,0.0004200401599518955,0.538048267364502
meanOT,1,1000000,81,0.022248612716794014,0.002679211786016822,0.00019862268527504057,1.2117555141448975
meanOT,1,1000000,82,0.009292635135352612,0.0026185386814177036,0.00010849742102436721,1.5809803009033203
meanOT,1,1000000,83,0.03324209153652191,0.0017446010606363416,0.00027776899514719844,0.8831080198287964
meanOT,1,1000000,84,0.027683453634381294,0.0028742842841893435,0.0003264241968281567,1.0441638231277466
meanOT,1,1000000,85,0.031546030193567276,0.0029045999981462955,0.00012330649769864976,1.608599305152893
meanOT,1,1000000,86,0.03171053156256676,0.0015278621576726437,0.0002365545224165544,0.8924450874328613
meanOT,1,1000000,87,0.030277129262685776,0.001447924179956317,0.00021437020041048527,0.9065391421318054
meanOT,1,1000000,88,0.02923826314508915,0.001113702543079853,0.0002511436177883297,0.730230450630188
meanOT,1,1000000,89,0.03202030435204506,0.0022044365759938955,0.00023304556088987738,1.0641517639160156
meanOT,1,1000000,90,0.023266253992915154,0.0009643619996495545,0.00020098179811611772,0.7729698419570923
meanOT,1,1000000,91,0.026269765570759773,0.0016532966401427984,0.00021915223624091595,0.9140670299530029
meanOT,1,1000000,92,0.038013845682144165,0.0033334149047732353,0.00029413009178824723,1.1433621644973755
meanOT,1,1000000,93,0.019171092659235,0.0013952712761238217,0.00022752243967261165,0.8397985696792603
meanOT,1,1000000,94,0.027632951736450195,0.0010814210399985313,0.0001905603421619162,0.8373045325279236
meanOT,1,1000000,95,0.016717877238988876,0.0011364493984729052,0.0003128201060462743,0.6664113998413086
meanOT,1,1000000,96,0.0186676736921072,0.0011701371986418962,0.00037022659671492875,0.6052862405776978
meanOT,1,1000000,97,0.025828804820775986,0.0008440284291282296,0.000136146045406349,0.8736480474472046
meanOT,1,1000000,98,0.02788294106721878,0.001492855604737997,0.0002737042959779501,0.8089898824691772
meanOT,1,1000000,99,0.030475463718175888,0.0014382952358573675,0.00018817441014107317,0.9543173909187317
meanOT,1,1000000,100,0.01825912483036518,0.0009612012654542923,0.00010233089415123686,1.0542269945144653
meanOT,1,1000000,101,0.021844709292054176,0.0012449007481336594,0.0001832281704992056,0.901226282119751
meanOT,1,1000000,102,0.04442976415157318,0.005315362475812435,0.00015868167974986136,1.9606387615203857
meanOT,1,1000000,103,0.03602131828665733,0.004325852729380131,9.291947935707867e-05,2.3727593421936035
meanOT,1,1000000,104,0.02160668931901455,0.004225546028465033,0.0001744380424497649,1.600541114807129
meanOT,1,1000000,105,0.024057095870375633,0.0010591810569167137,0.00045587055501528084,0.5283690094947815
meanOT,1,1000000,106,0.023350128903985023,0.00328967347741127,0.00029551994521170855,1.0933806896209717
meanOT,1,1000000,107,0.027169810608029366,0.003082660026848316,0.00019842722394969314,1.248414158821106
meanOT,1,1000000,108,0.025031981989741325,0.0012832884676754475,0.0003154597361572087,0.6859416961669922
meanOT,1,1000000,109,0.030126424506306648,0.0020790169946849346,0.00027602387126535177,0.9401971101760864
meanOT,1,1000000,110,0.020851444453001022,0.0013758374843746424,0.0002561084402259439,0.7705271244049072
meanOT,1,1000000,111,0.027474259957671165,0.003402426838874817,0.0002206203353125602,1.254824161529541
meanOT,1,1000000,112,0.019974898546934128,0.00215607276186347,0.0001265572791453451,1.2991353273391724
meanOT,1,1000000,113,0.023729221895337105,0.0012578191235661507,0.00013304324238561094,1.0630016326904297
meanOT,1,1000000,114,0.030372969806194305,0.005037768743932247,0.00012305090785957873,2.1794259548187256
meanOT,1,1000000,115,0.03409036993980408,0.001982585061341524,0.00024239452613983303,1.003507375717163
meanOT,1,1000000,116,0.02045922540128231,0.0011546025052666664,0.00037281811819411814,0.6094295978546143
meanOT,1,1000000,117,0.03134358301758766,0.0026668421924114227,0.0002959782141260803,1.049718976020813
meanOT,1,1000000,118,0.032034922391176224,0.0025142179802060127,0.0002825697301886976,1.0434677600860596
meanOT,1,1000000,119,0.026725467294454575,0.0018886082107201219,0.00032965868012979627,0.836246132850647
meanOT,1,1000000,120,0.02600804716348648,0.0012148668756708503,0.0002262920024804771,0.807172417640686
meanOT,1,1000000,121,0.030911274254322052,0.00190443464089185,0.00039240572368726134,0.7533151507377625
meanOT,1,1000000,122,0.02641097642481327,0.0011938801035284996,0.00022264399740379304,0.8125264644622803
meanOT,1,1000000,123,0.03611104190349579,0.0018317385111004114,0.00037078632158227265,0.7637416124343872
meanOT,1,1000000,124,0.036684971302747726,0.0024461718276143074,0.00031877527362667024,0.9751245975494385
meanOT,1,1000000,125,0.026338081806898117,0.0008806752157397568,0.00017181494331452996,0.7920275926589966
meanOT,1,1000000,126,0.01850825361907482,0.0043346937745809555,0.00014301777991931885,1.8489176034927368
meanOT,1,1000000,127,0.017852874472737312,0.0012035779654979706,0.00015913588867988437,0.9399298429489136
meanOT,2,5001,0,0.0038280077278614044,1.4655108316219412e-05,7.208495389932068e-06,0.5041103363037109
meanOT,2,5001,1,0.004126727115362883,1.7030843082466163e-05,8.318618711200543e-06,0.5058777332305908
meanOT,2,5001,2,0.0045562018640339375,2.0763480279129e-05,1.014061490423046e-05,0.5059069395065308
meanOT,2,5001,3,0.003134240163490176,9.823728760238737e-06,4.882033863395918e-06,0.5015239715576172
meanOT,2,5001,4,0.004502498544752598,2.02786541194655e-05,9.848187801253516e-06,0.5073342323303223
meanOT,2,5001,5,0.004914641845971346,2.4159358872566372e-05,1.179752143798396e-05,0.5059407353401184
meanOT,2,5001,6,0.004693737253546715,2.2033553250366822e-05,1.0729538189480081e-05,0.5066455602645874
meanOT,2,5001,7,0.003101157024502754,9.617495379643515e-06,4.763449396705255e-06,0.5023704767227173
meanOT,2,5001,8,0.00403877766802907,1.6316604160238057e-05,7.860480764065869e-06,0.509381890296936
meanOT,2,5001,9,0.003940791357308626,1.5532496036030352e-05,7.593872851430206e-06,0.505640983581543
meanOT,2,5001,10,0.003602860262617469,1.2981153304281179e-05,6.413186838472029e-06,0.503006100654602
meanOT,2,5001,11,0.0027281062211841345,7.442603418894578e-06,3.712659918164718e-06,0.5005805492401123
meanOT,2,5001,12,0.003789786947891116,1.4363044101628475e-05,7.096807166817598e-06,0.5029735565185547
meanOT,2,5001,13,0.0033549938816577196,1.1256319339736365e-05,5.581228379014647e-06,0.5020963549613953
meanOT,2,5001,14,0.003937551751732826,1.550869274069555e-05,7.543948413513135e-06,0.5069223046302795
meanOT,2,5001,15,0.004591412842273712,2.108527405653149e-05,1.0363592991780024e-05,0.5042978525161743
meanOT,2,5001,16,0.0036727692931890488,1.349021476926282e-05,6.6576144490682054e-06,0.5032728910446167
meanOT,2,5001,17,0.0025837922003120184,6.676011707895668e-06,3.3310884646198247e-06,0.5005179643630981
meanOT,2,5001,18,0.003985243383795023,1.588301165611483e-05,7.782278771628626e-06,0.50508713722229
meanOT,2,5001,19,0.003294275840744376,1.0852854757104069e-05,5.367320227378514e-06,0.5027441382408142
meanOT,2,5001,20,0.004277587402611971,1.82997428055387e-05,8.99540009413613e-06,0.5042724013328552
meanOT,2,5001,21,0.004533820319920778,2.0561094061122276e-05,9.979630704037845e-06,0.5074796080589294
meanOT,2,5001,22,0.0035905297845602036,1.2892875020042993e-05,6.361754458339419e-06,0.5033150911331177
meanOT,2,5001,23,0.004286014474928379,1.8371851183474064e-05,9.034668437379878e-06,0.5041656494140625
meanOT,2,5001,24,0.003883553436025977,1.5083027392392978e-05,7.404327334370464e-06,0.5046086311340332
meanOT,2,5001,25,0.003964163828641176,1.5715526387793943e-05,7.78525645728223e-06,0.5023208260536194
meanOT,2,5001,26,0.004452813416719437,1.9831928511848673e-05,9.685090844868682e-06,0.5059218406677246
meanOT,2,5001,27,0.004341148305684328,1.8849199477699585e-05,9.19681497180136e-06,0.5061516761779785
meanOT,2,5001,28,0.004530377686023712,2.0536372176138684e-05,9.875005162029993e-06,0.5098540782928467
meanOT,2,5001,29,0.00404497142881155,1.636414344829973e-05,8.042234185268171e-06,0.5043260455131531
meanOT,2,5001,30,0.00461336737498641,2.128997221007012e-05,1.0351024684496224e-05,0.5070472955703735
meanOT,2,5001,31,0.0038662999868392944,1.4949854630685877e-05,7.2808215918485075e-06,0.5066192150115967
meanOT,2,5001,32,0.003914365544915199,1.5324139894801192e-05,7.568412002001423e-06,0.5030821561813354
meanOT,2,5001,33,0.003223830834031105,1.039336530084256e-05,5.144492206454743e-06,0.5025284886360168
meanOT,2,5001,34,0.004050480667501688,1.6407600924139842e-05,8.05224226496648e-06,0.5046813488006592
meanOT,2,5001,35,0.004271894693374634,1.8251299479743466e-05,8.924585927161388e-06,0.5055985450744629
meanOT,2,5001,36,0.0040709516033530235,1.6573749235249124e-05,8.141381840687245e-06,0.5044457912445068
meanOT,2,5001,37,0.0045231059193611145,2.045957626251038e-05,1.0059334272227716e-05,0.5042157769203186
meanOT,2,5001,38,0.002872820943593979,8.253467058239039e-06,4.072776846442139e-06,0.5032999515533447
meanOT,2,5001,39,0.004081082064658403,1.6656444131513126e-05,8.190593689505477e-06,0.5041811466217041
meanOT,2,5001,40,0.004545998759567738,2.067307650577277e-05,9.946699719876051e-06,0.5097014904022217
meanOT,2,5001,41,0.004405223298817873,1.9407440049690194e-05,9.529650924378075e-06,0.5045433044433594
meanOT,2,5001,42,0.004315554164350033,1.8629696569405496e-05,9.017667252919637e-06,0.5081696510314941
meanOT,2,5001,43,0.004243532195687294,1.801439793780446e-05,8.740625162317883e-06,0.5075649619102478
meanOT,2,5001,44,0.004600022453814745,2.1162373741390184e-05,1.029331633617403e-05,0.5069406628608704
meanOT,2,5001,45,0.003992827143520117,1.5944449842208996e-05,7.844429092074279e-06,0.5040541887283325
meanOT,2,5001,46,0.003366780001670122,1.133555815613363e-05,5.626606252917554e-06,0.5018245577812195
meanOT,2,5001,47,0.004185521975159645,1.752280877553858e-05,8.562044968130067e-06,0.5057851076126099
meanOT,2,5001,48,0.0048297070898115635,2.3329999748966657e-05,1.1240086678299122e-05,0.5093601942062378
meanOT,2,5001,49,0.004496026784181595,2.022103944909759e-05,9.88886495179031e-06,0.5055698752403259
meanOT,2,5001,50,0.0038945109117776155,1.516986230853945e-05,7.373442713287659e-06,0.5071178674697876
meanOT,2,5001,51,0.004189508501440287,1.7553411453263834e-05,8.663703738420736e-06,0.5032479763031006
meanOT,2,5001,52,0.0038814276922494173,1.5067445019667502e-05,7.348026429099264e-06,0.5062764286994934
meanOT,2,5001,53,0.0031873714178800583,1.0159588782698847e-05,5.030741249356652e-06,0.5024304389953613
meanOT,2,5001,54,0.004576742183417082,2.095627314702142e-05,1.005817193799885e-05,0.5103288888931274
meanOT,2,5001,55,0.004227915778756142,1.7878257494885474e-05,8.718982826394495e-06,0.5062705278396606
meanOT,2,5001,56,0.004230943974107504,1.7904498236021027e-05,8.789284038357437e-06,0.504611611366272
meanOT,2,5001,57,0.0035540699027478695,1.2632579455384985e-05,6.231166935322108e-06,0.5034018754959106
meanOT,2,5001,58,0.0037317981477826834,1.3926852261647582e-05,6.893550562381279e-06,0.5025259256362915
meanOT,2,5001,59,0.004629603121429682,2.1438147086882964e-05,1.0339044820284471e-05,0.509103536605835
meanOT,2,5001,60,0.0025877098087221384,6.696356194879627e-06,3.324788622194319e-06,0.5017547607421875
meanOT,2,5001,61,0.003074327949434519,9.452187441638671e-06,4.659957994590513e-06,0.5035343170166016
meanOT,2,5001,62,0.004268362186849117,1.822786907723639e-05,8.759605407249182e-06,0.5100098848342896
meanOT,2,5001,63,0.0037968975957483053,1.441865515516838e-05,7.083694981702138e-06,0.5044125318527222
meanOT,2,5001,64,0.004099512938410044,1.6808800864964724e-05,8.206255188270006e-06,0.5059980750083923
meanOT,2,5001,65,0.00474788062274456,2.2556167095899582e-05,1.0719725651142653e-05,0.5128535032272339
meanOT,2,5001,66,0.004010987002402544,1.6088970369310118e-05,7.930243555165362e-06,0.5035865306854248
meanOT,2,5001,67,0.0039810482412576675,1.5850961062824354e-05,7.796059435349889e-06,0.5041310787200928
meanOT,2,5001,68,0.004544640891253948,2.0657664208556525e-05,1.0039687367680017e-05,0.5071461200714111
meanOT,2,5001,69,0.005019424017518759,2.5212088075932115e-05,1.2050772056682035e-05,0.5113864541053772
meanOT,2,5001,70,0.00399989215657115,1.6000938558136113e-05,7.894688678788953e-06,0.5033365488052368
meanOT,2,5001,71,0.00393934128805995,1.5519648513873108e-05,7.660333722014911e-06,0.5032344460487366
meanOT,2,5001,72,0.004203832242637873,1.7677821233519353e-05,8.515566150890663e-06,0.5094020366668701
meanOT,2,5001,73,0.004262692295014858,1.8173432181356475e-05,8.921306289266795e-06,0.5046115517616272
meanOT,2,5001,74,0.003538853256031871,1.2526370483101346e-05,6.109415608079871e-06,0.5062514543533325
meanOT,2,5001,75,0.0039895703084766865,1.591902764630504e-05,7.756852937745862e-06,0.5064875483512878
meanOT,2,5001,76,0.00498531898483634,2.4863567887223326e-05,1.2063184840371832e-05,0.5075781345367432
meanOT,2,5001,77,0.004336381331086159,1.8805420040735044e-05,9.212125405611005e-06,0.5051430463790894
meanOT,2,5001,78,0.003657717490568757,1.3381900316744577e-05,6.517091151181376e-06,0.5066236257553101
meanOT,2,5001,79,0.00351313897408545,1.2342323316261172e-05,6.122377271822188e-06,0.5019864439964294
meanOT,2,5001,80,0.004117781762033701,1.6957108528004028e-05,8.336065548064653e-06,0.5042529702186584
meanOT,2,5001,81,0.005257317330688238,2.764948658295907e-05,1.316192629019497e-05,0.5124315023422241
meanOT,2,5001,82,0.0036897906102240086,1.361592239845777e-05,6.6988650360144675e-06,0.5040531158447266
meanOT,2,5001,83,0.0036135176196694374,1.3057833712082356e-05,6.456431947299279e-06,0.5027971267700195
meanOT,2,5001,84,0.005097659770399332,2.599431900307536e-05,1.2614979823410977e-05,0.5075139999389648
meanOT,2,5001,85,0.004971696063876152,2.47234056587331e-05,1.1990491657343227e-05,0.5076775550842285
meanOT,2,5001,86,0.0035328720696270466,1.2482026249927003e-05,6.17515979683958e-06,0.502657413482666
meanOT,2,5001,87,0.004249416291713715,1.8061287846649066e-05,8.837098903313745e-06,0.5054433345794678
meanOT,2,5001,88,0.0044512017630040646,1.981606510526035e-05,9.639281415729783e-06,0.5069196224212646
meanOT,2,5001,89,0.00519045302644372,2.6954119675792754e-05,1.2905668882012833e-05,0.5109453201293945
meanOT,2,5001,90,0.004210890270769596,1.7734524590196088e-05,8.69026825967012e-06,0.5050637722015381
meanOT,2,5001,91,0.0045799617655575275,2.098008008033503e-05,1.0235205991193652e-05,0.5061835050582886
meanOT,2,5001,92,0.004636373370885849,2.1500851289601997e-05,1.0525845027586911e-05,0.5053029656410217
meanOT,2,5001,93,0.004070961847901344,1.6576041161897592e-05,8.071398951869924e-06,0.5066628456115723
meanOT,2,5001,94,0.004338029306381941,1.8821512639988214e-05,9.248727110389154e-06,0.5043583512306213
meanOT,2,5001,95,0.00332023692317307,1.1024308150808793e-05,5.436244009615621e-06,0.5034773945808411
meanOT,2,5001,96,0.004338632337749004,1.8826756786438636e-05,9.289668014389463e-06,0.5033156871795654
meanOT,2,5001,97,0.00400649243965745,1.6054722436820157e-05,7.869435648899525e-06,0.5049899816513062
meanOT,2,5001,98,0.005052859429270029,2.555449100327678e-05,1.2183588296466041e-05,0.512033224105835
meanOT,2,5001,99,0.0046538845635950565,2.1666090106009506e-05,1.0463668331794906e-05,0.5087459087371826
meanOT,2,5001,100,0.004147991072386503,1.7208014469360933e-05,8.394830729230307e-06,0.5061887502670288
meanOT,2,5001,101,0.0041273715905845165,1.7038873920682818e-05,8.28560132504208e-06,0.5070042610168457
meanOT,2,5001,102,0.0036920574493706226,1.3631827641802374e-05,6.732248493790394e-06,0.5030955076217651
meanOT,2,5001,103,0.004754394292831421,2.2620286472374573e-05,1.07566338556353e-05,0.5127002000808716
meanOT,2,5001,104,0.004711481276899576,2.2208885638974607e-05,1.068979599949671e-05,0.5096020698547363
meanOT,2,5001,105,0.0050754910334944725,2.57681094808504e-05,1.2484695616876706e-05,0.5079306364059448
meanOT,2,5001,106,0.004249586258083582,1.806476757337805e-05,8.745424565859139e-06,0.5081344842910767
meanOT,2,5001,107,0.004423562902957201,1.9577903003664687e-05,9.292676622862928e-06,0.5131751298904419
meanOT,2,5001,108,0.0030067749321460724,9.040822988026775e-06,4.491806976147927e-06,0.5015883445739746
meanOT,2,5001,109,0.0037647902499884367,1.4176386684994213e-05,6.961380677239504e-06,0.5045316219329834
meanOT,2,5001,110,0.0050461371429264545,2.54764236160554e-05,1.237418382515898e-05,0.507297933101654
meanOT,2,5001,111,0.005127572920173407,2.6296611395082437e-05,1.2815151421818882e-05,0.5064542293548584
meanOT,2,5001,112,0.0047875358723104,2.2941056158742867e-05,1.0889088116528e-05,0.5131726264953613
meanOT,2,5001,113,0.003876777831465006,1.5038420315249823e-05,7.292952886928106e-06,0.5076947212219238
meanOT,2,5001,114,0.004036231432110071,1.6294088709400967e-05,7.919093150121626e-06,0.5071430802345276
meanOT,2,5001,115,0.004608924966305494,2.124736965924967e-05,1.0352490789955482e-05,0.5065038800239563
meanOT,2,5001,116,0.0035185611341148615,1.238130425917916e-05,6.090286660764832e-06,0.5041013956069946
meanOT,2,5001,117,0.004469714127480984,1.99820951820584e-05,9.789419891603757e-06,0.5051202774047852
meanOT,2,5001,118,0.0039296140894293785,1.5445079043274745e-05,7.545321750512812e-06,0.5058356523513794
meanOT,2,5001,119,0.004816032480448484,2.320157909707632e-05,1.1323804756102618e-05,0.5060751438140869
meanOT,2,5001,120,0.004177814349532127,1.745725421642419e-05,8.568231351091526e-06,0.5046558380126953
meanOT,2,5001,121,0.0037558297626674175,1.4107205970503855e-05,6.919328370713629e-06,0.5048261880874634
meanOT,2,5001,122,0.003828541375696659,1.4658530744782183e-05,7.225698482216103e-06,0.5035686492919922
meanOT,2,5001,123,0.0037874183617532253,1.4345002455229405e-05,7.1009635576047e-06,0.5025104284286499
meanOT,2,5001,124,0.003559273900464177,1.2669744137383532e-05,6.240485163289122e-06,0.503765344619751
meanOT,2,5001,125,0.003900743555277586,1.5218820408335887e-05,7.4393760769453365e-06,0.505679726600647
meanOT,2,5001,126,0.004288814961910248,1.8403619833406992e-05,8.844783224049024e-06,0.5099892616271973
meanOT,2,5001,127,0.00350939086638391,1.2318321751081385e-05,6.011635832692264e-06,0.5060961246490479
meanOT,2,50000,0,0.20067666471004486,0.0596642792224884,0.01546289399266243,0.6876658797264099
meanOT,2,50000,1,0.1777694970369339,0.04543759673833847,0.014917921274900436,0.6079838871955872
meanOT,2,50000,2,0.2702878713607788,0.10950251668691635,0.025244392454624176,0.7245173454284668
meanOT,2,50000,3,0.36351141333580017,0.15524287521839142,0.04920731484889984,0.6110326051712036
meanOT,2,50000,4,0.27518659830093384,0.09675870090723038,0.018890980631113052,0.7880839109420776
meanOT,2,50000,5,0.2245825231075287,0.07399211823940277,0.020545506849884987,0.6624857187271118
meanOT,2,50000,6,0.25611868500709534,0.08121849596500397,0.020760325714945793,0.6905744075775146
meanOT,2,50000,7,0.29829370975494385,0.10355876386165619,0.028758781030774117,0.6597446203231812
meanOT,2,50000,8,0.1807532012462616,0.05750955641269684,0.014411048032343388,0.7001117467880249
meanOT,2,50000,9,0.16184671223163605,0.04365944489836693,0.01360794622451067,0.6278167963027954
meanOT,2,50000,10,0.20257879793643951,0.049201928079128265,0.020427294075489044,0.5417107343673706
meanOT,2,50000,11,0.4416159689426422,0.24659110605716705,0.09331971406936646,0.536267876625061
meanOT,2,50000,12,0.3079894483089447,0.10641218721866608,0.04176505655050278,0.5513718724250793
meanOT,2,50000,13,0.24248094856739044,0.08081578463315964,0.026304420083761215,0.6093959808349609
meanOT,2,50000,14,0.1944013386964798,0.04784887284040451,0.01361085008829832,0.6579315662384033
meanOT,2,50000,15,0.22304806113243103,0.07949737459421158,0.02347787842154503,0.6395900845527649
meanOT,2,50000,16,0.20095598697662354,0.058662787079811096,0.017105020582675934,0.6476134061813354
meanOT,2,50000,17,0.437086284160614,0.23602983355522156,0.09183672070503235,0.529199481010437
meanOT,2,50000,18,0.16437458992004395,0.03554072976112366,0.013445430435240269,0.5684769749641418
meanOT,2,50000,19,0.26851335167884827,0.11356088519096375,0.032814253121614456,0.6466363668441772
meanOT,2,50000,20,0.23258565366268158,0.07525506615638733,0.023379962891340256,0.6234280467033386
meanOT,2,50000,21,0.1737952083349228,0.05272795259952545,0.01485807728022337,0.659713625907898
meanOT,2,50000,22,0.24424783885478973,0.07348182797431946,0.025708481669425964,0.5882216691970825
meanOT,2,50000,23,0.22629109025001526,0.09956832975149155,0.028353912755846977,0.6525014638900757
meanOT,2,50000,24,0.21010693907737732,0.05821966007351875,0.018164128065109253,0.624507486820221
meanOT,2,50000,25,0.34512749314308167,0.14965979754924774,0.04838116466999054,0.605057954788208
meanOT,2,50000,26,0.2175702601671219,0.08049938082695007,0.01800844632089138,0.7374781370162964
meanOT,2,50000,27,0.23996296525001526,0.07140835374593735,0.01986059360206127,0.6629561185836792
meanOT,2,50000,28,0.17240764200687408,0.04793897643685341,0.011270508170127869,0.7219909429550171
meanOT,2,50000,29,0.23909085988998413,0.07151550054550171,0.019675379619002342,0.6660360097885132
meanOT,2,50000,30,0.1974211186170578,0.055222708731889725,0.01210865844041109,0.7492008209228516
meanOT,2,50000,31,0.26254233717918396,0.08797851204872131,0.02191953733563423,0.6983844041824341
meanOT,2,50000,32,0.3273809552192688,0.13113784790039062,0.0393027625977993,0.6310344934463501
meanOT,2,50000,33,0.29457414150238037,0.1200166717171669,0.03632361441850662,0.629219651222229
meanOT,2,50000,34,0.1928134262561798,0.06444965302944183,0.018937503919005394,0.6428467631340027
meanOT,2,50000,35,0.27297112345695496,0.08736088871955872,0.02305617183446884,0.6782172918319702
meanOT,2,50000,36,0.21672779321670532,0.059752076864242554,0.019059745594859123,0.6196088194847107
meanOT,2,50000,37,0.18405495584011078,0.03838668018579483,0.014000171795487404,0.5802230834960938
meanOT,2,50000,38,0.27663183212280273,0.10355497896671295,0.026856910437345505,0.6834232807159424
meanOT,2,50000,39,0.25964975357055664,0.09477958083152771,0.024224229156970978,0.6890838742256165
meanOT,2,50000,40,0.1788782924413681,0.043183065950870514,0.012546932324767113,0.6509678363800049
meanOT,2,50000,41,0.21799810230731964,0.057884011417627335,0.016932250931859016,0.6471046209335327
meanOT,2,50000,42,0.2560933828353882,0.07846499979496002,0.018228275701403618,0.7253950238227844
meanOT,2,50000,43,0.23552937805652618,0.06799857318401337,0.014399329200387001,0.76179039478302
meanOT,2,50000,44,0.1574321687221527,0.032558638602495193,0.011593326926231384,0.5884480476379395
meanOT,2,50000,45,0.27261215448379517,0.07764946669340134,0.022973794490098953,0.6404736042022705
meanOT,2,50000,46,0.30857473611831665,0.12864726781845093,0.044556692242622375,0.5867127180099487
meanOT,2,50000,47,0.1971641480922699,0.04693806916475296,0.01304349023848772,0.6656163930892944
meanOT,2,50000,48,0.19534459710121155,0.042766258120536804,0.010708792135119438,0.701913595199585
meanOT,2,50000,49,0.25562915205955505,0.09474584460258484,0.024424724280834198,0.6868045926094055
meanOT,2,50000,50,0.20483069121837616,0.0741889476776123,0.021796878427267075,0.6437108516693115
meanOT,2,50000,51,0.24535158276557922,0.07647890597581863,0.024031387642025948,0.6225721836090088
meanOT,2,50000,52,0.23748023808002472,0.07281551510095596,0.016742482781410217,0.7307664752006531
meanOT,2,50000,53,0.28728678822517395,0.10372912138700485,0.03822785243391991,0.5697306394577026
meanOT,2,50000,54,0.22258180379867554,0.08728769421577454,0.020607108250260353,0.7189981937408447
meanOT,2,50000,55,0.15967004001140594,0.04005914553999901,0.012600002810359001,0.6257379055023193
meanOT,2,50000,56,0.3016173541545868,0.12221990525722504,0.029706651344895363,0.7005599141120911
meanOT,2,50000,57,0.2792634665966034,0.11312917619943619,0.027929721400141716,0.7010088562965393
meanOT,2,50000,58,0.17011596262454987,0.0349871963262558,0.013582893647253513,0.5625479221343994
meanOT,2,50000,59,0.1520889848470688,0.04762643575668335,0.011527817696332932,0.7136751413345337
meanOT,2,50000,60,0.27719223499298096,0.09507060796022415,0.03597954660654068,0.5632485151290894
meanOT,2,50000,61,0.22550298273563385,0.0774516761302948,0.027647223323583603,0.5813617706298828
meanOT,2,50000,62,0.20971791446208954,0.0604691356420517,0.018643109127879143,0.6285081505775452
meanOT,2,50000,63,0.23126870393753052,0.06668847054243088,0.01885461062192917,0.658006489276886
meanOT,2,50000,64,0.23968249559402466,0.07823043316602707,0.019592896103858948,0.6963003873825073
meanOT,2,50000,65,0.2518481910228729,0.0905543863773346,0.022968793287873268,0.6931547522544861
meanOT,2,50000,66,0.26357343792915344,0.08028160035610199,0.02823745459318161,0.5868605375289917
meanOT,2,50000,67,0.2022545337677002,0.05284642055630684,0.017598776146769524,0.6061115264892578
meanOT,2,50000,68,0.23409061133861542,0.09676507115364075,0.02496487647294998,0.6855193376541138
meanOT,2,50000,69,0.23349574208259583,0.064466692507267,0.014301648363471031,0.7407270669937134
meanOT,2,50000,70,0.19692090153694153,0.05961965024471283,0.021145738661289215,0.5862453579902649
meanOT,2,50000,71,0.2060185819864273,0.048756275326013565,0.015238916501402855,0.6265773773193359
meanOT,2,50000,72,0.19827133417129517,0.07258233428001404,0.018108755350112915,0.7003278732299805
meanOT,2,50000,73,0.13685499131679535,0.031098125502467155,0.010850314982235432,0.5939415693283081
meanOT,2,50000,74,0.20943613350391388,0.054030731320381165,0.01485384814441204,0.6684504151344299
meanOT,2,50000,75,0.1965896040201187,0.06316502392292023,0.019755378365516663,0.6245207786560059
meanOT,2,50000,76,0.2373509258031845,0.06448584794998169,0.01917429082095623,0.639365017414093
meanOT,2,50000,77,0.17684844136238098,0.04512125998735428,0.013710913248360157,0.6366558074951172
meanOT,2,50000,78,0.18669520318508148,0.04519834369421005,0.013105204328894615,0.6519106030464172
meanOT,2,50000,79,0.19324389100074768,0.06271238625049591,0.0238813366740942,0.5639829039573669
meanOT,2,50000,80,0.0961625948548317,0.024167407304048538,0.008613199926912785,0.5887054204940796
meanOT,2,50000,81,0.1761421412229538,0.04126967117190361,0.007988146506249905,0.7984902858734131
meanOT,2,50000,82,0.18303094804286957,0.03941816836595535,0.012897772714495659,0.6126487255096436
meanOT,2,50000,83,0.1914929449558258,0.056048523634672165,0.020945465192198753,0.5709688663482666
meanOT,2,50000,84,0.2981019616127014,0.10599624365568161,0.025893358513712883,0.7022217512130737
meanOT,2,50000,85,0.12151451408863068,0.02609884738922119,0.007290253881365061,0.6660036444664001
meanOT,2,50000,86,0.22324687242507935,0.07804907858371735,0.025144007056951523,0.6145075559616089
meanOT,2,50000,87,0.2293967306613922,0.07937265932559967,0.02234346605837345,0.6565493941307068
meanOT,2,50000,88,0.1451011449098587,0.02698070928454399,0.007360608782619238,0.6722071170806885
meanOT,2,50000,89,0.22443866729736328,0.08932866156101227,0.020512022078037262,0.7271408438682556
meanOT,2,50000,90,0.2605266571044922,0.09313042461872101,0.02595442347228527,0.6600130796432495
meanOT,2,50000,91,0.2606436312198639,0.08415067940950394,0.023288549855351448,0.6634386777877808
meanOT,2,50000,92,0.2123602330684662,0.07246406376361847,0.01888200081884861,0.6826072931289673
meanOT,2,50000,93,0.17394636571407318,0.03730897977948189,0.011372791603207588,0.6356780529022217
meanOT,2,50000,94,0.24181829392910004,0.07288090139627457,0.019306018948554993,0.6790379285812378
meanOT,2,50000,95,0.1610136330127716,0.03687314689159393,0.013740806840360165,0.5731621384620667
meanOT,2,50000,96,0.15511292219161987,0.0430394746363163,0.013984247110784054,0.6153702139854431
meanOT,2,50000,97,0.31245267391204834,0.13056182861328125,0.03301599621772766,0.6906458735466003
meanOT,2,50000,98,0.15063901245594025,0.04138632118701935,0.00997542217373848,0.7147390842437744
meanOT,2,50000,99,0.19288483262062073,0.05404915288090706,0.01222448144108057,0.7373592853546143
meanOT,2,50000,100,0.25178954005241394,0.08245924115180969,0.020342737436294556,0.7040231227874756
meanOT,2,50000,101,0.1898878961801529,0.05461915582418442,0.014256606809794903,0.6860617399215698
meanOT,2,50000,102,0.17139337956905365,0.0442156046628952,0.018067525699734688,0.5475366115570068
meanOT,2,50000,103,0.15470384061336517,0.03240296244621277,0.005364319309592247,0.8635271787643433
meanOT,2,50000,104,0.14722183346748352,0.03763062506914139,0.010811435990035534,0.655436635017395
meanOT,2,50000,105,0.17291484773159027,0.04194525629281998,0.012485497631132603,0.6417661905288696
meanOT,2,50000,106,0.15289628505706787,0.03636518865823746,0.010203618556261063,0.6633098125457764
meanOT,2,50000,107,0.15110182762145996,0.04556584358215332,0.009863398969173431,0.7545901536941528
meanOT,2,50000,108,0.15018485486507416,0.03372839838266373,0.0144222192466259,0.5356552600860596
meanOT,2,50000,109,0.18257027864456177,0.045267775654792786,0.015169634483754635,0.6057116389274597
meanOT,2,50000,110,0.23982341587543488,0.08902526646852493,0.022401440888643265,0.6926891803741455
meanOT,2,50000,111,0.17511685192584991,0.04108604043722153,0.01396229863166809,0.6005270481109619
meanOT,2,50000,112,0.20277154445648193,0.0896998792886734,0.018583843484520912,0.7669241428375244
meanOT,2,50000,113,0.2329685389995575,0.06683168560266495,0.015308360569179058,0.7318174839019775
meanOT,2,50000,114,0.2099471539258957,0.08298155665397644,0.024296214804053307,0.6440122723579407
meanOT,2,50000,115,0.2569015920162201,0.0797949805855751,0.01637486182153225,0.7731503248214722
meanOT,2,50000,116,0.24117016792297363,0.08246375620365143,0.029532266780734062,0.581612229347229
meanOT,2,50000,117,0.28890615701675415,0.10003896802663803,0.027708448469638824,0.6604193449020386
meanOT,2,50000,118,0.31304237246513367,0.13011541962623596,0.03350856900215149,0.6844785809516907
meanOT,2,50000,119,0.18056632578372955,0.039939045906066895,0.011815494857728481,0.6442517042160034
meanOT,2,50000,120,0.3162902295589447,0.132364422082901,0.03212179243564606,0.7002333998680115
meanOT,2,50000,121,0.2019040882587433,0.0683988407254219,0.024342307820916176,0.5839101672172546
meanOT,2,50000,122,0.3023048937320709,0.0959477424621582,0.029826229438185692,0.6231555938720703
meanOT,2,50000,123,0.15239496529102325,0.0483844093978405,0.016772069036960602,0.5952596664428711
meanOT,2,50000,124,0.1922730803489685,0.044920675456523895,0.013888700865209103,0.6301010251045227
meanOT,2,50000,125,0.29632702469825745,0.09988685697317123,0.027430173009634018,0.6619491577148438
meanOT,2,50000,126,0.19796963036060333,0.053527627140283585,0.016549834981560707,0.6282773613929749
meanOT,2,50000,127,0.20310281217098236,0.056519515812397,0.016899345442652702,0.6398454904556274
meanOT,2,100000,0,0.16664089262485504,0.04757116734981537,0.012343078851699829,0.6892668008804321
meanOT,2,100000,1,0.19461587071418762,0.04492587596178055,0.012583084404468536,0.6622417569160461
meanOT,2,100000,2,0.3392344117164612,0.157359778881073,0.034181009978055954,0.7444987893104553
meanOT,2,100000,3,0.41021624207496643,0.2203088253736496,0.0726815015077591,0.5911678075790405
meanOT,2,100000,4,0.28978997468948364,0.10440296679735184,0.022916924208402634,0.7449261546134949
meanOT,2,100000,5,0.19966337084770203,0.04551178961992264,0.012947732582688332,0.6575748920440674
meanOT,2,100000,6,0.35349079966545105,0.14718937873840332,0.041169147938489914,0.6527377367019653
meanOT,2,100000,7,0.4386180341243744,0.2163756936788559,0.053211893886327744,0.6926038265228271
meanOT,2,100000,8,0.23059941828250885,0.08953879773616791,0.016840824857354164,0.8058812618255615
meanOT,2,100000,9,0.20646455883979797,0.04607059806585312,0.014149322174489498,0.6314817667007446
meanOT,2,100000,10,0.19411040842533112,0.04612855613231659,0.02075599506497383,0.5202503204345703
meanOT,2,100000,11,0.23789389431476593,0.07601578533649445,0.04318483918905258,0.45489004254341125
meanOT,2,100000,12,0.15463893115520477,0.029588699340820312,0.010188816115260124,0.5988153219223022
meanOT,2,100000,13,0.3486286401748657,0.17108415067195892,0.05287347361445427,0.6182951927185059
meanOT,2,100000,14,0.22991617023944855,0.06007444113492966,0.014251344837248325,0.7203600406646729
meanOT,2,100000,15,0.18196110427379608,0.04355280101299286,0.016515841707587242,0.5659506320953369
meanOT,2,100000,16,0.29100900888442993,0.10999410599470139,0.02987569384276867,0.6652916073799133
meanOT,2,100000,17,0.20988264679908752,0.06280750036239624,0.03656567633152008,0.4506722390651703
meanOT,2,100000,18,0.14977411925792694,0.027379166334867477,0.011437088251113892,0.5426888465881348
meanOT,2,100000,19,0.3172681927680969,0.14028741419315338,0.03893467038869858,0.6567703485488892
meanOT,2,100000,20,0.16626709699630737,0.03431088849902153,0.011357907205820084,0.6087460517883301
meanOT,2,100000,21,0.18138334155082703,0.03871949389576912,0.01023790705949068,0.6813454627990723
meanOT,2,100000,22,0.36574891209602356,0.15484920144081116,0.0458490215241909,0.6321488618850708
meanOT,2,100000,23,0.3299594819545746,0.13198325037956238,0.027764655649662018,0.7579534649848938
meanOT,2,100000,24,0.31741371750831604,0.11479002237319946,0.03582322597503662,0.6201930046081543
meanOT,2,100000,25,0.4081421494483948,0.238790825009346,0.07234206050634384,0.6178404688835144
meanOT,2,100000,26,0.20358070731163025,0.06574495881795883,0.015399633906781673,0.7236216068267822
meanOT,2,100000,27,0.15846624970436096,0.043022509664297104,0.009971121326088905,0.7298179864883423
meanOT,2,100000,28,0.22362132370471954,0.09073799848556519,0.023341752588748932,0.6866366267204285
meanOT,2,100000,29,0.15449126064777374,0.03259546309709549,0.00945604220032692,0.6497089266777039
meanOT,2,100000,30,0.2697840631008148,0.09812851250171661,0.021380746737122536,0.7480416893959045
meanOT,2,100000,31,0.29023993015289307,0.10778669267892838,0.029814522713422775,0.6602874994277954
meanOT,2,100000,32,0.46496567130088806,0.23900052905082703,0.06520792841911316,0.6520595550537109
meanOT,2,100000,33,0.4316590130329132,0.21932697296142578,0.06239551305770874,0.6400469541549683
meanOT,2,100000,34,0.28005602955818176,0.09537839889526367,0.025547899305820465,0.6729346513748169
meanOT,2,100000,35,0.3013218939304352,0.11084412038326263,0.027482513338327408,0.698441743850708
meanOT,2,100000,36,0.17552614212036133,0.03600434586405754,0.011974949389696121,0.6076349020004272
meanOT,2,100000,37,0.18106505274772644,0.03828971087932587,0.015568602830171585,0.5485396981239319
meanOT,2,100000,38,0.40212395787239075,0.19134464859962463,0.04777930676937103,0.6888261437416077
meanOT,2,100000,39,0.4145788252353668,0.2094186395406723,0.0499618761241436,0.704993724822998
meanOT,2,100000,40,0.1956935077905655,0.04341297969222069,0.010784665122628212,0.7032866477966309
meanOT,2,100000,41,0.21452990174293518,0.06190337985754013,0.01897296868264675,0.6316551566123962
meanOT,2,100000,42,0.2513788938522339,0.09145264327526093,0.017967866733670235,0.7901990413665771
meanOT,2,100000,43,0.2786117196083069,0.09102614223957062,0.018505383282899857,0.7753969430923462
meanOT,2,100000,44,0.15355715155601501,0.041818782687187195,0.01313431840389967,0.6248173117637634
meanOT,2,100000,45,0.2719917595386505,0.11548273265361786,0.031858157366514206,0.6611208915710449
meanOT,2,100000,46,0.3771332800388336,0.166454017162323,0.051837190985679626,0.6160286664962769
meanOT,2,100000,47,0.2243804633617401,0.05413207411766052,0.013919188641011715,0.6916056275367737
meanOT,2,100000,48,0.14698559045791626,0.03549385070800781,0.008961381390690804,0.6991411447525024
meanOT,2,100000,49,0.179698184132576,0.08256134390830994,0.01936539262533188,0.7199944257736206
meanOT,2,100000,50,0.17523494362831116,0.047975245863199234,0.013502906076610088,0.6607108116149902
meanOT,2,100000,51,0.21384498476982117,0.0542713962495327,0.01593424566090107,0.6463935375213623
meanOT,2,100000,52,0.2946383059024811,0.13271483778953552,0.030099650844931602,0.7290982007980347
meanOT,2,100000,53,0.36232808232307434,0.17899304628372192,0.04956115409731865,0.6532784104347229
meanOT,2,100000,54,0.23400329053401947,0.09198567271232605,0.016496766358613968,0.8270728588104248
meanOT,2,100000,55,0.14847759902477264,0.023786498233675957,0.007465264294296503,0.6277207136154175
meanOT,2,100000,56,0.3984091877937317,0.20187968015670776,0.04915091022849083,0.6978238821029663
meanOT,2,100000,57,0.36585336923599243,0.1568838357925415,0.04340699687600136,0.6556081175804138
meanOT,2,100000,58,0.19388779997825623,0.0413162037730217,0.013743910007178783,0.6081560850143433
meanOT,2,100000,59,0.2051543891429901,0.06362493336200714,0.0142006641253829,0.7417647838592529
meanOT,2,100000,60,0.3330388069152832,0.15758907794952393,0.03773517161607742,0.7063913345336914
meanOT,2,100000,61,0.2025539129972458,0.057218998670578,0.02018553577363491,0.588239312171936
meanOT,2,100000,62,0.1264038234949112,0.02351197600364685,0.006327495910227299,0.6767469644546509
meanOT,2,100000,63,0.23432159423828125,0.06385941803455353,0.018912291154265404,0.6413931846618652
meanOT,2,100000,64,0.2297915667295456,0.08048280328512192,0.02178017795085907,0.6703866124153137
meanOT,2,100000,65,0.15589112043380737,0.040745656937360764,0.010454358533024788,0.6933608055114746
meanOT,2,100000,66,0.20532669126987457,0.050421010702848434,0.015734966844320297,0.6255603432655334
meanOT,2,100000,67,0.2863757610321045,0.09537050127983093,0.02597813494503498,0.6674872636795044
meanOT,2,100000,68,0.3519810736179352,0.1484607756137848,0.03294534608721733,0.7362587451934814
meanOT,2,100000,69,0.211591437458992,0.057285409420728683,0.013651329092681408,0.7181851267814636
meanOT,2,100000,70,0.14902859926223755,0.03728761523962021,0.015098068863153458,0.5492602586746216
meanOT,2,100000,71,0.194149911403656,0.04658762365579605,0.01651090569794178,0.5875043869018555
meanOT,2,100000,72,0.2623687982559204,0.11035802960395813,0.020697204396128654,0.8054723739624023
meanOT,2,100000,73,0.1251479834318161,0.023168794810771942,0.008325116708874702,0.5858836770057678
meanOT,2,100000,74,0.2154817432165146,0.06389696151018143,0.01664089225232601,0.6861718893051147
meanOT,2,100000,75,0.12635351717472076,0.02691083401441574,0.0071300119161605835,0.6824887990951538
meanOT,2,100000,76,0.3384244740009308,0.14038428664207458,0.03268129378557205,0.7191271781921387
meanOT,2,100000,77,0.1543053388595581,0.03467300906777382,0.010399234481155872,0.6414443254470825
meanOT,2,100000,78,0.22316612303256989,0.05752262473106384,0.01377570815384388,0.7171051502227783
meanOT,2,100000,79,0.32419905066490173,0.12815433740615845,0.03449086472392082,0.6668750047683716
meanOT,2,100000,80,0.1709051877260208,0.049390099942684174,0.014791268855333328,0.6379047632217407
meanOT,2,100000,81,0.18672384321689606,0.04730810225009918,0.011028332635760307,0.7256258130073547
meanOT,2,100000,82,0.12547428905963898,0.04235909506678581,0.01100530568510294,0.688876748085022
meanOT,2,100000,83,0.2662966847419739,0.08296838402748108,0.023978712037205696,0.648418664932251
meanOT,2,100000,84,0.28392714262008667,0.09367299824953079,0.017162561416625977,0.8134077191352844
meanOT,2,100000,85,0.16833116114139557,0.0356486514210701,0.008624231442809105,0.7139136791229248
meanOT,2,100000,86,0.31923818588256836,0.12873682379722595,0.03066374734044075,0.7121355533599854
meanOT,2,100000,87,0.17516858875751495,0.049943290650844574,0.013623959384858608,0.6708634495735168
meanOT,2,100000,88,0.14405322074890137,0.032692503184080124,0.00833470094949007,0.6949887275695801
meanOT,2,100000,89,0.22082996368408203,0.07224979251623154,0.014818771742284298,0.7734998464584351
meanOT,2,100000,90,0.32717692852020264,0.13050732016563416,0.028564555570483208,0.7433083057403564
meanOT,2,100000,91,0.16247904300689697,0.04536033421754837,0.010522657074034214,0.7292675375938416
meanOT,2,100000,92,0.14227019250392914,0.030428336933255196,0.008546783588826656,0.6600393652915955
meanOT,2,100000,93,0.11845434457063675,0.019487768411636353,0.007089211139827967,0.5816682577133179
meanOT,2,100000,94,0.30652332305908203,0.12345749139785767,0.025588449090719223,0.7651200890541077
meanOT,2,100000,95,0.12846729159355164,0.03140780329704285,0.010553667321801186,0.6049544215202332
meanOT,2,100000,96,0.1523825079202652,0.0532708577811718,0.017269205302000046,0.613555908203125
meanOT,2,100000,97,0.28784921765327454,0.11339853703975677,0.02741917595267296,0.7077937126159668
meanOT,2,100000,98,0.16074922680854797,0.03416148200631142,0.008274190127849579,0.7136632204055786
meanOT,2,100000,99,0.26640236377716064,0.0910247191786766,0.018030470237135887,0.7859836220741272
meanOT,2,100000,100,0.34934836626052856,0.14420060813426971,0.038959551602602005,0.6659145355224609
meanOT,2,100000,101,0.21499349176883698,0.05356328934431076,0.014756710268557072,0.6674944162368774
meanOT,2,100000,102,0.16572917997837067,0.0315585657954216,0.012134023942053318,0.5664374828338623
meanOT,2,100000,103,0.1477951556444168,0.031012803316116333,0.005444093607366085,0.8374750018119812
meanOT,2,100000,104,0.12971358001232147,0.04734046012163162,0.010588734410703182,0.740839958190918
meanOT,2,100000,105,0.17923520505428314,0.04669599235057831,0.012765753082931042,0.6682718992233276
meanOT,2,100000,106,0.14150382578372955,0.038624972105026245,0.01028049923479557,0.6798588037490845
meanOT,2,100000,107,0.18124432861804962,0.0495784655213356,0.012264586985111237,0.7038756608963013
meanOT,2,100000,108,0.1601656824350357,0.037425436079502106,0.013229891657829285,0.5885107517242432
meanOT,2,100000,109,0.18606983125209808,0.0449838861823082,0.015435558743774891,0.5970095992088318
meanOT,2,100000,110,0.21643415093421936,0.07688861340284348,0.018796129152178764,0.7070885896682739
meanOT,2,100000,111,0.14555758237838745,0.027327170595526695,0.007306448183953762,0.6781958341598511
meanOT,2,100000,112,0.17071262001991272,0.04731970652937889,0.009365803562104702,0.7854502201080322
meanOT,2,100000,113,0.24769605696201324,0.07777784764766693,0.01885366253554821,0.7096422910690308
meanOT,2,100000,114,0.17489244043827057,0.04588261991739273,0.012934229336678982,0.6604114770889282
meanOT,2,100000,115,0.29097121953964233,0.11004234850406647,0.0232862401753664,0.7574833035469055
meanOT,2,100000,116,0.19311071932315826,0.041403383016586304,0.016690144315361977,0.551455557346344
meanOT,2,100000,117,0.19936805963516235,0.059424757957458496,0.014206454157829285,0.7128492593765259
meanOT,2,100000,118,0.35294201970100403,0.1588512659072876,0.04892852529883385,0.619695782661438
meanOT,2,100000,119,0.18345361948013306,0.03689400106668472,0.009855971671640873,0.6784802675247192
meanOT,2,100000,120,0.3878352642059326,0.18881240487098694,0.046057917177677155,0.6982676982879639
meanOT,2,100000,121,0.19583380222320557,0.04817214608192444,0.015395394526422024,0.6200648546218872
meanOT,2,100000,122,0.43043529987335205,0.21113519370555878,0.05338996648788452,0.6818045377731323
meanOT,2,100000,123,0.14888159930706024,0.0386686846613884,0.011395088396966457,0.64642333984375
meanOT,2,100000,124,0.24594539403915405,0.07525631040334702,0.021657265722751617,0.6489403247833252
meanOT,2,100000,125,0.33192718029022217,0.14002957940101624,0.03717814385890961,0.6716049909591675
meanOT,2,100000,126,0.12537217140197754,0.023064924404025078,0.006210947874933481,0.6765884160995483
meanOT,2,100000,127,0.16647739708423615,0.030300606042146683,0.009547039866447449,0.6262484192848206
meanOT,2,250000,0,0.21012742817401886,0.07304453104734421,0.014611580409109592,0.7741590738296509
meanOT,2,250000,1,0.11529477685689926,0.019989728927612305,0.007666584104299545,0.5653002858161926
meanOT,2,250000,2,0.5105515122413635,0.3239545524120331,0.07501736283302307,0.7057279944419861
meanOT,2,250000,3,0.6585047245025635,0.5156787037849426,0.15523718297481537,0.5912171602249146
meanOT,2,250000,4,0.4609206020832062,0.248460590839386,0.060962431132793427,0.6914227604866028
meanOT,2,250000,5,0.20275923609733582,0.05735034495592117,0.0167267844080925,0.6460992693901062
meanOT,2,250000,6,0.3384326696395874,0.15653648972511292,0.027724631130695343,0.8277538418769836
meanOT,2,250000,7,0.4633403718471527,0.2749318778514862,0.08725953102111816,0.5990154147148132
meanOT,2,250000,8,0.4023531973361969,0.2139188051223755,0.043379560112953186,0.7671735286712646
meanOT,2,250000,9,0.10529305785894394,0.01363515853881836,0.006706351414322853,0.5012946724891663
meanOT,2,250000,10,0.17501027882099152,0.037864800542593,0.01860213652253151,0.4969564378261566
meanOT,2,250000,11,0.16597318649291992,0.0363687127828598,0.014474387280642986,0.5510088801383972
meanOT,2,250000,12,0.22592765092849731,0.06661055237054825,0.023165719583630562,0.5882386565208435
meanOT,2,250000,13,0.33210915327072144,0.13845011591911316,0.032430052757263184,0.7156869769096375
meanOT,2,250000,14,0.4572444260120392,0.2525213956832886,0.08285337686538696,0.5905194282531738
meanOT,2,250000,15,0.1594155877828598,0.03468060493469238,0.014726126566529274,0.5358660221099854
meanOT,2,250000,16,0.4451832175254822,0.23078301548957825,0.05589686706662178,0.6971909999847412
meanOT,2,250000,17,0.14420056343078613,0.026737771928310394,0.012563402764499187,0.508912205696106
meanOT,2,250000,18,0.1850563883781433,0.06403794884681702,0.016185995191335678,0.694456934928894
meanOT,2,250000,19,0.31089895963668823,0.16402921080589294,0.031170368194580078,0.7955795526504517
meanOT,2,250000,20,0.1452307403087616,0.029887832701206207,0.010574250482022762,0.5894004702568054
meanOT,2,250000,21,0.4116349220275879,0.20506952702999115,0.05423910170793533,0.667052686214447
meanOT,2,250000,22,0.6204712986946106,0.5008410215377808,0.14650316536426544,0.6033123731613159
meanOT,2,250000,23,0.4036739468574524,0.20293134450912476,0.06239832937717438,0.6164847612380981
meanOT,2,250000,24,0.5643701553344727,0.364210844039917,0.10455862432718277,0.6235936880111694
meanOT,2,250000,25,0.5690771341323853,0.3941637873649597,0.10656820237636566,0.6422907114028931
meanOT,2,250000,26,0.29025202989578247,0.10993944853544235,0.01933196373283863,0.8328807950019836
meanOT,2,250000,27,0.15848968923091888,0.03366578370332718,0.007465739268809557,0.745651125907898
meanOT,2,250000,28,0.39854463934898376,0.19831857085227966,0.04963240772485733,0.6882014274597168
meanOT,2,250000,29,0.21000675857067108,0.0734228789806366,0.018433736637234688,0.695597231388092
meanOT,2,250000,30,0.5177186727523804,0.35380056500434875,0.08911144733428955,0.6715448498725891
meanOT,2,250000,31,0.25810983777046204,0.09379586577415466,0.020602112635970116,0.7448372840881348
meanOT,2,250000,32,0.6547881960868835,0.5081074833869934,0.14771932363510132,0.6049708127975464
meanOT,2,250000,33,0.5971782803535461,0.4297615885734558,0.12831802666187286,0.6031979322433472
meanOT,2,250000,34,0.5210939645767212,0.3131271302700043,0.07905566692352295,0.6744809150695801
meanOT,2,250000,35,0.5974780321121216,0.41427192091941833,0.0915292501449585,0.715978741645813
meanOT,2,250000,36,0.14611616730690002,0.02356616221368313,0.009275862947106361,0.5601589679718018
meanOT,2,250000,37,0.2863011360168457,0.09978637099266052,0.035091836005449295,0.5825629234313965
meanOT,2,250000,38,0.624306857585907,0.4649044871330261,0.13457977771759033,0.6109453439712524
meanOT,2,250000,39,0.5734699368476868,0.4307919144630432,0.11762110143899918,0.6347901821136475
meanOT,2,250000,40,0.1835690140724182,0.040718697011470795,0.011044288985431194,0.6725093126296997
meanOT,2,250000,41,0.18546895682811737,0.04110214114189148,0.013850660994648933,0.5978215932846069
meanOT,2,250000,42,0.3521977663040161,0.1661590039730072,0.04210856929421425,0.6859395503997803
meanOT,2,250000,43,0.5039349794387817,0.2845655679702759,0.06217260658740997,0.7309132814407349
meanOT,2,250000,44,0.18400371074676514,0.03993336856365204,0.007809973321855068,0.7927587628364563
meanOT,2,250000,45,0.5637463927268982,0.4087375998497009,0.11100852489471436,0.6388384699821472
meanOT,2,250000,46,0.5515548586845398,0.36789119243621826,0.1175767183303833,0.587030827999115
meanOT,2,250000,47,0.5050535202026367,0.2988661825656891,0.08442642539739609,0.6361448168754578
meanOT,2,250000,48,0.15726669132709503,0.04316755756735802,0.010669443756341934,0.7057791948318481
meanOT,2,250000,49,0.21445231139659882,0.07051153481006622,0.017796063795685768,0.6955654621124268
meanOT,2,250000,50,0.18545515835285187,0.04794652760028839,0.009774498641490936,0.7756391763687134
meanOT,2,250000,51,0.18983523547649384,0.04632416367530823,0.017913755029439926,0.5594093799591064
meanOT,2,250000,52,0.2347976267337799,0.141111820936203,0.024784836918115616,0.8267277479171753
meanOT,2,250000,53,0.6060888171195984,0.4445134401321411,0.11919383704662323,0.6401596665382385
meanOT,2,250000,54,0.46734216809272766,0.2817913889884949,0.07038024067878723,0.6813758611679077
meanOT,2,250000,55,0.12786702811717987,0.02445729449391365,0.007260111626237631,0.6457365155220032
meanOT,2,250000,56,0.553011417388916,0.38158154487609863,0.11680594831705093,0.6000807285308838
meanOT,2,250000,57,0.5616703629493713,0.36637961864471436,0.0986855998635292,0.6462194919586182
meanOT,2,250000,58,0.22932025790214539,0.06852768361568451,0.02995162084698677,0.5211155414581299
meanOT,2,250000,59,0.16016748547554016,0.05031835287809372,0.010365888476371765,0.7735157608985901
meanOT,2,250000,60,0.44119635224342346,0.21770736575126648,0.07308302074670792,0.5869556665420532
meanOT,2,250000,61,0.14340846240520477,0.026759672909975052,0.011774593032896519,0.5272566080093384
meanOT,2,250000,62,0.11858291178941727,0.01708458736538887,0.006668922957032919,0.5617293119430542
meanOT,2,250000,63,0.5607742667198181,0.36588120460510254,0.1007065623998642,0.6381099224090576
meanOT,2,250000,64,0.46568354964256287,0.2814286947250366,0.0621095709502697,0.7281462550163269
meanOT,2,250000,65,0.15912535786628723,0.03513210266828537,0.011918687261641026,0.6005328893661499
meanOT,2,250000,66,0.1555865854024887,0.02682960405945778,0.011667083017528057,0.5320771932601929
meanOT,2,250000,67,0.49356454610824585,0.2779872715473175,0.08719554543495178,0.6024502515792847
meanOT,2,250000,68,0.5647139549255371,0.367986261844635,0.1041303500533104,0.6284626722335815
meanOT,2,250000,69,0.18005774915218353,0.04306440055370331,0.01091731246560812,0.6953059434890747
meanOT,2,250000,70,0.14063118398189545,0.029331952333450317,0.01873668096959591,0.4363323748111725
meanOT,2,250000,71,0.23375728726387024,0.0717967301607132,0.03097393922507763,0.5247714519500732
meanOT,2,250000,72,0.4317646324634552,0.24497373402118683,0.049378324300050735,0.7670804262161255
meanOT,2,250000,73,0.09587374329566956,0.014901144430041313,0.006778431124985218,0.5183331966400146
meanOT,2,250000,74,0.3817763924598694,0.19292747974395752,0.06152793765068054,0.6058459281921387
meanOT,2,250000,75,0.12862952053546906,0.03026205487549305,0.01206137053668499,0.5490598082542419
meanOT,2,250000,76,0.5150716304779053,0.3157426118850708,0.09766091406345367,0.6032923460006714
meanOT,2,250000,77,0.18371161818504333,0.04353105276823044,0.015346302650868893,0.5886101722717285
meanOT,2,250000,78,0.44378915429115295,0.23751690983772278,0.07937169820070267,0.5862334966659546
meanOT,2,250000,79,0.5648231506347656,0.39232611656188965,0.10956111550331116,0.631017804145813
meanOT,2,250000,80,0.115230031311512,0.0154294203966856,0.00958460383117199,0.44360554218292236
meanOT,2,250000,81,0.15902534127235413,0.0320117250084877,0.006998884491622448,0.7519702315330505
meanOT,2,250000,82,0.16915443539619446,0.04417343810200691,0.013216042891144753,0.63591068983078
meanOT,2,250000,83,0.486601859331131,0.2874879837036133,0.07923087477684021,0.6454780101776123
meanOT,2,250000,84,0.4526335597038269,0.255872517824173,0.06664592027664185,0.6684720516204834
meanOT,2,250000,85,0.1758536696434021,0.04045967757701874,0.006763344164937735,0.858508825302124
meanOT,2,250000,86,0.49918803572654724,0.29061317443847656,0.09751417487859726,0.5793842077255249
meanOT,2,250000,87,0.47516801953315735,0.2876620292663574,0.08081692457199097,0.6389573812484741
meanOT,2,250000,88,0.14032918214797974,0.024614883586764336,0.010235725902020931,0.5420041680335999
meanOT,2,250000,89,0.2931896150112152,0.12239959836006165,0.020925359800457954,0.841794490814209
meanOT,2,250000,90,0.5237536430358887,0.3556843400001526,0.09238007664680481,0.6605769395828247
meanOT,2,250000,91,0.16606633365154266,0.037333860993385315,0.008264155127108097,0.7460364103317261
meanOT,2,250000,92,0.13450078666210175,0.022378433495759964,0.00712937768548727,0.6210876107215881
meanOT,2,250000,93,0.08731287717819214,0.009295381605625153,0.004167755134403706,0.5258206725120544
meanOT,2,250000,94,0.47938376665115356,0.2726038098335266,0.07429546117782593,0.6509869694709778
meanOT,2,250000,95,0.09038101136684418,0.011524060741066933,0.004899550694972277,0.5365535616874695
meanOT,2,250000,96,0.1036815196275711,0.013753668405115604,0.00689720967784524,0.4948505759239197
meanOT,2,250000,97,0.5267111659049988,0.36331504583358765,0.09634162485599518,0.6520017981529236
meanOT,2,250000,98,0.18061605095863342,0.048450205475091934,0.014037935063242912,0.6490448713302612
meanOT,2,250000,99,0.42076539993286133,0.22416318953037262,0.05737818405032158,0.6779975891113281
meanOT,2,250000,100,0.25743240118026733,0.10956306755542755,0.023527715355157852,0.7517229318618774
meanOT,2,250000,101,0.19609354436397552,0.048307426273822784,0.013989293947815895,0.6483861207962036
meanOT,2,250000,102,0.17909763753414154,0.03672315552830696,0.006702125072479248,0.823610246181488
meanOT,2,250000,103,0.23246806859970093,0.07238475978374481,0.008679579943418503,1.0159637928009033
meanOT,2,250000,104,0.12136415392160416,0.01773802563548088,0.004524939227849245,0.694948673248291
meanOT,2,250000,105,0.08406545221805573,0.009206105023622513,0.0048315636813640594,0.4829074740409851
meanOT,2,250000,106,0.12725438177585602,0.027507450431585312,0.0090872747823596,0.6113523244857788
meanOT,2,250000,107,0.1318056285381317,0.02505353093147278,0.005242102779448032,0.7658650875091553
meanOT,2,250000,108,0.16098690032958984,0.034331128001213074,0.014045723713934422,0.5462392568588257
meanOT,2,250000,109,0.12773334980010986,0.022528372704982758,0.007322442717850208,0.615587055683136
meanOT,2,250000,110,0.15066741406917572,0.0377325639128685,0.014736504293978214,0.5576399564743042
meanOT,2,250000,111,0.10145241022109985,0.015763860195875168,0.007168823853135109,0.5185503959655762
meanOT,2,250000,112,0.15972527861595154,0.03841729462146759,0.011804238893091679,0.6310913562774658
meanOT,2,250000,113,0.484687864780426,0.2650734782218933,0.0598064549267292,0.719974160194397
meanOT,2,250000,114,0.19212312996387482,0.050805944949388504,0.010367834940552711,0.7749818563461304
meanOT,2,250000,115,0.40568405389785767,0.2269640862941742,0.061888717114925385,0.6550735235214233
meanOT,2,250000,116,0.2090359777212143,0.06256061792373657,0.020972944796085358,0.5965285301208496
meanOT,2,250000,117,0.16404478251934052,0.03615536540746689,0.01424240693449974,0.5544076561927795
meanOT,2,250000,118,0.6261256337165833,0.46625685691833496,0.12744084000587463,0.6311585903167725
meanOT,2,250000,119,0.197206512093544,0.047798387706279755,0.01796638034284115,0.5694098472595215
meanOT,2,250000,120,0.5320578217506409,0.35638606548309326,0.1097317785024643,0.6007246971130371
meanOT,2,250000,121,0.15144920349121094,0.036544881761074066,0.014282166957855225,0.5574091672897339
meanOT,2,250000,122,0.6308903694152832,0.4697594940662384,0.13843543827533722,0.6037915945053101
meanOT,2,250000,123,0.13652902841567993,0.027400240302085876,0.010376644320786,0.5687856674194336
meanOT,2,250000,124,0.47134318947792053,0.269085168838501,0.06929762661457062,0.671800971031189
meanOT,2,250000,125,0.5481430888175964,0.3643761873245239,0.102391317486763,0.6317183971405029
meanOT,2,250000,126,0.10651947557926178,0.013652530498802662,0.0053365458734333515,0.5617382526397705
meanOT,2,250000,127,0.13331414759159088,0.03147228807210922,0.01152519229799509,0.5784915089607239
meanOT,2,1000000,0,0.033262949436903,0.00427976856008172,9.99380208668299e-05,2.2814865112304688
meanOT,2,1000000,1,0.025298355147242546,0.001155926613137126,0.0001908964040922001,0.8466103672981262
meanOT,2,1000000,2,0.03903087228536606,0.002728372346609831,0.0003477627469692379,0.9857099056243896
meanOT,2,1000000,3,0.04879148304462433,0.003340223804116249,0.0007173794438131154,0.7586649656295776
meanOT,2,1000000,4,0.026518404483795166,0.003923986107110977,0.0005415491759777069,0.9387952089309692
meanOT,2,1000000,5,0.026701906695961952,0.0019558819476515055,0.00014188500063028187,1.2238922119140625
meanOT,2,1000000,6,0.04268680140376091,0.0027369437739253044,0.00021811628539580852,1.225449800491333
meanOT,2,1000000,7,0.034232620149850845,0.003308209590613842,0.00042954631499014795,0.9763177633285522
meanOT,2,1000000,8,0.02606171742081642,0.0013053982984274626,0.00019418001465965062,0.8976885676383972
meanOT,2,1000000,9,0.022386925294995308,0.0011006016284227371,0.00025447443476878107,0.731109619140625
meanOT,2,1000000,10,0.025547567754983902,0.001428348827175796,0.00031304641743190587,0.7211722135543823
meanOT,2,1000000,11,0.02174961008131504,0.0011452767066657543,0.0005902879638597369,0.481839120388031
meanOT,2,1000000,12,0.029674673452973366,0.0016826370265334845,0.00029030488803982735,0.8384959697723389
meanOT,2,1000000,13,0.03542911261320114,0.0019772029481828213,0.00019516459724400192,1.1151201725006104
meanOT,2,1000000,14,0.0370517298579216,0.0018143150955438614,0.00026567335589788854,0.9134090542793274
meanOT,2,1000000,15,0.02504729852080345,0.0009382040007039905,0.0003506153589114547,0.5667059421539307
meanOT,2,1000000,16,0.02803804725408554,0.0013948864070698619,0.000168698446941562,1.0082087516784668
meanOT,2,1000000,17,0.021956518292427063,0.0011089182225987315,0.0006312976474873722,0.4580077528953552
meanOT,2,1000000,18,0.032080791890621185,0.0020573281217366457,0.000260672444710508,0.9824697375297546
meanOT,2,1000000,19,0.028659269213676453,0.0026132941711694,0.00016080895147752017,1.4102423191070557
meanOT,2,1000000,20,0.03402787819504738,0.002604472916573286,0.0003602415672503412,0.919877290725708
meanOT,2,1000000,21,0.03352786973118782,0.0017873108154162765,0.0002286935632582754,0.9712154865264893
meanOT,2,1000000,22,0.04126257076859474,0.0018536187708377838,0.00037124488153494895,0.7876198291778564
meanOT,2,1000000,23,0.03224621340632439,0.0016656924271956086,0.000307561072986573,0.8198747634887695
meanOT,2,1000000,24,0.045596759766340256,0.0028607677668333054,0.0005402849637903273,0.8098658919334412
meanOT,2,1000000,25,0.04397042468190193,0.002511936239898205,0.00036054805968888104,0.9277276396751404
meanOT,2,1000000,26,0.02880464494228363,0.0018829242326319218,0.00011685659410431981,1.386430025100708
meanOT,2,1000000,27,0.03772345930337906,0.0030915483366698027,0.00031468478846363723,1.0512691736221313
meanOT,2,1000000,28,0.034992121160030365,0.0026807256508618593,0.0003309475723654032,0.9914219379425049
meanOT,2,1000000,29,0.029244495555758476,0.003685817588120699,0.0002997468982357532,1.1724629402160645
meanOT,2,1000000,30,0.029763493686914444,0.0016178456135094166,0.00029715761775150895,0.8214610815048218
meanOT,2,1000000,31,0.020560400560498238,0.0023389242123812437,0.0002823650138452649,1.0104784965515137
meanOT,2,1000000,32,0.04171157255768776,0.0022654877975583076,0.00044016886386089027,0.8004299402236938
meanOT,2,1000000,33,0.036986224353313446,0.003720393870025873,0.000675204792059958,0.8258496522903442
meanOT,2,1000000,34,0.027171075344085693,0.0012568775564432144,0.00015111378161236644,1.0136877298355103
meanOT,2,1000000,35,0.035194940865039825,0.0016040599439293146,0.00024860765552148223,0.8912035226821899
meanOT,2,1000000,36,0.023029863834381104,0.0017453646287322044,0.00025947793619707227,0.8993626236915588
meanOT,2,1000000,37,0.015352181158959866,0.000767041346989572,0.0001740620209602639,0.7394919991493225
meanOT,2,1000000,38,0.04329410940408707,0.0032310031820088625,0.0005809991853311658,0.8289787769317627
meanOT,2,1000000,39,0.03588801994919777,0.0018480410799384117,0.0004076102050021291,0.750253438949585
meanOT,2,1000000,40,0.0366041362285614,0.002171800471842289,0.0002993732341565192,0.9288832545280457
meanOT,2,1000000,41,0.02370324730873108,0.0009959745220839977,0.00022974118473939598,0.7242584228515625
meanOT,2,1000000,42,0.031763531267642975,0.0016727846814319491,0.00018734017794486135,1.0377159118652344
meanOT,2,1000000,43,0.02822503261268139,0.0012729665031656623,0.0001770009839674458,0.9423420429229736
meanOT,2,1000000,44,0.04332548379898071,0.0027170174289494753,0.0005108910263516009,0.7974777817726135
meanOT,2,1000000,45,0.049614932388067245,0.0036071008071303368,0.000502333918120712,0.9340276122093201
meanOT,2,1000000,46,0.026489773765206337,0.0014735108707100153,0.00026749027892947197,0.8283158540725708
meanOT,2,1000000,47,0.03406551107764244,0.0018592291744425893,0.0003233976603951305,0.8399470448493958
meanOT,2,1000000,48,0.031188594177365303,0.002539684996008873,0.0004046443500556052,0.8738806247711182
meanOT,2,1000000,49,0.034619104117155075,0.0022000325843691826,0.00012020941358059645,1.4215763807296753
meanOT,2,1000000,50,0.05402316525578499,0.005142477806657553,0.0001345780910924077,2.131373405456543
meanOT,2,1000000,51,0.02495148591697216,0.00110575370490551,0.00017792993457987905,0.869989275932312
meanOT,2,1000000,52,0.034913696348667145,0.0031320913694798946,0.00021834684594068676,1.3003716468811035
meanOT,2,1000000,53,0.03368411585688591,0.0017559181433171034,0.0002999410789925605,0.8412913084030151
meanOT,2,1000000,54,0.024912694469094276,0.0014218672877177596,0.00019873060227837414,0.9335610866546631
meanOT,2,1000000,55,0.02481241337954998,0.0017859728541225195,0.00023617883562110364,0.9513224363327026
meanOT,2,1000000,56,0.03667052090167999,0.0021595268044620752,0.0002931011840701103,0.9461432695388794
meanOT,2,1000000,57,0.04452059790492058,0.0033810765016824007,0.0005140952416695654,0.9037209749221802
meanOT,2,1000000,58,0.0248855110257864,0.0011290883412584662,0.0004748599021695554,0.5353898406028748
meanOT,2,1000000,59,0.023375574499368668,0.0029732477851212025,0.0002724500955082476,1.1288416385650635
meanOT,2,1000000,60,0.02963695116341114,0.0013400665484368801,0.000219533103518188,0.8650630116462708
meanOT,2,1000000,61,0.019169988110661507,0.0011640675365924835,0.00038434957969002426,0.5945252180099487
meanOT,2,1000000,62,0.03155208379030228,0.003387738950550556,0.0005346029065549374,0.8695536255836487
meanOT,2,1000000,63,0.05695837736129761,0.004522416274994612,0.0006732188630849123,0.9115371704101562
meanOT,2,1000000,64,0.0506524033844471,0.003748424118384719,0.0004627299786079675,0.9977732300758362
meanOT,2,1000000,65,0.046197231858968735,0.003260111901909113,0.0004137137730140239,0.9423106908798218
meanOT,2,1000000,66,0.0279719028621912,0.0013032874558120966,0.0003564134531188756,0.6615877151489258
meanOT,2,1000000,67,0.02978554740548134,0.001534820068627596,0.00026651067310012877,0.8254532814025879
meanOT,2,1000000,68,0.03997122868895531,0.0024159399326890707,0.00041393080027773976,0.8511289358139038
meanOT,2,1000000,69,0.020470619201660156,0.002790098777040839,0.000174130400409922,1.2850697040557861
meanOT,2,1000000,70,0.020153440535068512,0.0009991837432608008,0.0003462716704234481,0.5872007608413696
meanOT,2,1000000,71,0.020617110654711723,0.002050725743174553,0.000441155512817204,0.7380681037902832
meanOT,2,1000000,72,0.027504920959472656,0.0015160545008257031,0.00022558482305612415,0.8975505828857422
meanOT,2,1000000,73,0.030689099803566933,0.0011901436373591423,0.0003791551280301064,0.6094484329223633
meanOT,2,1000000,74,0.026414545252919197,0.0015483349561691284,0.0002449571038596332,0.8718445897102356
meanOT,2,1000000,75,0.029964493587613106,0.0018149253446608782,0.0005513642099685967,0.6283564567565918
meanOT,2,1000000,76,0.02692786417901516,0.0010424540378153324,0.00020079810929019004,0.797333300113678
meanOT,2,1000000,77,0.02308160811662674,0.0012922731693834066,0.00019964617968071252,0.8850083351135254
meanOT,2,1000000,78,0.03694925457239151,0.0018105555791407824,0.0002800930815283209,0.8895736932754517
meanOT,2,1000000,79,0.02246083877980709,0.0010979827493429184,0.00020232051610946655,0.8108398914337158
meanOT,2,1000000,80,0.024044528603553772,0.0009853227529674768,0.0002882525441236794,0.6408488154411316
meanOT,2,1000000,81,0.03200399503111839,0.0016622748225927353,0.00012999372847843915,1.2372709512710571
meanOT,2,1000000,82,0.02330823428928852,0.0017187254270538688,0.00015401479322463274,1.130002498626709
meanOT,2,1000000,83,0.031078478321433067,0.001633238629437983,0.00024058297276496887,0.9175118803977966
meanOT,2,1000000,84,0.030993539839982986,0.0027086837217211723,0.0003845811588689685,0.9267461895942688
meanOT,2,1000000,85,0.028310272842645645,0.0019653989002108574,0.0003555291914381087,0.8223902583122253
meanOT,2,1000000,86,0.034301090985536575,0.001516058575361967,0.000271208758931607,0.8339884281158447
meanOT,2,1000000,87,0.024270210415124893,0.0014533495996147394,0.00019512184371706098,0.9554810523986816
meanOT,2,1000000,88,0.02942461334168911,0.0015820963308215141,0.0005047210725024343,0.591526985168457
meanOT,2,1000000,89,0.03478122502565384,0.0034435829147696495,0.00029169718618504703,1.16176176071167
meanOT,2,1000000,90,0.026666169986128807,0.0014724249485880136,0.00025923168868757784,0.8277481198310852
meanOT,2,1000000,91,0.03781456500291824,0.002921511884778738,0.000297290098387748,1.0513951778411865
meanOT,2,1000000,92,0.024528387933969498,0.0015128148952499032,0.00018413376528769732,0.9743456840515137
meanOT,2,1000000,93,0.024288685992360115,0.001298090792261064,0.0002857985673472285,0.7449533939361572
meanOT,2,1000000,94,0.02709297277033329,0.0011775977909564972,0.00023770277039147913,0.785155177116394
meanOT,2,1000000,95,0.030503347516059875,0.0016843336634337902,0.00045315740862861276,0.6689473986625671
meanOT,2,1000000,96,0.03134389966726303,0.001556461676955223,0.0003409241617191583,0.7323235273361206
meanOT,2,1000000,97,0.031078867614269257,0.0020652131643146276,0.00027644759393297136,0.9640459418296814
meanOT,2,1000000,98,0.019550912082195282,0.0013467158423736691,0.00021818449022248387,0.8690898418426514
meanOT,2,1000000,99,0.024840041995048523,0.001594494329765439,0.00023893133038654923,0.9086726903915405
meanOT,2,1000000,100,0.026449188590049744,0.003770597744733095,0.000498166133183986,0.9653455018997192
meanOT,2,1000000,101,0.043561115860939026,0.0032671145163476467,0.00035578833194449544,1.033841609954834
meanOT,2,1000000,102,0.04329528659582138,0.0045577147975564,0.00024436155217699707,1.487741470336914
meanOT,2,1000000,103,0.028849801048636436,0.0018434561789035797,7.734145037829876e-05,1.6406943798065186
meanOT,2,1000000,104,0.031076781451702118,0.0034345125313848257,0.00016524347302038223,1.4845861196517944
meanOT,2,1000000,105,0.02685401402413845,0.0011722699273377657,0.0005147813935764134,0.5090892910957336
meanOT,2,1000000,106,0.017140986397862434,0.001778246252797544,0.000274658523267135,0.865169882774353
meanOT,2,1000000,107,0.02974126674234867,0.0033861855044960976,0.00028611041489057243,1.0251383781433105
meanOT,2,1000000,108,0.034177232533693314,0.0016759708523750305,0.00025951926363632083,0.8797715902328491
meanOT,2,1000000,109,0.02632984332740307,0.0014602667652070522,0.00021539813315030187,0.9061121940612793
meanOT,2,1000000,110,0.03272422030568123,0.0018141648033633828,0.0002811224840115756,0.8620781898498535
meanOT,2,1000000,111,0.03507652133703232,0.0032165765296667814,0.0003056350105907768,1.053222894668579
meanOT,2,1000000,112,0.038709621876478195,0.00410813232883811,0.00029489918961189687,1.1576266288757324
meanOT,2,1000000,113,0.033066533505916595,0.0017125329468399286,0.00016423898341599852,1.1144102811813354
meanOT,2,1000000,114,0.05486360937356949,0.005320984870195389,0.00013929142733104527,2.131103277206421
meanOT,2,1000000,115,0.01990315690636635,0.0011428814614191651,0.0001523988030385226,0.9511683583259583
meanOT,2,1000000,116,0.014230852946639061,0.0005787987029179931,0.00021065474720671773,0.5785388946533203
meanOT,2,1000000,117,0.02469400130212307,0.0016216501826420426,0.00019694741058629006,0.97559654712677
meanOT,2,1000000,118,0.048297218978405,0.0027415608055889606,0.0005372414598241448,0.795167088508606
meanOT,2,1000000,119,0.0279417522251606,0.0011897217482328415,0.00038874748861417174,0.6038893461227417
meanOT,2,1000000,120,0.039110299199819565,0.0023240891750901937,0.00031535347807221115,0.9462525844573975
meanOT,2,1000000,121,0.03813086450099945,0.0024866692256182432,0.00038538326043635607,0.8610169291496277
meanOT,2,1000000,122,0.02829156629741192,0.002463360084220767,0.0004054622841067612,0.8605895042419434
meanOT,2,1000000,123,0.03240819275379181,0.00219077430665493,0.0006319080712273717,0.6313994526863098
meanOT,2,1000000,124,0.031657591462135315,0.001614704611711204,0.00019004344358108938,1.0125720500946045
meanOT,2,1000000,125,0.03406205773353577,0.0018920963630080223,0.00029599785921163857,0.8880904316902161
meanOT,2,1000000,126,0.030392033979296684,0.00305156409740448,0.0004809378588106483,0.8701225519180298
meanOT,2,1000000,127,0.02379857748746872,0.0024371016770601273,0.0003846252802759409,0.8447531461715698
meanOT,3,5001,0,0.003899744711816311,1.5210935089271516e-05,7.4525014497339725e-06,0.5051032900810242
meanOT,3,5001,1,0.004041514825075865,1.633537067391444e-05,7.984802323335316e-06,0.5056912899017334
meanOT,3,5001,2,0.004288611467927694,1.839489777921699e-05,8.948117283580359e-06,0.5069156885147095
meanOT,3,5001,3,0.0031154693569988012,9.706428500066977e-06,4.8192732720053755e-06,0.5017561912536621
meanOT,3,5001,4,0.0033646069932729006,1.1324746083118953e-05,5.4310457926476374e-06,0.5105357766151428
meanOT,3,5001,5,0.004482610616832972,2.0099310859222896e-05,9.790834155865014e-06,0.5065629482269287
meanOT,3,5001,6,0.004368256777524948,1.9088212866336107e-05,9.30694932321785e-06,0.506327748298645
meanOT,3,5001,7,0.0036110978107899427,1.3040374142292421e-05,6.459504675149219e-06,0.5023413300514221
meanOT,3,5001,8,0.004952272865921259,2.453656452416908e-05,1.1768934200517833e-05,0.5104939341545105
meanOT,3,5001,9,0.00343176512978971,1.1779240594478324e-05,5.766576123278355e-06,0.5053046941757202
meanOT,3,5001,10,0.0037259210366755724,1.3882956409361213e-05,6.888229563628556e-06,0.5019270181655884
meanOT,3,5001,11,0.002529499586671591,6.39839254290564e-06,3.1931078865454765e-06,0.5004755854606628
meanOT,3,5001,12,0.004084437619894743,1.6683148714946583e-05,8.228621481976006e-06,0.5034178495407104
meanOT,3,5001,13,0.0032506203278899193,1.0567174285824876e-05,5.234462605585577e-06,0.502339243888855
meanOT,3,5001,14,0.0041835252195596695,1.7504615243524313e-05,8.520553819835186e-06,0.5067520141601562
meanOT,3,5001,15,0.003987791482359171,1.590441752341576e-05,7.807861948094796e-06,0.5045984387397766
meanOT,3,5001,16,0.0033510380890220404,1.123075981013244e-05,5.5364334912155755e-06,0.5035507678985596
meanOT,3,5001,17,0.002360299229621887,5.571025212702807e-06,2.780898057608283e-06,0.5004138946533203
meanOT,3,5001,18,0.004141919314861298,1.715707912808284e-05,8.46235707285814e-06,0.5034182071685791
meanOT,3,5001,19,0.0031605458352714777,9.989405043597799e-06,4.941120096191298e-06,0.5027024745941162
meanOT,3,5001,20,0.004296835046261549,1.846578197728377e-05,9.047648745763581e-06,0.5050901770591736
meanOT,3,5001,21,0.004694335628300905,2.2042897398932837e-05,1.0624637070577592e-05,0.5092484354972839
meanOT,3,5001,22,0.0036087441258132458,1.3023334759054706e-05,6.43465591565473e-06,0.5029813051223755
meanOT,3,5001,23,0.0037001653108745813,1.369382516713813e-05,6.720525107084541e-06,0.5046778321266174
meanOT,3,5001,24,0.0043017202988266945,1.850656553870067e-05,9.087049875233788e-06,0.5045502185821533
meanOT,3,5001,25,0.003051165957003832,9.310057066613808e-06,4.608093604474561e-06,0.5025385618209839
meanOT,3,5001,26,0.0042899190448224545,1.8408067262498662e-05,8.950896699388977e-06,0.5070183873176575
meanOT,3,5001,27,0.004212073050439358,1.7743572243489325e-05,8.651397365611047e-06,0.5063260197639465
meanOT,3,5001,28,0.004835775587707758,2.3396158212563023e-05,1.1184983122802805e-05,0.5113368630409241
meanOT,3,5001,29,0.004195971880108118,1.7607515474082902e-05,8.632060598756652e-06,0.5049458742141724
meanOT,3,5001,30,0.0038964063860476017,1.5185556549113244e-05,7.418113455059938e-06,0.505850076675415
meanOT,3,5001,31,0.004646562971174717,2.1594885765807703e-05,1.0524156095925719e-05,0.5064473748207092
meanOT,3,5001,32,0.003641911782324314,1.3265514098748099e-05,6.537351964652771e-06,0.5036333799362183
meanOT,3,5001,33,0.003130377037450671,9.799443432711996e-06,4.857298790739151e-06,0.502177357673645
meanOT,3,5001,34,0.003780447179451585,1.4292687410488725e-05,7.038974217721261e-06,0.5037971138954163
meanOT,3,5001,35,0.00436337711289525,1.9040671759285033e-05,9.337356459582224e-06,0.5048727989196777
meanOT,3,5001,36,0.004827115219086409,2.3305441573029384e-05,1.1407645615690853e-05,0.5053391456604004
meanOT,3,5001,37,0.004055923782289028,1.6451433111797087e-05,8.102753781713545e-06,0.503777265548706
meanOT,3,5001,38,0.0036408721935003996,1.3257191312732175e-05,6.522894636873389e-06,0.504033088684082
meanOT,3,5001,39,0.004193103406578302,1.7583748558536172e-05,8.667290785524528e-06,0.5035783052444458
meanOT,3,5001,40,0.005236106924712658,2.7428501198301092e-05,1.3217551895650104e-05,0.5093041658401489
meanOT,3,5001,41,0.004691001493483782,2.2009709937265143e-05,1.0756928531918675e-05,0.5057263374328613
meanOT,3,5001,42,0.0033784436527639627,1.1417370842536911e-05,5.489550403581234e-06,0.5098804235458374
meanOT,3,5001,43,0.0051384917460381985,2.6407902623759583e-05,1.283333040191792e-05,0.5071648359298706
meanOT,3,5001,44,0.003927899990230799,1.54314620885998e-05,7.557907792943297e-06,0.5051913857460022
meanOT,3,5001,45,0.002877048449590802,8.27851181384176e-06,4.071445800946094e-06,0.5041454434394836
meanOT,3,5001,46,0.0034117090981453657,1.1640442608040757e-05,5.769498329755152e-06,0.5021914839744568
meanOT,3,5001,47,0.0036570776719599962,1.3376903552853037e-05,6.499372375401435e-06,0.507219135761261
meanOT,3,5001,48,0.004281941801309586,1.8341881514061242e-05,8.873541446519084e-06,0.5083073377609253
meanOT,3,5001,49,0.0035689352080225945,1.274044370802585e-05,6.243647476367187e-06,0.5050410032272339
meanOT,3,5001,50,0.004665213171392679,2.1766749341622926e-05,1.058060661307536e-05,0.507100522518158
meanOT,3,5001,51,0.0038362201303243637,1.4717535123054404e-05,7.26257576388889e-06,0.503298282623291
meanOT,3,5001,52,0.003666603472083807,1.3445998774841428e-05,6.551552814926254e-06,0.5064982175827026
meanOT,3,5001,53,0.003099010791629553,9.604204933566507e-06,4.754604105983162e-06,0.5024899840354919
meanOT,3,5001,54,0.0052291592583060265,2.7349384254193865e-05,1.3174211744626518e-05,0.5094050765037537
meanOT,3,5001,55,0.003869556589052081,1.4976361853769049e-05,7.2702237048360985e-06,0.507437527179718
meanOT,3,5001,56,0.00336847803555429,1.134935246227542e-05,5.543050974665675e-06,0.5059001445770264
meanOT,3,5001,57,0.003062749281525612,9.381004929309711e-06,4.620945219357964e-06,0.503747820854187
meanOT,3,5001,58,0.0033276791218668222,1.1073973837483209e-05,5.4861707212694455e-06,0.50230872631073
meanOT,3,5001,59,0.005912659224122763,3.497135185170919e-05,1.6745338143664412e-05,0.5109286308288574
meanOT,3,5001,60,0.0028808896895498037,8.299897672259249e-06,4.118542165088002e-06,0.5019016265869141
meanOT,3,5001,61,0.003921370021998882,1.5378891475847922e-05,7.5697330430557486e-06,0.5039360523223877
meanOT,3,5001,62,0.005056013353168964,2.5581139198038727e-05,1.2275929293537047e-05,0.5103696584701538
meanOT,3,5001,63,0.003852003952488303,1.4839371942798607e-05,7.271803951880429e-06,0.5050565600395203
meanOT,3,5001,64,0.0037370887584984303,1.3968106941320002e-05,6.816672794229817e-06,0.5060995817184448
meanOT,3,5001,65,0.0045431433245539665,2.065142325591296e-05,9.681974916020408e-06,0.5163518190383911
meanOT,3,5001,66,0.004276960622519255,1.8293620087206364e-05,9.003178092825692e-06,0.5039701461791992
meanOT,3,5001,67,0.0041432008147239685,1.716828774078749e-05,8.452830115857068e-06,0.50386643409729
meanOT,3,5001,68,0.005422183312475681,2.9420778446365148e-05,1.4183779057930224e-05,0.5091933012008667
meanOT,3,5001,69,0.005367186386138201,2.8838834623456933e-05,1.3560946172219701e-05,0.5155792236328125
meanOT,3,5001,70,0.003842827631160617,1.4768025721423328e-05,7.295162504306063e-06,0.5030336380004883
meanOT,3,5001,71,0.0041906884871423244,1.756261735863518e-05,8.653079930809326e-06,0.5036886930465698
meanOT,3,5001,72,0.005389347206801176,2.905844485212583e-05,1.3936999494035263e-05,0.5105088949203491
meanOT,3,5001,73,0.004150961060076952,1.7231654055649415e-05,8.482134944642894e-06,0.503922700881958
meanOT,3,5001,74,0.0040726009756326675,1.6591919120401144e-05,8.040496140893083e-06,0.5078787803649902
meanOT,3,5001,75,0.005312846042215824,2.8231110263732262e-05,1.3787453099212144e-05,0.5059105157852173
meanOT,3,5001,76,0.004738891962915659,2.246550502604805e-05,1.090743717213627e-05,0.5073983669281006
meanOT,3,5001,77,0.004278372973203659,1.831219924497418e-05,8.885133865987882e-06,0.5075644254684448
meanOT,3,5001,78,0.004109350498765707,1.6889352991711348e-05,8.23038772068685e-06,0.5064650774002075
meanOT,3,5001,79,0.0034794488456100225,1.2106836038583424e-05,6.00526254856959e-06,0.501999020576477
meanOT,3,5001,80,0.004117193631827831,1.695260471024085e-05,8.337646249856334e-06,0.5041381120681763
meanOT,3,5001,81,0.005083427298814058,2.586057235021144e-05,1.2286989658605307e-05,0.5129184722900391
meanOT,3,5001,82,0.0036979832220822573,1.3677539755008183e-05,6.719978046021424e-06,0.5043981671333313
meanOT,3,5001,83,0.0033978938590735197,1.1546660061867442e-05,5.698384029528825e-06,0.5032757520675659
meanOT,3,5001,84,0.004915392957627773,2.4173308702302165e-05,1.1714181709976401e-05,0.5078837275505066
meanOT,3,5001,85,0.00514607410877943,2.6489586161915213e-05,1.2772441550623626e-05,0.5091578364372253
meanOT,3,5001,86,0.003256254130974412,1.060337308445014e-05,5.254803909338079e-06,0.5022240281105042
meanOT,3,5001,87,0.0042452020570635796,1.8023521988652647e-05,8.786240869085304e-06,0.5063737034797668
meanOT,3,5001,88,0.005103721749037504,2.605735971883405e-05,1.2654596503125504e-05,0.5073331594467163
meanOT,3,5001,89,0.0051937769167125225,2.698362004593946e-05,1.2958842489751987e-05,0.5101746916770935
meanOT,3,5001,90,0.004249456338584423,1.8060189177049324e-05,8.830127626424655e-06,0.5056272745132446
meanOT,3,5001,91,0.0044317604042589664,1.9642611732706428e-05,9.576252523402218e-06,0.5063543319702148
meanOT,3,5001,92,0.0038007020484656096,1.4447738976741675e-05,7.0729975050198846e-06,0.5053025484085083
meanOT,3,5001,93,0.003993591293692589,1.5951738532749005e-05,7.779923180351034e-06,0.5062553286552429
meanOT,3,5001,94,0.004307872150093317,1.856017843238078e-05,9.104202035814524e-06,0.5048041343688965
meanOT,3,5001,95,0.0035091338213533163,1.2314965715631843e-05,6.081932497181697e-06,0.5030941963195801
meanOT,3,5001,96,0.003947947174310684,1.5587640518788248e-05,7.678247129661031e-06,0.5037468075752258
meanOT,3,5001,97,0.003927519079297781,1.5427052858285606e-05,7.569826721010031e-06,0.504721462726593
meanOT,3,5001,98,0.005107669159770012,2.6122215786017478e-05,1.2417296602507122e-05,0.512794554233551
meanOT,3,5001,99,0.003967404831200838,1.5744664779049344e-05,7.611068667756626e-06,0.5085070133209229
meanOT,3,5001,100,0.003978388383984566,1.5834304576856084e-05,7.666233614145312e-06,0.5081145763397217
meanOT,3,5001,101,0.00417343620210886,1.742030326568056e-05,8.483178135065828e-06,0.5066424012184143
meanOT,3,5001,102,0.0035767313092947006,1.2793756468454376e-05,6.314722213573987e-06,0.5032403469085693
meanOT,3,5001,103,0.00547529524192214,2.9989858376211487e-05,1.4217233911040239e-05,0.5134888887405396
meanOT,3,5001,104,0.005113284569233656,2.615788980619982e-05,1.2531778338598087e-05,0.5107954740524292
meanOT,3,5001,105,0.005143387243151665,2.6480774977244437e-05,1.2725518899969757e-05,0.5100110769271851
meanOT,3,5001,106,0.00437188521027565,1.9121802324661985e-05,9.18281057238346e-06,0.510187029838562
meanOT,3,5001,107,0.004246571566909552,1.804307976271957e-05,8.48553918331163e-06,0.5155470371246338
meanOT,3,5001,108,0.0031801650766283274,1.0113607459061313e-05,5.02918101119576e-06,0.501369833946228
meanOT,3,5001,109,0.003564383601769805,1.270733537239721e-05,6.235988621483557e-06,0.5046939849853516
meanOT,3,5001,110,0.004766317084431648,2.273375866934657e-05,1.0946985639748164e-05,0.5094959735870361
meanOT,3,5001,111,0.005393406376242638,2.909337854362093e-05,1.41577584145125e-05,0.5068173408508301
meanOT,3,5001,112,0.004625952802598476,2.1411042325780727e-05,1.0231181477138307e-05,0.5114561915397644
meanOT,3,5001,113,0.004040051717311144,1.6330905054928735e-05,7.857604941818863e-06,0.5096982717514038
meanOT,3,5001,114,0.004651649855077267,2.1640265913447365e-05,1.051838080456946e-05,0.5071184635162354
meanOT,3,5001,115,0.00362983881495893,1.3177412256482057e-05,6.469317213486647e-06,0.5045908689498901
meanOT,3,5001,116,0.003607638878747821,1.301629890804179e-05,6.400656275218353e-06,0.5041793584823608
meanOT,3,5001,117,0.0036958244163542986,1.366093783872202e-05,6.666719400527654e-06,0.5061013698577881
meanOT,3,5001,118,0.004112499766051769,1.6913827494136058e-05,8.291894118883647e-06,0.5049484372138977
meanOT,3,5001,119,0.004259658046066761,1.8147384253097698e-05,8.856788554112427e-06,0.5060830116271973
meanOT,3,5001,120,0.003236795775592327,1.0479120646778028e-05,5.118459284858545e-06,0.5058789253234863
meanOT,3,5001,121,0.0032039652578532696,1.0265925084240735e-05,5.037979008193361e-06,0.5046899914741516
meanOT,3,5001,122,0.0029794129077345133,8.877483196556568e-06,4.385017746244557e-06,0.5030523538589478
meanOT,3,5001,123,0.004063705448061228,1.6514815797563642e-05,8.15759449324105e-06,0.5030474066734314
meanOT,3,5001,124,0.004054672550410032,1.644192889216356e-05,8.074246579781175e-06,0.5045201182365417
meanOT,3,5001,125,0.004008149728178978,1.6067202523117885e-05,7.905119673523586e-06,0.504044771194458
meanOT,3,5001,126,0.004984503146260977,2.4862167265382595e-05,1.1931859262404032e-05,0.510349452495575
meanOT,3,5001,127,0.0033866276498883963,1.1470930985524319e-05,5.597960807790514e-06,0.5061021447181702
meanOT,3,50000,0,0.2592809200286865,0.11843392252922058,0.030839620158076286,0.6816167831420898
meanOT,3,50000,1,0.204543799161911,0.07552668452262878,0.025326794013381004,0.6012923717498779
meanOT,3,50000,2,0.45661887526512146,0.2678230404853821,0.07229781150817871,0.6548651456832886
meanOT,3,50000,3,0.3919084370136261,0.2101084440946579,0.08649127930402756,0.5250119566917419
meanOT,3,50000,4,0.450675368309021,0.26617926359176636,0.06354319304227829,0.69998699426651
meanOT,3,50000,5,0.2962628901004791,0.1059388667345047,0.03399698808789253,0.6128677129745483
meanOT,3,50000,6,0.33730459213256836,0.2874743342399597,0.07641540467739105,0.6576452255249023
meanOT,3,50000,7,0.40802934765815735,0.18970170617103577,0.06904226541519165,0.5647053718566895
meanOT,3,50000,8,0.2928907573223114,0.1084393635392189,0.029588710516691208,0.6654230356216431
meanOT,3,50000,9,0.2271452695131302,0.09047353267669678,0.027534453198313713,0.6300166845321655
meanOT,3,50000,10,0.31325697898864746,0.1306011974811554,0.049743443727493286,0.5575488805770874
meanOT,3,50000,11,0.5096627473831177,0.2992182970046997,0.11710262298583984,0.5275697708129883
meanOT,3,50000,12,0.3275683522224426,0.13197281956672668,0.0513102188706398,0.5517457723617554
meanOT,3,50000,13,0.38025763630867004,0.20825570821762085,0.08239306509494781,0.5382516384124756
meanOT,3,50000,14,0.42091482877731323,0.23642872273921967,0.057191867381334305,0.6969037055969238
meanOT,3,50000,15,0.27415353059768677,0.1047697514295578,0.03543681278824806,0.595449686050415
meanOT,3,50000,16,0.4599805772304535,0.24166947603225708,0.07022655010223389,0.6299264430999756
meanOT,3,50000,17,0.49963921308517456,0.29615354537963867,0.11772578954696655,0.5230766534805298
meanOT,3,50000,18,0.2817341983318329,0.10808002948760986,0.03234783560037613,0.635002851486206
meanOT,3,50000,19,0.3453805148601532,0.19384579360485077,0.06295580416917801,0.5989177227020264
meanOT,3,50000,20,0.30168452858924866,0.1009366437792778,0.03401348739862442,0.5980006456375122
meanOT,3,50000,21,0.30106988549232483,0.1664837896823883,0.03827601298689842,0.7226252555847168
meanOT,3,50000,22,0.3900245130062103,0.18098270893096924,0.063723124563694,0.5761529207229614
meanOT,3,50000,23,0.3126685619354248,0.11668306589126587,0.038372013717889786,0.6034733057022095
meanOT,3,50000,24,0.38438573479652405,0.1935623735189438,0.06492389738559723,0.5893121957778931
meanOT,3,50000,25,0.38220900297164917,0.16734686493873596,0.06141052395105362,0.5643599033355713
meanOT,3,50000,26,0.3546631932258606,0.15429848432540894,0.03919392451643944,0.686735987663269
meanOT,3,50000,27,0.28550881147384644,0.1314462572336197,0.029466738924384117,0.7345568537712097
meanOT,3,50000,28,0.3823717534542084,0.17528036236763,0.04072822257876396,0.7181247472763062
meanOT,3,50000,29,0.3192620277404785,0.13912339508533478,0.03894384950399399,0.6543644070625305
meanOT,3,50000,30,0.4541395306587219,0.25024664402008057,0.07195298373699188,0.6347006559371948
meanOT,3,50000,31,0.3456460237503052,0.15636295080184937,0.03959231823682785,0.6881306767463684
meanOT,3,50000,32,0.44365161657333374,0.21926109492778778,0.08203732222318649,0.5523827075958252
meanOT,3,50000,33,0.47075843811035156,0.25234368443489075,0.08954952657222748,0.5639821887016296
meanOT,3,50000,34,0.304426908493042,0.16076341271400452,0.047340504825115204,0.6353044509887695
meanOT,3,50000,35,0.4214126467704773,0.20393231511116028,0.053248289972543716,0.6717535853385925
meanOT,3,50000,36,0.3055264353752136,0.13010725378990173,0.04053231328725815,0.6201692223548889
meanOT,3,50000,37,0.36720845103263855,0.15222471952438354,0.04758398234844208,0.6158924102783203
meanOT,3,50000,38,0.40810859203338623,0.18756461143493652,0.06582413613796234,0.5754809379577637
meanOT,3,50000,39,0.4387107491493225,0.22960638999938965,0.07476967573165894,0.5957702994346619
meanOT,3,50000,40,0.31876468658447266,0.15497151017189026,0.03633974492549896,0.7154222726821899
meanOT,3,50000,41,0.3387962281703949,0.12425823509693146,0.03956623002886772,0.6133673191070557
meanOT,3,50000,42,0.3912957012653351,0.19211933016777039,0.04449627920985222,0.7162945866584778
meanOT,3,50000,43,0.39153894782066345,0.17752021551132202,0.047940608114004135,0.6632026433944702
meanOT,3,50000,44,0.22153834998607635,0.07170344889163971,0.02120068669319153,0.641626238822937
meanOT,3,50000,45,0.41107040643692017,0.20912912487983704,0.06537291407585144,0.6101427674293518
meanOT,3,50000,46,0.38442257046699524,0.17062264680862427,0.07245796918869019,0.5217163562774658
meanOT,3,50000,47,0.3824913799762726,0.17800657451152802,0.05171331763267517,0.6380146145820618
meanOT,3,50000,48,0.27808722853660583,0.13170959055423737,0.03139098733663559,0.7111110687255859
meanOT,3,50000,49,0.26308754086494446,0.1222180649638176,0.03287427872419357,0.6689987182617188
meanOT,3,50000,50,0.25236859917640686,0.08313137292861938,0.02120964787900448,0.6902658343315125
meanOT,3,50000,51,0.3145087659358978,0.12555137276649475,0.03754802420735359,0.6329585313796997
meanOT,3,50000,52,0.35504859685897827,0.1480041742324829,0.035296231508255005,0.7096344232559204
meanOT,3,50000,53,0.38667362928390503,0.18042317032814026,0.06865106523036957,0.55024653673172
meanOT,3,50000,54,0.3539617955684662,0.18274804949760437,0.04462328180670738,0.6981053352355957
meanOT,3,50000,55,0.3325088918209076,0.1752912700176239,0.04829928278923035,0.6550848484039307
meanOT,3,50000,56,0.40234503149986267,0.19015493988990784,0.0665784403681755,0.5763020515441895
meanOT,3,50000,57,0.4420740604400635,0.2276187688112259,0.0706496611237526,0.6106261610984802
meanOT,3,50000,58,0.29282256960868835,0.1045210063457489,0.035096216946840286,0.5980806350708008
meanOT,3,50000,59,0.2969495952129364,0.122264064848423,0.02766105718910694,0.731956422328949
meanOT,3,50000,60,0.3319496810436249,0.14884862303733826,0.04658029228448868,0.6157652735710144
meanOT,3,50000,61,0.2505328357219696,0.09883422404527664,0.03552371263504028,0.5779402852058411
meanOT,3,50000,62,0.2667243182659149,0.08258593082427979,0.021805014461278915,0.6791300773620605
meanOT,3,50000,63,0.36313116550445557,0.18472963571548462,0.05546801909804344,0.6262784600257874
meanOT,3,50000,64,0.3343001902103424,0.13086016476154327,0.037967879325151443,0.6415888071060181
meanOT,3,50000,65,0.31587913632392883,0.128623366355896,0.02930084802210331,0.7289795875549316
meanOT,3,50000,66,0.3115030825138092,0.11359982192516327,0.043023522943258286,0.5613242387771606
meanOT,3,50000,67,0.36757251620292664,0.16874158382415771,0.053573086857795715,0.6093874573707581
meanOT,3,50000,68,0.3809838891029358,0.17461468279361725,0.04925122484564781,0.6484147310256958
meanOT,3,50000,69,0.36919113993644714,0.20392322540283203,0.04235716164112091,0.7584396600723267
meanOT,3,50000,70,0.24355429410934448,0.09431809186935425,0.035019949078559875,0.5676619410514832
meanOT,3,50000,71,0.30897408723831177,0.1358703076839447,0.04448162391781807,0.6035650968551636
meanOT,3,50000,72,0.30366042256355286,0.11870238929986954,0.03230306878685951,0.6653867959976196
meanOT,3,50000,73,0.2941417396068573,0.10726863890886307,0.03420313447713852,0.6142678260803223
meanOT,3,50000,74,0.3644649088382721,0.1831277757883072,0.04457644745707512,0.6985833644866943
meanOT,3,50000,75,0.2879470884799957,0.11392222344875336,0.03218264877796173,0.6529597043991089
meanOT,3,50000,76,0.3394618332386017,0.15798220038414001,0.04293106123805046,0.662675142288208
meanOT,3,50000,77,0.23837536573410034,0.06908072531223297,0.0235326886177063,0.5977435111999512
meanOT,3,50000,78,0.42799800634384155,0.24613982439041138,0.06033735349774361,0.6911466717720032
meanOT,3,50000,79,0.42616066336631775,0.25416114926338196,0.08282500505447388,0.5926098227500916
meanOT,3,50000,80,0.2571171224117279,0.08258358389139175,0.023858333006501198,0.6475321650505066
meanOT,3,50000,81,0.27637940645217896,0.15150198340415955,0.035616494715213776,0.7143852710723877
meanOT,3,50000,82,0.23395466804504395,0.07399530708789825,0.02158484049141407,0.6471295952796936
meanOT,3,50000,83,0.42003828287124634,0.19422784447669983,0.06645156443119049,0.5837870836257935
meanOT,3,50000,84,0.33596500754356384,0.14357110857963562,0.036369480192661285,0.6884303092956543
meanOT,3,50000,85,0.2755551338195801,0.12855923175811768,0.02912687137722969,0.7304309606552124
meanOT,3,50000,86,0.38929077982902527,0.18730191886425018,0.06320437788963318,0.5889257192611694
meanOT,3,50000,87,0.38434892892837524,0.2033596932888031,0.05169849842786789,0.682015061378479
meanOT,3,50000,88,0.2787107825279236,0.10502070188522339,0.025917286053299904,0.7004601955413818
meanOT,3,50000,89,0.4003097414970398,0.20402240753173828,0.04414139688014984,0.7426444292068481
meanOT,3,50000,90,0.4480940103530884,0.22593910992145538,0.06379444897174835,0.6432472467422485
meanOT,3,50000,91,0.29733890295028687,0.1440858244895935,0.032173823565244675,0.7349861860275269
meanOT,3,50000,92,0.21399220824241638,0.07154178619384766,0.020794574171304703,0.6484664082527161
meanOT,3,50000,93,0.29763785004615784,0.12210532277822495,0.033852461725473404,0.6586318612098694
meanOT,3,50000,94,0.4683856964111328,0.2708393931388855,0.07604236155748367,0.6407907009124756
meanOT,3,50000,95,0.22307126224040985,0.08118046075105667,0.028738820925354958,0.5839644074440002
meanOT,3,50000,96,0.21483132243156433,0.08462870121002197,0.033142440021038055,0.5547345876693726
meanOT,3,50000,97,0.39184775948524475,0.19882430136203766,0.06601526588201523,0.5925155282020569
meanOT,3,50000,98,0.22962990403175354,0.07545009255409241,0.019520755857229233,0.6875775456428528
meanOT,3,50000,99,0.38209715485572815,0.19131705164909363,0.04641077667474747,0.6995338797569275
meanOT,3,50000,100,0.44714096188545227,0.23569892346858978,0.06085329130291939,0.6740038394927979
meanOT,3,50000,101,0.3342795968055725,0.13266311585903168,0.032797619700431824,0.698600172996521
meanOT,3,50000,102,0.231106698513031,0.09158648550510406,0.028869668021798134,0.6191052198410034
meanOT,3,50000,103,0.27744466066360474,0.12015179544687271,0.022743918001651764,0.8024300336837769
meanOT,3,50000,104,0.32814347743988037,0.14056697487831116,0.03409476950764656,0.703830361366272
meanOT,3,50000,105,0.22471000254154205,0.06579321622848511,0.019162343814969063,0.6467618942260742
meanOT,3,50000,106,0.30996063351631165,0.13947711884975433,0.033315710723400116,0.7107383012771606
meanOT,3,50000,107,0.33931827545166016,0.1921185851097107,0.03230753168463707,0.845041036605835
meanOT,3,50000,108,0.3135718107223511,0.11801057308912277,0.04584849625825882,0.5528879165649414
meanOT,3,50000,109,0.2624659538269043,0.10008583962917328,0.03231014683842659,0.6112610697746277
meanOT,3,50000,110,0.2966005802154541,0.13293993473052979,0.03323657810688019,0.6942243576049805
meanOT,3,50000,111,0.27059489488601685,0.09709315001964569,0.02582979016005993,0.6758290529251099
meanOT,3,50000,112,0.3805184066295624,0.22408106923103333,0.03969207778573036,0.8209570646286011
meanOT,3,50000,113,0.35822373628616333,0.1641005426645279,0.04500577226281166,0.6589998006820679
meanOT,3,50000,114,0.25222548842430115,0.08299142867326736,0.021149076521396637,0.6906439065933228
meanOT,3,50000,115,0.45894256234169006,0.27789610624313354,0.0704445168375969,0.6766160726547241
meanOT,3,50000,116,0.32153600454330444,0.11274595558643341,0.04374239966273308,0.5538245439529419
meanOT,3,50000,117,0.3550184965133667,0.18620136380195618,0.05162045359611511,0.6517890691757202
meanOT,3,50000,118,0.43152448534965515,0.20505747199058533,0.06818769872188568,0.5910136103630066
meanOT,3,50000,119,0.2994319796562195,0.11836374551057816,0.03545897826552391,0.6332603693008423
meanOT,3,50000,120,0.3909182846546173,0.18015001714229584,0.06320687383413315,0.5767513513565063
meanOT,3,50000,121,0.3151717782020569,0.11550625413656235,0.03695785254240036,0.6119368076324463
meanOT,3,50000,122,0.4772307574748993,0.2650162875652313,0.08742038905620575,0.5878117680549622
meanOT,3,50000,123,0.2910879850387573,0.13777782022953033,0.04156878590583801,0.6296430826187134
meanOT,3,50000,124,0.40278586745262146,0.1849241703748703,0.05878118425607681,0.6076089143753052
meanOT,3,50000,125,0.4001363515853882,0.18420717120170593,0.05796404182910919,0.6107458472251892
meanOT,3,50000,126,0.23142407834529877,0.0611310638487339,0.01622779294848442,0.6792064905166626
meanOT,3,50000,127,0.32831960916519165,0.1352180689573288,0.033934686332941055,0.6919257640838623
meanOT,3,100000,0,0.25516870617866516,0.13787515461444855,0.027160702273249626,0.7839981317520142
meanOT,3,100000,1,0.17264701426029205,0.035987406969070435,0.012027773074805737,0.6045530438423157
meanOT,3,100000,2,0.48331451416015625,0.27077481150627136,0.06265397369861603,0.7103297710418701
meanOT,3,100000,3,0.42976856231689453,0.2096368670463562,0.08904636651277542,0.51739901304245
meanOT,3,100000,4,0.3723580241203308,0.165749654173851,0.03890746086835861,0.7144121527671814
meanOT,3,100000,5,0.16829803586006165,0.036628544330596924,0.011696388944983482,0.6211050152778625
meanOT,3,100000,6,0.28258809447288513,0.1041676476597786,0.030142290517687798,0.6465210318565369
meanOT,3,100000,7,0.4772146940231323,0.27866610884666443,0.08331753313541412,0.6170255541801453
meanOT,3,100000,8,0.31778454780578613,0.11090286076068878,0.030128635466098785,0.6672427654266357
meanOT,3,100000,9,0.1456162929534912,0.03840910643339157,0.011455683968961239,0.6404175758361816
meanOT,3,100000,10,0.26316189765930176,0.07464691996574402,0.03238161653280258,0.5272244215011597
meanOT,3,100000,11,0.3347366154193878,0.15753386914730072,0.07173490524291992,0.4955407381057739
meanOT,3,100000,12,0.20993445813655853,0.05356976389884949,0.020268898457288742,0.5675645470619202
meanOT,3,100000,13,0.3080386221408844,0.14687305688858032,0.0511716865003109,0.5810981392860413
meanOT,3,100000,14,0.4224766492843628,0.21632525324821472,0.05133870616555214,0.7062281370162964
meanOT,3,100000,15,0.11881142854690552,0.020160887390375137,0.010779701173305511,0.4797779321670532
meanOT,3,100000,16,0.4648633599281311,0.28251731395721436,0.05984940379858017,0.7438613772392273
meanOT,3,100000,17,0.354756236076355,0.1500399112701416,0.07594119012355804,0.47188472747802734
meanOT,3,100000,18,0.16763156652450562,0.03952149301767349,0.014694016426801682,0.5714200735092163
meanOT,3,100000,19,0.2653524875640869,0.1299067586660385,0.03950299322605133,0.6263399124145508
meanOT,3,100000,20,0.21020333468914032,0.05028083175420761,0.018527628853917122,0.5764466524124146
meanOT,3,100000,21,0.38057804107666016,0.1769690364599228,0.044109046459198,0.6915999054908752
meanOT,3,100000,22,0.4168335199356079,0.2061358094215393,0.06928518414497375,0.5876399874687195
meanOT,3,100000,23,0.3221413493156433,0.1443251073360443,0.03726737201213837,0.6819311380386353
meanOT,3,100000,24,0.4286929965019226,0.22012189030647278,0.07160510867834091,0.5966987609863281
meanOT,3,100000,25,0.4632117450237274,0.26276353001594543,0.08008470386266708,0.6131552457809448
meanOT,3,100000,26,0.22643569111824036,0.07352132350206375,0.0178757943212986,0.7093899250030518
meanOT,3,100000,27,0.31973668932914734,0.13471153378486633,0.03262520208954811,0.7050150036811829
meanOT,3,100000,28,0.28978854417800903,0.11010001599788666,0.02868000976741314,0.6818405389785767
meanOT,3,100000,29,0.1744496077299118,0.034969016909599304,0.008974557742476463,0.6923685669898987
meanOT,3,100000,30,0.3742361068725586,0.15902210772037506,0.04820232838392258,0.6257836818695068
meanOT,3,100000,31,0.27336400747299194,0.11604848504066467,0.028863513842225075,0.6976001262664795
meanOT,3,100000,32,0.46110785007476807,0.2406068742275238,0.07697604596614838,0.5998659133911133
meanOT,3,100000,33,0.4910080134868622,0.2719448208808899,0.08737730979919434,0.5950689315795898
meanOT,3,100000,34,0.3823084235191345,0.17010553181171417,0.04389340430498123,0.6797487735748291
meanOT,3,100000,35,0.4270569384098053,0.22505846619606018,0.05515123903751373,0.6925013065338135
meanOT,3,100000,36,0.1934746652841568,0.04599379003047943,0.019693508744239807,0.5339406132698059
meanOT,3,100000,37,0.16599902510643005,0.033798567950725555,0.013765730895102024,0.549346923828125
meanOT,3,100000,38,0.45986729860305786,0.24913908541202545,0.07666818797588348,0.6112582087516785
meanOT,3,100000,39,0.38920488953590393,0.2030583918094635,0.06411078572273254,0.6081457138061523
meanOT,3,100000,40,0.17181292176246643,0.059481509029865265,0.016368217766284943,0.6658557653427124
meanOT,3,100000,41,0.3024880290031433,0.11191302537918091,0.028874991461634636,0.6838392019271851
meanOT,3,100000,42,0.29894575476646423,0.15811637043952942,0.034023746848106384,0.7468931674957275
meanOT,3,100000,43,0.34624892473220825,0.13417117297649384,0.032154977321624756,0.710022509098053
meanOT,3,100000,44,0.15536530315876007,0.02942500449717045,0.01137812715023756,0.564162015914917
meanOT,3,100000,45,0.4874893128871918,0.3031313419342041,0.08363178372383118,0.6433335542678833
meanOT,3,100000,46,0.43536680936813354,0.2347640097141266,0.07688591629266739,0.5927634835243225
meanOT,3,100000,47,0.38301706314086914,0.16772201657295227,0.04473672807216644,0.6687029600143433
meanOT,3,100000,48,0.20879267156124115,0.05109009891748428,0.012940696440637112,0.6961669921875
meanOT,3,100000,49,0.24082082509994507,0.11061804741621017,0.024661526083946228,0.7367868423461914
meanOT,3,100000,50,0.19994919002056122,0.06649927794933319,0.015227062627673149,0.730951726436615
meanOT,3,100000,51,0.21787576377391815,0.061064474284648895,0.02088252082467079,0.5969964265823364
meanOT,3,100000,52,0.3089466094970703,0.13747256994247437,0.032044608145952225,0.7181297540664673
meanOT,3,100000,53,0.4434501528739929,0.24292725324630737,0.09402895718812943,0.5391017198562622
meanOT,3,100000,54,0.3939221203327179,0.19968153536319733,0.04345524683594704,0.740693986415863
meanOT,3,100000,55,0.17484866082668304,0.038012970238924026,0.010114765726029873,0.678249716758728
meanOT,3,100000,56,0.43414828181266785,0.2520751953125,0.06656333804130554,0.6636972427368164
meanOT,3,100000,57,0.43959465622901917,0.2328180968761444,0.07528069615364075,0.5972947478294373
meanOT,3,100000,58,0.21694636344909668,0.05537715181708336,0.01720060035586357,0.6250848770141602
meanOT,3,100000,59,0.20223462581634521,0.04350496083498001,0.00809404905885458,0.8134415149688721
meanOT,3,100000,60,0.38330674171447754,0.170991450548172,0.05254831537604332,0.6197959184646606
meanOT,3,100000,61,0.15556709468364716,0.03586910665035248,0.011068613268435001,0.6266440153121948
meanOT,3,100000,62,0.1344984620809555,0.02532224729657173,0.007239784114062786,0.6564942598342896
meanOT,3,100000,63,0.4356560707092285,0.21224433183670044,0.064093217253685,0.6218661069869995
meanOT,3,100000,64,0.31804054975509644,0.14327533543109894,0.03110399842262268,0.7450226545333862
meanOT,3,100000,65,0.21946604549884796,0.06187896803021431,0.01930500939488411,0.6245785355567932
meanOT,3,100000,66,0.18267665803432465,0.038116343319416046,0.016658956184983253,0.5282101631164551
meanOT,3,100000,67,0.33502161502838135,0.13005009293556213,0.03812048211693764,0.638834536075592
meanOT,3,100000,68,0.3980237543582916,0.17581751942634583,0.04649023339152336,0.6704701781272888
meanOT,3,100000,69,0.19622929394245148,0.08309071511030197,0.02385939657688141,0.6493747234344482
meanOT,3,100000,70,0.1813082993030548,0.04476054757833481,0.02029339224100113,0.5183258056640625
meanOT,3,100000,71,0.1826362907886505,0.043908171355724335,0.02149963565170765,0.49886637926101685
meanOT,3,100000,72,0.3359251022338867,0.12417428195476532,0.03360600769519806,0.6672981977462769
meanOT,3,100000,73,0.1588110476732254,0.032462410628795624,0.011839506216347218,0.580115795135498
meanOT,3,100000,74,0.41657572984695435,0.2200482189655304,0.05452217534184456,0.6893452405929565
meanOT,3,100000,75,0.1565137356519699,0.03841989487409592,0.011977702379226685,0.6268473267555237
meanOT,3,100000,76,0.42285865545272827,0.22340866923332214,0.054262131452560425,0.6971102952957153
meanOT,3,100000,77,0.16307255625724792,0.03548681363463402,0.012536468915641308,0.5897459983825684
meanOT,3,100000,78,0.4209071397781372,0.21588820219039917,0.053305771201848984,0.6915431618690491
meanOT,3,100000,79,0.4642616808414459,0.23937056958675385,0.06962160021066666,0.6300511360168457
meanOT,3,100000,80,0.19363678991794586,0.048672884702682495,0.015498396009206772,0.6200417280197144
meanOT,3,100000,81,0.19534049928188324,0.0848761796951294,0.017551863566040993,0.7681732177734375
meanOT,3,100000,82,0.2044743150472641,0.05284537002444267,0.010036922059953213,0.8055970668792725
meanOT,3,100000,83,0.34981659054756165,0.18177354335784912,0.052191197872161865,0.6421824097633362
meanOT,3,100000,84,0.3506994843482971,0.1407088339328766,0.03476160392165184,0.6974221467971802
meanOT,3,100000,85,0.19400489330291748,0.04341776669025421,0.010629553347826004,0.7097840309143066
meanOT,3,100000,86,0.40101268887519836,0.17159013450145721,0.051953501999378204,0.6243256330490112
meanOT,3,100000,87,0.41645437479019165,0.20834895968437195,0.05073423311114311,0.6970151662826538
meanOT,3,100000,88,0.19254282116889954,0.05069494619965553,0.012638394720852375,0.7008925080299377
meanOT,3,100000,89,0.3396940529346466,0.17618800699710846,0.034142524003982544,0.788177490234375
meanOT,3,100000,90,0.35005858540534973,0.1677267849445343,0.05003352463245392,0.6306248903274536
meanOT,3,100000,91,0.3413524925708771,0.15524457395076752,0.03727229684591293,0.7064164876937866
meanOT,3,100000,92,0.14170415699481964,0.02388186752796173,0.00819513387978077,0.6004726886749268
meanOT,3,100000,93,0.1552884727716446,0.02764466404914856,0.00852977205067873,0.6326480507850647
meanOT,3,100000,94,0.35906657576560974,0.16650497913360596,0.04432056471705437,0.6679532527923584
meanOT,3,100000,95,0.1513499915599823,0.03445081785321236,0.012164986692368984,0.5867555141448975
meanOT,3,100000,96,0.11359290778636932,0.02635812759399414,0.011214963160455227,0.537397027015686
meanOT,3,100000,97,0.4643026292324066,0.2605212330818176,0.06443677842617035,0.6862818598747253
meanOT,3,100000,98,0.13949714601039886,0.03349584341049194,0.00851502176374197,0.6917716264724731
meanOT,3,100000,99,0.3810090124607086,0.17270848155021667,0.039005886763334274,0.7283532023429871
meanOT,3,100000,100,0.26276302337646484,0.08993197977542877,0.022908486425876617,0.6898635625839233
meanOT,3,100000,101,0.26668858528137207,0.0864194929599762,0.01948988251388073,0.7366279363632202
meanOT,3,100000,102,0.1675182282924652,0.035416942089796066,0.012168689630925655,0.5980956554412842
meanOT,3,100000,103,0.19784539937973022,0.05716148018836975,0.009069941937923431,0.8828116655349731
meanOT,3,100000,104,0.17420586943626404,0.05713703855872154,0.012313670478761196,0.7539337277412415
meanOT,3,100000,105,0.17547094821929932,0.0406060591340065,0.013711448758840561,0.6008505821228027
meanOT,3,100000,106,0.2660429775714874,0.08703142404556274,0.02268797717988491,0.6837576627731323
meanOT,3,100000,107,0.18709386885166168,0.08320806920528412,0.01341475360095501,0.8702366352081299
meanOT,3,100000,108,0.2972007393836975,0.11498700082302094,0.03709975630044937,0.6098138093948364
meanOT,3,100000,109,0.26538902521133423,0.07517270743846893,0.019350802525877953,0.6882785558700562
meanOT,3,100000,110,0.2838224470615387,0.12270507216453552,0.02558531053364277,0.7602214813232422
meanOT,3,100000,111,0.18882572650909424,0.04176967591047287,0.012536752037703991,0.6398757100105286
meanOT,3,100000,112,0.24666206538677216,0.07525531202554703,0.014074110426008701,0.8070211410522461
meanOT,3,100000,113,0.38749146461486816,0.21138589084148407,0.046123895794153214,0.7358120679855347
meanOT,3,100000,114,0.20094433426856995,0.06574727594852448,0.01505272090435028,0.7310619354248047
meanOT,3,100000,115,0.38165801763534546,0.16949889063835144,0.04766913503408432,0.6476904153823853
meanOT,3,100000,116,0.17828652262687683,0.03757069259881973,0.01980169676244259,0.48178258538246155
meanOT,3,100000,117,0.24500450491905212,0.07731784880161285,0.022190602496266365,0.6500929594039917
meanOT,3,100000,118,0.4737801253795624,0.25308310985565186,0.07991001009941101,0.6026099920272827
meanOT,3,100000,119,0.24832575023174286,0.06577195972204208,0.02588650770485401,0.55461585521698
meanOT,3,100000,120,0.42983129620552063,0.2478538453578949,0.06547515839338303,0.6639538407325745
meanOT,3,100000,121,0.17199550569057465,0.040489889681339264,0.016568362712860107,0.5464409589767456
meanOT,3,100000,122,0.45901238918304443,0.2677674889564514,0.07952827960252762,0.6216424703598022
meanOT,3,100000,123,0.20335398614406586,0.06489984691143036,0.01973309926688671,0.6334139108657837
meanOT,3,100000,124,0.44651859998703003,0.2867734432220459,0.07434801012277603,0.6668496131896973
meanOT,3,100000,125,0.41733303666114807,0.18987704813480377,0.06009102985262871,0.6085332036018372
meanOT,3,100000,126,0.12423370778560638,0.02093886211514473,0.005980933550745249,0.6572216749191284
meanOT,3,100000,127,0.17621637880802155,0.03776421397924423,0.011181258596479893,0.6445386409759521
meanOT,3,250000,0,0.14624851942062378,0.04092060774564743,0.00520598329603672,0.9830493927001953
meanOT,3,250000,1,0.07444477826356888,0.007191024720668793,0.002049271250143647,0.6594581604003906
meanOT,3,250000,2,0.5580767393112183,0.37792056798934937,0.08294931054115295,0.7207766175270081
meanOT,3,250000,3,0.505334198474884,0.2813100218772888,0.09791445732116699,0.5690290331840515
meanOT,3,250000,4,0.39670971035957336,0.1880311369895935,0.03673277422785759,0.7836156487464905
meanOT,3,250000,5,0.08468150347471237,0.009161632508039474,0.0025314923841506243,0.6713811755180359
meanOT,3,250000,6,0.2422749102115631,0.07543125748634338,0.011140036396682262,0.9121777415275574
meanOT,3,250000,7,0.44328880310058594,0.24306721985340118,0.07748612761497498,0.6010888814926147
meanOT,3,250000,8,0.33469417691230774,0.14292120933532715,0.03215579316020012,0.7311305999755859
meanOT,3,250000,9,0.09012331068515778,0.009944861754775047,0.0037205463740974665,0.5749428868293762
meanOT,3,250000,10,0.1317109763622284,0.02366752177476883,0.01040269248187542,0.5280718207359314
meanOT,3,250000,11,0.2824420928955078,0.1088906079530716,0.026659468188881874,0.6942830085754395
meanOT,3,250000,12,0.08476696163415909,0.012925814837217331,0.0032149062026292086,0.7057106494903564
meanOT,3,250000,13,0.19174282252788544,0.06430119276046753,0.01656932383775711,0.6887215375900269
meanOT,3,250000,14,0.39466890692710876,0.21583008766174316,0.04822467267513275,0.7283830642700195
meanOT,3,250000,15,0.0702572911977768,0.0059669543989002705,0.003106646705418825,0.4863773584365845
meanOT,3,250000,16,0.47916916012763977,0.29656872153282166,0.051938921213150024,0.8203276991844177
meanOT,3,250000,17,0.21728506684303284,0.06485669314861298,0.02057775855064392,0.6154720783233643
meanOT,3,250000,18,0.07515721023082733,0.01040466409176588,0.002603487577289343,0.6914094686508179
meanOT,3,250000,19,0.15691061317920685,0.06586293131113052,0.011707623489201069,0.8258665800094604
meanOT,3,250000,20,0.11125703901052475,0.016780434176325798,0.004363586660474539,0.6888836622238159
meanOT,3,250000,21,0.3980395793914795,0.19278942048549652,0.04075491800904274,0.7524294257164001
meanOT,3,250000,22,0.4855972230434418,0.3062821626663208,0.08375491201877594,0.6462199091911316
meanOT,3,250000,23,0.4263056516647339,0.21075047552585602,0.05167389661073685,0.6945479512214661
meanOT,3,250000,24,0.4901367127895355,0.2728688716888428,0.06212882697582245,0.716055691242218
meanOT,3,250000,25,0.6048609614372253,0.4299994111061096,0.11280257254838943,0.6496474742889404
meanOT,3,250000,26,0.13801820576190948,0.050529688596725464,0.009622421115636826,0.8030731081962585
meanOT,3,250000,27,0.11023906618356705,0.026919862255454063,0.0061106751672923565,0.7357511520385742
meanOT,3,250000,28,0.3701995015144348,0.16111443936824799,0.03315896913409233,0.7649298906326294
meanOT,3,250000,29,0.08426158130168915,0.014132065698504448,0.0021947978530079126,0.8851797580718994
meanOT,3,250000,30,0.4734155535697937,0.3206973075866699,0.0696752518415451,0.7299145460128784
meanOT,3,250000,31,0.1623023897409439,0.04084683582186699,0.009816581383347511,0.7143219709396362
meanOT,3,250000,32,0.5762296915054321,0.39643675088882446,0.10852466523647308,0.6377274990081787
meanOT,3,250000,33,0.4923659563064575,0.2767318785190582,0.0833483412861824,0.6150941848754883
meanOT,3,250000,34,0.4914817810058594,0.3038143813610077,0.07114282250404358,0.7025272846221924
meanOT,3,250000,35,0.5787044167518616,0.4230839014053345,0.10065890848636627,0.6866716742515564
meanOT,3,250000,36,0.10581903159618378,0.014048226177692413,0.00491001782938838,0.5924001932144165
meanOT,3,250000,37,0.07462747395038605,0.013049310073256493,0.004202291835099459,0.6194490194320679
meanOT,3,250000,38,0.5385331511497498,0.33662235736846924,0.09702995419502258,0.6254875659942627
meanOT,3,250000,39,0.5281754732131958,0.3321676254272461,0.09162790328264236,0.6403321027755737
meanOT,3,250000,40,0.08133559674024582,0.008170041255652905,0.002408635104075074,0.6459086537361145
meanOT,3,250000,41,0.12774744629859924,0.025046102702617645,0.007358639035373926,0.6451215147972107
meanOT,3,250000,42,0.36269545555114746,0.16943852603435516,0.034987449645996094,0.7621716260910034
meanOT,3,250000,43,0.47542664408683777,0.2885729670524597,0.058276377618312836,0.7621843218803406
meanOT,3,250000,44,0.09473865479230881,0.012224676087498665,0.002255138475447893,0.8184930682182312
meanOT,3,250000,45,0.46465957164764404,0.2645457983016968,0.07237100601196289,0.6507945656776428
meanOT,3,250000,46,0.4939931631088257,0.31328296661376953,0.08828186988830566,0.6352535486221313
meanOT,3,250000,47,0.5041443705558777,0.3110194504261017,0.062606580555439,0.7583773136138916
meanOT,3,250000,48,0.06908255815505981,0.007710235193371773,0.001980540808290243,0.6926050186157227
meanOT,3,250000,49,0.16674557328224182,0.04238918423652649,0.013523928821086884,0.6173369288444519
meanOT,3,250000,50,0.12749160826206207,0.02366051636636257,0.0036974011454731226,0.8913785219192505
meanOT,3,250000,51,0.066868856549263,0.005433656275272369,0.002341423649340868,0.5367686748504639
meanOT,3,250000,52,0.2650735378265381,0.14249195158481598,0.025944530963897705,0.8022182583808899
meanOT,3,250000,53,0.6110775470733643,0.43260759115219116,0.10316150635480881,0.6843358278274536
meanOT,3,250000,54,0.4836549758911133,0.28541719913482666,0.05614569038152695,0.7715193033218384
meanOT,3,250000,55,0.0907604917883873,0.013674668967723846,0.0035588459577411413,0.6886775493621826
meanOT,3,250000,56,0.5272815227508545,0.3483857214450836,0.09437878429889679,0.6460710763931274
meanOT,3,250000,57,0.5315500497817993,0.35207802057266235,0.08389414101839066,0.6897099614143372
meanOT,3,250000,58,0.08277088403701782,0.008621682412922382,0.004171382635831833,0.5026078224182129
meanOT,3,250000,59,0.10036858171224594,0.013875801116228104,0.0020852128509432077,0.9007716178894043
meanOT,3,250000,60,0.46632418036460876,0.26534098386764526,0.05637801066040993,0.744518518447876
meanOT,3,250000,61,0.07541140913963318,0.011540057137608528,0.003872540546581149,0.6048263311386108
meanOT,3,250000,62,0.09388533234596252,0.012076998129487038,0.0028238992672413588,0.7259213924407959
meanOT,3,250000,63,0.45521530508995056,0.24543626606464386,0.06651365756988525,0.6557594537734985
meanOT,3,250000,64,0.6093547940254211,0.4604048430919647,0.07839490473270416,0.8197792768478394
meanOT,3,250000,65,0.08146888017654419,0.009856034070253372,0.002263960661366582,0.7337435483932495
meanOT,3,250000,66,0.07053985446691513,0.009972229599952698,0.004265533294528723,0.5380536317825317
meanOT,3,250000,67,0.4028014838695526,0.24178655445575714,0.06866492331027985,0.6399661302566528
meanOT,3,250000,68,0.5041891932487488,0.3152124285697937,0.08626572787761688,0.6456378698348999
meanOT,3,250000,69,0.07754304260015488,0.010916199535131454,0.0026584670413285494,0.7100201845169067
meanOT,3,250000,70,0.07309511303901672,0.009984595701098442,0.004454821813851595,0.5262312293052673
meanOT,3,250000,71,0.07635840028524399,0.0074623217806220055,0.0034479850437492132,0.5174970030784607
meanOT,3,250000,72,0.3509761095046997,0.1579113006591797,0.035398416221141815,0.731232762336731
meanOT,3,250000,73,0.08118125796318054,0.009347623214125633,0.002734510460868478,0.6505917906761169
meanOT,3,250000,74,0.43732911348342896,0.21716360747814178,0.04142824932932854,0.7921174764633179
meanOT,3,250000,75,0.0666629895567894,0.005391863640397787,0.002194447675719857,0.5490487813949585
meanOT,3,250000,76,0.47409921884536743,0.3065454959869385,0.07980036735534668,0.6629947423934937
meanOT,3,250000,77,0.08233490586280823,0.009988329373300076,0.0024321319069713354,0.7124332189559937
meanOT,3,250000,78,0.38507190346717834,0.19876256585121155,0.046370480209589005,0.7136451005935669
meanOT,3,250000,79,0.5158032774925232,0.31702911853790283,0.09160393476486206,0.6261599063873291
meanOT,3,250000,80,0.08837264031171799,0.008693126030266285,0.00425758445635438,0.5009427070617676
meanOT,3,250000,81,0.0830046609044075,0.010501778684556484,0.0023190241772681475,0.7470580339431763
meanOT,3,250000,82,0.090412437915802,0.018840346485376358,0.004656958859413862,0.7018908262252808
meanOT,3,250000,83,0.4602121114730835,0.2533872425556183,0.06640377640724182,0.6655914783477783
meanOT,3,250000,84,0.34092676639556885,0.13869212567806244,0.033010777086019516,0.7119258642196655
meanOT,3,250000,85,0.061557818204164505,0.008111662231385708,0.0014323706272989511,0.8299612998962402
meanOT,3,250000,86,0.48656418919563293,0.28515952825546265,0.07208337634801865,0.676501989364624
meanOT,3,250000,87,0.5621999502182007,0.35163387656211853,0.0823138877749443,0.6992377638816833
meanOT,3,250000,88,0.09621657431125641,0.011615050956606865,0.004078749567270279,0.5906280279159546
meanOT,3,250000,89,0.1969212293624878,0.056433625519275665,0.011377102695405483,0.7772817015647888
meanOT,3,250000,90,0.4530031979084015,0.22915618121623993,0.053127896040678024,0.71365886926651
meanOT,3,250000,91,0.1140885129570961,0.02718629315495491,0.0061706132255494595,0.7357809543609619
meanOT,3,250000,92,0.08237649500370026,0.010275974869728088,0.002953270450234413,0.6569869518280029
meanOT,3,250000,93,0.07945175468921661,0.006653919816017151,0.0028034881688654423,0.541305661201477
meanOT,3,250000,94,0.45632556080818176,0.2608684003353119,0.06235845386981964,0.6992710828781128
meanOT,3,250000,95,0.05150601267814636,0.004643386695533991,0.0018932960228994489,0.5482709407806396
meanOT,3,250000,96,0.07604813575744629,0.008013139478862286,0.0037514502182602882,0.5117012858390808
meanOT,3,250000,97,0.5415069460868835,0.41737082600593567,0.08652516454458237,0.7417739033699036
meanOT,3,250000,98,0.10296867042779922,0.01475809421390295,0.0035513550974428654,0.7157967686653137
meanOT,3,250000,99,0.4413149356842041,0.2175043374300003,0.04264683648943901,0.7770957946777344
meanOT,3,250000,100,0.1689181625843048,0.0579642727971077,0.014787613414227962,0.6901805400848389
meanOT,3,250000,101,0.1357276737689972,0.024854127317667007,0.00670287199318409,0.6710057258605957
meanOT,3,250000,102,0.10486206412315369,0.015430095605552197,0.0018362457631155849,1.013890027999878
meanOT,3,250000,103,0.11628561466932297,0.02645188197493553,0.0017040222883224487,1.3589260578155518
meanOT,3,250000,104,0.10691206157207489,0.01513673271983862,0.004067939706146717,0.6708856821060181
meanOT,3,250000,105,0.06447068601846695,0.007712274789810181,0.0037824816536158323,0.49614447355270386
meanOT,3,250000,106,0.15246178209781647,0.03488603234291077,0.009964403696358204,0.6507436037063599
meanOT,3,250000,107,0.05918228626251221,0.008837893605232239,0.0018607145175337791,0.7656291723251343
meanOT,3,250000,108,0.11845915764570236,0.020890451967716217,0.00932766031473875,0.5234758853912354
meanOT,3,250000,109,0.14304473996162415,0.028393946588039398,0.009738467633724213,0.5943896174430847
meanOT,3,250000,110,0.1106807217001915,0.019222985953092575,0.006791008170694113,0.5839484930038452
meanOT,3,250000,111,0.06630159169435501,0.00751939183101058,0.0025721301790326834,0.6023210287094116
meanOT,3,250000,112,0.07693061232566833,0.010637938044965267,0.002810588339343667,0.6827182769775391
meanOT,3,250000,113,0.380359947681427,0.21757346391677856,0.0510660745203495,0.7098687887191772
meanOT,3,250000,114,0.13677313923835754,0.027325153350830078,0.004270507022738457,0.8910950422286987
meanOT,3,250000,115,0.42416614294052124,0.22346268594264984,0.05595991015434265,0.6855369210243225
meanOT,3,250000,116,0.07316561788320541,0.00856769923120737,0.0032376213930547237,0.5724372267723083
meanOT,3,250000,117,0.07477997243404388,0.007069179322570562,0.0024143485352396965,0.6017698049545288
meanOT,3,250000,118,0.513001024723053,0.29484760761260986,0.08061755448579788,0.6470470428466797
meanOT,3,250000,119,0.08259588479995728,0.011233014985918999,0.004551752936094999,0.5530561208724976
meanOT,3,250000,120,0.513299286365509,0.3311919569969177,0.09000732749700546,0.6465916037559509
meanOT,3,250000,121,0.08179569989442825,0.011473776772618294,0.003711290657520294,0.6120489835739136
meanOT,3,250000,122,0.5307921171188354,0.3363749384880066,0.09029844403266907,0.6505034565925598
meanOT,3,250000,123,0.047487225383520126,0.004499892704188824,0.0019391950918361545,0.5359295606613159
meanOT,3,250000,124,0.508020281791687,0.2965717911720276,0.060323577374219894,0.7578880190849304
meanOT,3,250000,125,0.4848807156085968,0.28196078538894653,0.07735070586204529,0.6476447582244873
meanOT,3,250000,126,0.08482886850833893,0.010257529094815254,0.0024006871972233057,0.7257177829742432
meanOT,3,250000,127,0.05998445674777031,0.009645771235227585,0.002190809464082122,0.734636127948761
meanOT,3,1000000,0,0.03967535123229027,0.002857799641788006,8.174260437954217e-05,1.9818904399871826
meanOT,3,1000000,1,0.01749974489212036,0.0010316148400306702,0.00022029280080460012,0.7459079027175903
meanOT,3,1000000,2,0.02260991558432579,0.0006788404425606132,9.818423859542236e-05,0.9235917329788208
meanOT,3,1000000,3,0.026833022013306618,0.001052858424372971,0.00020188858616165817,0.8033410310745239
meanOT,3,1000000,4,0.032168809324502945,0.0011445005657151341,0.0001739936415106058,0.8966712951660156
meanOT,3,1000000,5,0.03168352320790291,0.0021520815789699554,0.0002772615116555244,0.9130600690841675
meanOT,3,1000000,6,0.03259158134460449,0.0016893583815544844,0.00010756456322269514,1.3302422761917114
meanOT,3,1000000,7,0.02488838881254196,0.0007352661341428757,0.0001282369630644098,0.839570164680481
meanOT,3,1000000,8,0.01744583435356617,0.00047426350647583604,9.130959369940683e-05,0.794562578201294
meanOT,3,1000000,9,0.020317180082201958,0.000831355806440115,0.00020445502013899386,0.7064542174339294
meanOT,3,1000000,10,0.023401493206620216,0.0008545182645320892,0.00023266550851985812,0.6714215278625488
meanOT,3,1000000,11,0.02386992983520031,0.0023763941135257483,0.001325970864854753,0.4649706482887268
meanOT,3,1000000,12,0.024957740679383278,0.0015417415415868163,0.0004330269293859601,0.6605180501937866
meanOT,3,1000000,13,0.0227366853505373,0.0009245904511772096,0.00010760260920505971,1.0143306255340576
meanOT,3,1000000,14,0.02927536889910698,0.0020547311287373304,0.0003179925843141973,0.8946402072906494
meanOT,3,1000000,15,0.033825796097517014,0.001548372209072113,0.0006245843833312392,0.5534119009971619
meanOT,3,1000000,16,0.014450693503022194,0.0005630248342640698,8.050593169173226e-05,0.9308986067771912
meanOT,3,1000000,17,0.019220180809497833,0.0016184053383767605,0.000924048712477088,0.46236157417297363
meanOT,3,1000000,18,0.025467002764344215,0.0022312281653285027,0.0002874668571166694,0.9241113662719727
meanOT,3,1000000,19,0.03164400905370712,0.002503668423742056,8.873618935467675e-05,1.7982598543167114
meanOT,3,1000000,20,0.025869160890579224,0.0010096804471686482,0.00012577144661918283,0.9735779166221619
meanOT,3,1000000,21,0.0345558263361454,0.0018704079557210207,0.00013242596469353884,1.2859469652175903
meanOT,3,1000000,22,0.023178253322839737,0.000740951276384294,0.0001535290793981403,0.7737489938735962
meanOT,3,1000000,23,0.024335511028766632,0.0009540984756313264,0.00015626990352757275,0.8496227860450745
meanOT,3,1000000,24,0.028331073001027107,0.001214275136590004,0.00023445836268365383,0.8010940551757812
meanOT,3,1000000,25,0.01540293637663126,0.0004872635763604194,8.356785838259384e-05,0.8498343825340271
meanOT,3,1000000,26,0.018965672701597214,0.0018082719761878252,9.181252244161442e-05,1.478461742401123
meanOT,3,1000000,27,0.029132530093193054,0.0014781570062041283,0.00013551692245528102,1.1533102989196777
meanOT,3,1000000,28,0.021868208423256874,0.0005643551703542471,8.720475307200104e-05,0.8927927017211914
meanOT,3,1000000,29,0.022944888100028038,0.0030213664285838604,0.00029925245326012373,1.0305497646331787
meanOT,3,1000000,30,0.02531699649989605,0.0010119802318513393,0.00017306236259173602,0.847248911857605
meanOT,3,1000000,31,0.02605951391160488,0.001443069544620812,0.00014398146595340222,1.087209701538086
meanOT,3,1000000,32,0.025977760553359985,0.000862884393427521,0.0001748109352774918,0.783069372177124
meanOT,3,1000000,33,0.027215827256441116,0.000854852725751698,0.00016620969108771533,0.7945076823234558
meanOT,3,1000000,34,0.017615994438529015,0.0005185747286304832,6.81888559483923e-05,0.9687719345092773
meanOT,3,1000000,35,0.024554727599024773,0.0008516845409758389,0.00014289333194028586,0.847570538520813
meanOT,3,1000000,36,0.03473195061087608,0.0015518063446506858,0.0002771207073237747,0.8288091421127319
meanOT,3,1000000,37,0.019670061767101288,0.0006516088033095002,0.0002089128247462213,0.6201497316360474
meanOT,3,1000000,38,0.025686511769890785,0.0008958751568570733,0.00016976748884189874,0.8069489002227783
meanOT,3,1000000,39,0.023591317236423492,0.0008518053218722343,0.0001738748833304271,0.7779278755187988
meanOT,3,1000000,40,0.0256817564368248,0.0016408435767516494,0.0002652424736879766,0.820929765701294
meanOT,3,1000000,41,0.02282686159014702,0.0012577439192682505,0.0002764977398328483,0.7291929125785828
meanOT,3,1000000,42,0.021706439554691315,0.000976857729256153,0.00014009431470185518,0.9271587133407593
meanOT,3,1000000,43,0.018458401784300804,0.0006137143354862928,9.043968020705506e-05,0.9160195589065552
meanOT,3,1000000,44,0.03671642765402794,0.0017865218687802553,0.00032051908783614635,0.819725513458252
meanOT,3,1000000,45,0.02319920063018799,0.0006511650281026959,0.00011561544670257717,0.8360939621925354
meanOT,3,1000000,46,0.022302405908703804,0.0006753887282684445,0.00015108942170627415,0.7422621250152588
meanOT,3,1000000,47,0.023243581876158714,0.0006726979045197368,0.0001185176006401889,0.8327193260192871
meanOT,3,1000000,48,0.025374026969075203,0.0023166993632912636,0.00019969517597928643,1.1151431798934937
meanOT,3,1000000,49,0.03002949431538582,0.0014653161633759737,0.0001287894556298852,1.1137752532958984
meanOT,3,1000000,50,0.03968239948153496,0.003003713907673955,0.00014006586570758373,1.5341637134552002
meanOT,3,1000000,51,0.03039245679974556,0.0016184992855414748,0.000174738495843485,1.020620584487915
meanOT,3,1000000,52,0.02600209414958954,0.001980121247470379,0.00013316684635356069,1.2830123901367188
meanOT,3,1000000,53,0.02195960283279419,0.001056394074112177,0.0001832632697187364,0.8395233750343323
meanOT,3,1000000,54,0.034178707748651505,0.0015269091818481684,0.00024051453510764986,0.8875702619552612
meanOT,3,1000000,55,0.026749679818749428,0.001612180145457387,0.00017598083650227636,1.0505486726760864
meanOT,3,1000000,56,0.025438250973820686,0.0008334801532328129,0.00016486756794620305,0.7868049740791321
meanOT,3,1000000,57,0.024384474381804466,0.0007418463937938213,0.00013794256665278226,0.8083117008209229
meanOT,3,1000000,58,0.024881495162844658,0.0008943958673626184,0.0003521192993503064,0.5578000545501709
meanOT,3,1000000,59,0.011377855204045773,0.0019541254732757807,0.00012516741116996855,1.242447018623352
meanOT,3,1000000,60,0.020582426339387894,0.001040700008161366,0.0001453493459848687,0.9291233420372009
meanOT,3,1000000,61,0.020443180575966835,0.0009130739490501583,0.00025573268067091703,0.6572621464729309
meanOT,3,1000000,62,0.02985420823097229,0.00310649280436337,0.00016151998715940863,1.4817500114440918
meanOT,3,1000000,63,0.020237673074007034,0.0009354513022117317,0.0001616090739844367,0.8472265005111694
meanOT,3,1000000,64,0.017665661871433258,0.0007593047339469194,0.0001146366266766563,0.9037334322929382
meanOT,3,1000000,65,0.027551287785172462,0.0016768655041232705,0.0004060428182128817,0.6881481409072876
meanOT,3,1000000,66,0.023198170587420464,0.0009990507969632745,0.00020701828179880977,0.7599453926086426
meanOT,3,1000000,67,0.024418586865067482,0.0008866678108461201,0.00016449840040877461,0.8173514604568481
meanOT,3,1000000,68,0.022028330713510513,0.0006838067201897502,0.00013489587581716478,0.7900799512863159
meanOT,3,1000000,69,0.027527913451194763,0.002499745227396488,0.00016813223192002624,1.2402472496032715
meanOT,3,1000000,70,0.014455110765993595,0.0007229181355796754,0.00015867696492932737,0.7401484251022339
meanOT,3,1000000,71,0.01532223541289568,0.0008354332530871034,0.00020668302022386342,0.6955340504646301
meanOT,3,1000000,72,0.01837320253252983,0.0005140063585713506,9.899225551635027e-05,0.7944492101669312
meanOT,3,1000000,73,0.017041878774762154,0.0006177957402542233,0.00015465027536265552,0.6963531374931335
meanOT,3,1000000,74,0.018573230132460594,0.0008597530541010201,0.00016037136083468795,0.8109139204025269
meanOT,3,1000000,75,0.028552869334816933,0.001975265797227621,0.0004502716474235058,0.7261507511138916
meanOT,3,1000000,76,0.020303769037127495,0.0008332448778674006,0.00011201434972463176,0.9449787735939026
meanOT,3,1000000,77,0.0171649307012558,0.000774920335970819,0.00015527650248259306,0.7632825374603271
meanOT,3,1000000,78,0.02908945083618164,0.0018684908282011747,0.00028597385971806943,0.8988689184188843
meanOT,3,1000000,79,0.028090277686715126,0.0011950472835451365,0.00016268499894067645,0.9433245658874512
meanOT,3,1000000,80,0.026094278320670128,0.0009985078359022737,0.00029823544900864363,0.6281675100326538
meanOT,3,1000000,81,0.024605702608823776,0.0014241515891626477,0.00017665655468590558,0.9406501054763794
meanOT,3,1000000,82,0.03018222562968731,0.0018515854608267546,0.0001682315196376294,1.1049554347991943
meanOT,3,1000000,83,0.022942693904042244,0.0007336847484111786,0.00015553880075458437,0.7578213810920715
meanOT,3,1000000,84,0.018582120537757874,0.0011720182374119759,0.00011804953828686848,1.0932438373565674
meanOT,3,1000000,85,0.017480524256825447,0.002658636774867773,0.00021768455917481333,1.1697072982788086
meanOT,3,1000000,86,0.0240876916795969,0.000758846290409565,0.00012670653813984245,0.8572291135787964
meanOT,3,1000000,87,0.03581048175692558,0.001553869340568781,0.00025942837237380445,0.8602821826934814
meanOT,3,1000000,88,0.03375576436519623,0.0014693576376885176,0.00023596208484377712,0.8499143719673157
meanOT,3,1000000,89,0.027948234230279922,0.002011127071455121,0.00019754108507186174,1.0885157585144043
meanOT,3,1000000,90,0.02384968288242817,0.0007651324849575758,0.00013637923984788358,0.8169137835502625
meanOT,3,1000000,91,0.03040069341659546,0.0015120294410735369,0.00013862844207324088,1.153315544128418
meanOT,3,1000000,92,0.027009043842554092,0.0015750526217743754,0.0002672229311428964,0.8485480546951294
meanOT,3,1000000,93,0.025819681584835052,0.0012193520087748766,0.00023865254479460418,0.7881873846054077
meanOT,3,1000000,94,0.025500936433672905,0.0009829076007008553,0.0001843520294642076,0.8086620569229126
meanOT,3,1000000,95,0.02267192304134369,0.001695570070296526,0.00045208941446617246,0.6725782752037048
meanOT,3,1000000,96,0.03021032176911831,0.0014761420898139477,0.0003139483742415905,0.7586495876312256
meanOT,3,1000000,97,0.016592858359217644,0.00040522226481698453,6.538032903335989e-05,0.8720521926879883
meanOT,3,1000000,98,0.02185649611055851,0.001031686319038272,0.00016834537382237613,0.8493413925170898
meanOT,3,1000000,99,0.021537037566304207,0.0007703033043071628,0.00012557166337501258,0.8708527088165283
meanOT,3,1000000,100,0.028170166537165642,0.0018166254740208387,0.000258747604675591,0.9272454977035522
meanOT,3,1000000,101,0.029856344684958458,0.0013703643344342709,0.0002096618409268558,0.8865448236465454
meanOT,3,1000000,102,0.04270115867257118,0.005111372098326683,0.0002023337729042396,1.6604952812194824
meanOT,3,1000000,103,0.04125609248876572,0.003754314035177231,0.00010988295980496332,2.014451026916504
meanOT,3,1000000,104,0.016584035009145737,0.0016910110134631395,0.0001566955033922568,1.119990587234497
meanOT,3,1000000,105,0.02121518924832344,0.0009440920548513532,0.00043433188693597913,0.5106909275054932
meanOT,3,1000000,106,0.0284733846783638,0.002217615954577923,0.00025886911316774786,0.9338582754135132
meanOT,3,1000000,107,0.02981402911245823,0.002844718052074313,0.00012937620340380818,1.5200610160827637
meanOT,3,1000000,108,0.0170536320656538,0.0008910379256121814,0.00015849526971578598,0.8268601894378662
meanOT,3,1000000,109,0.01877972111105919,0.0008313112193718553,0.00015491037629544735,0.8120079636573792
meanOT,3,1000000,110,0.025828545913100243,0.0020295220892876387,0.00036112195812165737,0.8061342239379883
meanOT,3,1000000,111,0.033679913729429245,0.0030230595730245113,0.00020005526312161237,1.2429625988006592
meanOT,3,1000000,112,0.043059807270765305,0.006072386167943478,0.0002729017869569361,1.4639276266098022
meanOT,3,1000000,113,0.01965273544192314,0.0008783742669038475,0.00017815186583902687,0.7792013883590698
meanOT,3,1000000,114,0.043824002146720886,0.003570409957319498,0.0001668431650614366,1.5326159000396729
meanOT,3,1000000,115,0.018746815621852875,0.0005077022360637784,9.48235610849224e-05,0.8091194033622742
meanOT,3,1000000,116,0.01502339169383049,0.0009367697057314217,0.0003197937912773341,0.6024354100227356
meanOT,3,1000000,117,0.028253506869077682,0.0013352653477340937,0.00029613933293148875,0.7429269552230835
meanOT,3,1000000,118,0.02148044854402542,0.0006744653219357133,0.00010462321370141581,0.8953438997268677
meanOT,3,1000000,119,0.01914340630173683,0.0008382668602280319,0.00023012796009425074,0.6436359882354736
meanOT,3,1000000,120,0.02390478365123272,0.0007322190795093775,0.00014483995619229972,0.7868204116821289
meanOT,3,1000000,121,0.036960914731025696,0.0018658621702343225,0.00024695019237697124,0.9293601512908936
meanOT,3,1000000,122,0.022783922031521797,0.0005909995525144041,0.00011499300308059901,0.7933712005615234
meanOT,3,1000000,123,0.032359667122364044,0.0020888703875243664,0.0005586780607700348,0.6662787199020386
meanOT,3,1000000,124,0.03018663264811039,0.0010148994624614716,0.00018654356244951487,0.8047506809234619
meanOT,3,1000000,125,0.024609971791505814,0.0008005712879821658,0.0001788412919268012,0.7444828748703003
meanOT,3,1000000,126,0.02937624789774418,0.002542313653975725,0.00013217270316090435,1.481916904449463
meanOT,3,1000000,127,0.01682342402637005,0.0015964622143656015,0.00013449316611513495,1.09726083278656
